업무구분,TR_CODE,TR_ALL,인터페이스명,HDR_DATA,순번,항목명,항목영문명,DataType,길이,필수,정의,차세대변경
세션,SCHLIQ00000,SCHLIQ00000,로그온 요청,HEADER,1,전문유형,,String,8,M,KMAPv2.0,
세션,SCHLIQ00000,SCHLIQ00000,로그온 요청,HEADER,2,메시지길이,,Long,6,M,41,
세션,SCHLIQ00000,SCHLIQ00000,로그온 요청,HEADER,3,메시지 타입,,String,11,M,SCHLIQ00000,
세션,SCHLIQ00000,SCHLIQ00000,로그온 요청,HEADER,4,일련번호,,Long,11,M,,
세션,SCHLIQ00000,SCHLIQ00000,로그온 요청,HEADER,5,회원번호,,String,5,M,,
세션,SCHLIQ00000,SCHLIQ00000,로그온 요청,HEADER,6,연계시도착 회원사 번호,,String,10,O,,
세션,SCHLIQ00000,SCHLIQ00000,로그온 요청,HEADER,7,회신시송신 회원사 번호,,String,10,O,,
세션,SCHLIQ00000,SCHLIQ00000,로그온 요청,HEADER,8,전송일시,,String,17,M,20071221091022300,
세션,SCHLIQ00000,SCHLIQ00000,로그온 요청,HEADER,9,데이터 건수,,Long,3,O,0,
세션,SCHLIQ00000,SCHLIQ00000,로그온 요청,HEADER,10,암호화 유무,,String,1,M,N,
세션,SCHLIQ00000,SCHLIQ00000,로그온 요청,DATA,1,I/F프로세스정보,,String,10,M,,
세션,SCHLIQ00000,SCHLIQ00000,로그온 요청,DATA,2,I/F프로세스고유번호,,String,30,M,,
세션,SCHLIQ00000,SCHLIQ00000,로그온 요청,DATA,3,암호화 적용여부,,String,1,M,"Y,N",
세션,SCHLIR00000,SCHLIR00000,로그온 응답,HEADER,1,전문유형,,String,8,M,KMAPv2.0,
세션,SCHLIR00000,SCHLIR00000,로그온 응답,HEADER,2,메시지길이,,Long,6,M,5,
세션,SCHLIR00000,SCHLIR00000,로그온 응답,HEADER,3,메시지 타입,,String,11,M,SCHLIR00000,
세션,SCHLIR00000,SCHLIR00000,로그온 응답,HEADER,4,일련번호,,Long,11,M,,
세션,SCHLIR00000,SCHLIR00000,로그온 응답,HEADER,5,회원번호,,String,5,M,,
세션,SCHLIR00000,SCHLIR00000,로그온 응답,HEADER,6,연계시도착 회원사 번호,,String,10,O,,
세션,SCHLIR00000,SCHLIR00000,로그온 응답,HEADER,7,회신시송신 회원사 번호,,String,10,O,,
세션,SCHLIR00000,SCHLIR00000,로그온 응답,HEADER,8,전송일시,,String,17,M,20071221091022328,
세션,SCHLIR00000,SCHLIR00000,로그온 응답,HEADER,9,데이터 건수,,Long,3,O,0,
세션,SCHLIR00000,SCHLIR00000,로그온 응답,HEADER,10,암호화 유무,,String,1,M,N,
세션,SCHLIR00000,SCHLIR00000,로그온 응답,DATA,1,거부사유코드,,String,4,M,,
세션,SCHLIR00000,SCHLIR00000,로그온 응답,DATA,2,암호화 적용여부,,String,1,M,"Y,N",
세션,SCHOPQ00000,SCHOPQ00000,업무개시 요청,HEADER,1,전문유형,,String,8,M,KMAPv2.0,
세션,SCHOPQ00000,SCHOPQ00000,업무개시 요청,HEADER,2,메시지길이,,Long,6,M,26,
세션,SCHOPQ00000,SCHOPQ00000,업무개시 요청,HEADER,3,메시지 타입,,String,11,M,SCHOPQ00000,
세션,SCHOPQ00000,SCHOPQ00000,업무개시 요청,HEADER,4,일련번호,,Long,11,M,,
세션,SCHOPQ00000,SCHOPQ00000,업무개시 요청,HEADER,5,회원번호,,String,5,M,,
세션,SCHOPQ00000,SCHOPQ00000,업무개시 요청,HEADER,6,연계시도착 회원사 번호,,String,10,O,,
세션,SCHOPQ00000,SCHOPQ00000,업무개시 요청,HEADER,7,회신시송신 회원사 번호,,String,10,O,,
세션,SCHOPQ00000,SCHOPQ00000,업무개시 요청,HEADER,8,전송일시,,String,17,M,20071221091022328,
세션,SCHOPQ00000,SCHOPQ00000,업무개시 요청,HEADER,9,데이터 건수,,Long,3,O,0,
세션,SCHOPQ00000,SCHOPQ00000,업무개시 요청,HEADER,10,암호화 유무,,String,1,M,N,
세션,SCHOPQ00000,SCHOPQ00000,업무개시 요청,DATA,1,거부사유코드,,String,4,M,,
세션,SCHOPQ00000,SCHOPQ00000,업무개시 요청,DATA,2,TR-Code,,String,11,M,,
세션,SCHOPQ00000,SCHOPQ00000,업무개시 요청,DATA,3,일련번호,,Long,11,M,,
세션,SCHOPR00000,SCHOPR00000,업무개시 응답,HEADER,1,전문유형,,String,8,M,KMAPv2.0,
세션,SCHOPR00000,SCHOPR00000,업무개시 응답,HEADER,2,메시지길이,,Long,6,M,26,
세션,SCHOPR00000,SCHOPR00000,업무개시 응답,HEADER,3,메시지 타입,,String,11,M,SCHOPR00000,
세션,SCHOPR00000,SCHOPR00000,업무개시 응답,HEADER,4,일련번호,,Long,11,M,,
세션,SCHOPR00000,SCHOPR00000,업무개시 응답,HEADER,5,회원번호,,String,5,M,,
세션,SCHOPR00000,SCHOPR00000,업무개시 응답,HEADER,6,연계시도착 회원사 번호,,String,10,O,,
세션,SCHOPR00000,SCHOPR00000,업무개시 응답,HEADER,7,회신시송신 회원사 번호,,String,10,O,,
세션,SCHOPR00000,SCHOPR00000,업무개시 응답,HEADER,8,전송일시,,String,17,M,20071221091022328,
세션,SCHOPR00000,SCHOPR00000,업무개시 응답,HEADER,9,데이터 건수,,Long,3,O,0,
세션,SCHOPR00000,SCHOPR00000,업무개시 응답,HEADER,10,암호화 유무,,String,1,M,N,
세션,SCHOPR00000,SCHOPR00000,업무개시 응답,DATA,1,거부사유코드,,String,4,M,,
세션,SCHOPR00000,SCHOPR00000,업무개시 응답,DATA,2,TR-Code,,String,11,M,,
세션,SCHOPR00000,SCHOPR00000,업무개시 응답,DATA,3,일련번호,,Long,11,M,,
세션,SCHOPQ10000,SCHOPQ10000,"업무개시 요청(체결,장운영,DropCopy 전용)",HEADER,1,전문유형,,String,8,M,KMAPv2.0,
세션,SCHOPQ10000,SCHOPQ10000,"업무개시 요청(체결,장운영,DropCopy 전용)",HEADER,2,메시지길이,,Long,6,M,116,
세션,SCHOPQ10000,SCHOPQ10000,"업무개시 요청(체결,장운영,DropCopy 전용)",HEADER,3,메시지 타입,,String,11,M,SCHOPQ10000,
세션,SCHOPQ10000,SCHOPQ10000,"업무개시 요청(체결,장운영,DropCopy 전용)",HEADER,4,일련번호,,Long,11,M,,
세션,SCHOPQ10000,SCHOPQ10000,"업무개시 요청(체결,장운영,DropCopy 전용)",HEADER,5,회원번호,,String,5,M,,
세션,SCHOPQ10000,SCHOPQ10000,"업무개시 요청(체결,장운영,DropCopy 전용)",HEADER,6,연계시도착 회원사 번호,,String,10,O,,
세션,SCHOPQ10000,SCHOPQ10000,"업무개시 요청(체결,장운영,DropCopy 전용)",HEADER,7,회신시송신 회원사 번호,,String,10,O,,
세션,SCHOPQ10000,SCHOPQ10000,"업무개시 요청(체결,장운영,DropCopy 전용)",HEADER,8,전송일시,,String,17,M,20071221091022328,
세션,SCHOPQ10000,SCHOPQ10000,"업무개시 요청(체결,장운영,DropCopy 전용)",HEADER,9,데이터 건수,,Long,3,O,0,
세션,SCHOPQ10000,SCHOPQ10000,"업무개시 요청(체결,장운영,DropCopy 전용)",HEADER,10,암호화 유무,,String,1,M,N,
세션,SCHOPQ10000,SCHOPQ10000,"업무개시 요청(체결,장운영,DropCopy 전용)",DATA,1,거부사유코드,,String,4,M,,
세션,SCHOPQ10000,SCHOPQ10000,"업무개시 요청(체결,장운영,DropCopy 전용)",DATA,2,ME그룹수,,Long,2,M,,
세션,SCHOPQ10000,SCHOPQ10000,"업무개시 요청(체결,장운영,DropCopy 전용)",DATA,3,ME그룹#01 일련번호,,Long,11,M,,
세션,SCHOPQ10000,SCHOPQ10000,"업무개시 요청(체결,장운영,DropCopy 전용)",DATA,4,ME그룹#02 일련번호,,Long,11,M,,
세션,SCHOPQ10000,SCHOPQ10000,"업무개시 요청(체결,장운영,DropCopy 전용)",DATA,5,ME그룹#03 일련번호,,Long,11,M,,
세션,SCHOPQ10000,SCHOPQ10000,"업무개시 요청(체결,장운영,DropCopy 전용)",DATA,6,ME그룹#04 일련번호,,Long,11,M,,
세션,SCHOPQ10000,SCHOPQ10000,"업무개시 요청(체결,장운영,DropCopy 전용)",DATA,7,ME그룹#05 일련번호,,Long,11,M,,
세션,SCHOPQ10000,SCHOPQ10000,"업무개시 요청(체결,장운영,DropCopy 전용)",DATA,8,ME그룹#06 일련번호,,Long,11,M,,
세션,SCHOPQ10000,SCHOPQ10000,"업무개시 요청(체결,장운영,DropCopy 전용)",DATA,9,ME그룹#07 일련번호,,Long,11,M,,
세션,SCHOPQ10000,SCHOPQ10000,"업무개시 요청(체결,장운영,DropCopy 전용)",DATA,10,ME그룹#08 일련번호,,Long,11,M,,
세션,SCHOPQ10000,SCHOPQ10000,"업무개시 요청(체결,장운영,DropCopy 전용)",DATA,11,ME그룹#09 일련번호,,Long,11,M,,
세션,SCHOPQ10000,SCHOPQ10000,"업무개시 요청(체결,장운영,DropCopy 전용)",DATA,12,ME그룹#10 일련번호,,Long,11,M,,
세션,SCHOPR10000,SCHOPR10000,"업무개시 응답(체결,장운영,DropCopy 전용)",HEADER,1,전문유형,,String,8,M,KMAPv2.0,
세션,SCHOPR10000,SCHOPR10000,"업무개시 응답(체결,장운영,DropCopy 전용)",HEADER,2,메시지길이,,Long,6,M,116,
세션,SCHOPR10000,SCHOPR10000,"업무개시 응답(체결,장운영,DropCopy 전용)",HEADER,3,메시지 타입,,String,11,M,SCHOPR10000,
세션,SCHOPR10000,SCHOPR10000,"업무개시 응답(체결,장운영,DropCopy 전용)",HEADER,4,일련번호,,Long,11,M,,
세션,SCHOPR10000,SCHOPR10000,"업무개시 응답(체결,장운영,DropCopy 전용)",HEADER,5,회원번호,,String,5,M,,
세션,SCHOPR10000,SCHOPR10000,"업무개시 응답(체결,장운영,DropCopy 전용)",HEADER,6,연계시도착 회원사 번호,,String,10,O,,
세션,SCHOPR10000,SCHOPR10000,"업무개시 응답(체결,장운영,DropCopy 전용)",HEADER,7,회신시송신 회원사 번호,,String,10,O,,
세션,SCHOPR10000,SCHOPR10000,"업무개시 응답(체결,장운영,DropCopy 전용)",HEADER,8,전송일시,,String,17,M,20071221091022328,
세션,SCHOPR10000,SCHOPR10000,"업무개시 응답(체결,장운영,DropCopy 전용)",HEADER,9,데이터 건수,,Long,3,O,0,
세션,SCHOPR10000,SCHOPR10000,"업무개시 응답(체결,장운영,DropCopy 전용)",HEADER,10,암호화 유무,,String,1,M,N,
세션,SCHOPR10000,SCHOPR10000,"업무개시 응답(체결,장운영,DropCopy 전용)",DATA,1,거부사유코드,,String,4,M,,
세션,SCHOPR10000,SCHOPR10000,"업무개시 응답(체결,장운영,DropCopy 전용)",DATA,2,ME그룹수,,Long,2,M,,
세션,SCHOPR10000,SCHOPR10000,"업무개시 응답(체결,장운영,DropCopy 전용)",DATA,3,ME그룹#01 일련번호,,Long,11,M,,
세션,SCHOPR10000,SCHOPR10000,"업무개시 응답(체결,장운영,DropCopy 전용)",DATA,4,ME그룹#02 일련번호,,Long,11,M,,
세션,SCHOPR10000,SCHOPR10000,"업무개시 응답(체결,장운영,DropCopy 전용)",DATA,5,ME그룹#03 일련번호,,Long,11,M,,
세션,SCHOPR10000,SCHOPR10000,"업무개시 응답(체결,장운영,DropCopy 전용)",DATA,6,ME그룹#04 일련번호,,Long,11,M,,
세션,SCHOPR10000,SCHOPR10000,"업무개시 응답(체결,장운영,DropCopy 전용)",DATA,7,ME그룹#05 일련번호,,Long,11,M,,
세션,SCHOPR10000,SCHOPR10000,"업무개시 응답(체결,장운영,DropCopy 전용)",DATA,8,ME그룹#06 일련번호,,Long,11,M,,
세션,SCHOPR10000,SCHOPR10000,"업무개시 응답(체결,장운영,DropCopy 전용)",DATA,9,ME그룹#07 일련번호,,Long,11,M,,
세션,SCHOPR10000,SCHOPR10000,"업무개시 응답(체결,장운영,DropCopy 전용)",DATA,10,ME그룹#08 일련번호,,Long,11,M,,
세션,SCHOPR10000,SCHOPR10000,"업무개시 응답(체결,장운영,DropCopy 전용)",DATA,11,ME그룹#09 일련번호,,Long,11,M,,
세션,SCHOPR10000,SCHOPR10000,"업무개시 응답(체결,장운영,DropCopy 전용)",DATA,12,ME그룹#10 일련번호,,Long,11,M,,
세션,SCHHEQ00000,SCHHEQ00000,회선시험 요청,HEADER,1,전문유형,,String,8,M,KMAPv2.0,
세션,SCHHEQ00000,SCHHEQ00000,회선시험 요청,HEADER,2,메시지길이,,Long,6,M,4,
세션,SCHHEQ00000,SCHHEQ00000,회선시험 요청,HEADER,3,메시지 타입,,String,11,M,SCHHEQ00000,
세션,SCHHEQ00000,SCHHEQ00000,회선시험 요청,HEADER,4,일련번호,,Long,11,M,,
세션,SCHHEQ00000,SCHHEQ00000,회선시험 요청,HEADER,5,회원번호,,String,5,M,,
세션,SCHHEQ00000,SCHHEQ00000,회선시험 요청,HEADER,6,연계시도착 회원사 번호,,String,10,O,,
세션,SCHHEQ00000,SCHHEQ00000,회선시험 요청,HEADER,7,회신시송신 회원사 번호,,String,10,O,,
세션,SCHHEQ00000,SCHHEQ00000,회선시험 요청,HEADER,8,전송일시,,String,17,M,20071221091022328,
세션,SCHHEQ00000,SCHHEQ00000,회선시험 요청,HEADER,9,데이터 건수,,Long,3,O,0,
세션,SCHHEQ00000,SCHHEQ00000,회선시험 요청,HEADER,10,암호화 유무,,String,1,M,N,
세션,SCHHEQ00000,SCHHEQ00000,회선시험 요청,DATA,1,거부사유코드,,String,4,M,,
세션,SCHHER00000,SCHHER00000,회선시험 응답,HEADER,1,전문유형,,String,8,M,KMAPv2.0,
세션,SCHHER00000,SCHHER00000,회선시험 응답,HEADER,2,메시지길이,,Long,6,M,4,
세션,SCHHER00000,SCHHER00000,회선시험 응답,HEADER,3,메시지 타입,,String,11,M,SCHHER00000,
세션,SCHHER00000,SCHHER00000,회선시험 응답,HEADER,4,일련번호,,Long,11,M,,
세션,SCHHER00000,SCHHER00000,회선시험 응답,HEADER,5,회원번호,,String,5,M,,
세션,SCHHER00000,SCHHER00000,회선시험 응답,HEADER,6,연계시도착 회원사 번호,,String,10,O,,
세션,SCHHER00000,SCHHER00000,회선시험 응답,HEADER,7,회신시송신 회원사 번호,,String,10,O,,
세션,SCHHER00000,SCHHER00000,회선시험 응답,HEADER,8,전송일시,,String,17,M,20071221091022328,
세션,SCHHER00000,SCHHER00000,회선시험 응답,HEADER,9,데이터 건수,,Long,3,O,0,
세션,SCHHER00000,SCHHER00000,회선시험 응답,HEADER,10,암호화 유무,,String,1,M,N,
세션,SCHHER00000,SCHHER00000,회선시험 응답,DATA,1,거부사유코드,,String,4,M,,
세션,SCHLOQ00000,SCHLOQ00000,로그아웃 요청,HEADER,1,전문유형,,String,8,M,KMAPv2.0,
세션,SCHLOQ00000,SCHLOQ00000,로그아웃 요청,HEADER,2,메시지길이,,Long,6,M,,
세션,SCHLOQ00000,SCHLOQ00000,로그아웃 요청,HEADER,3,메시지 타입,,String,11,M,SCHLOQ00000,
세션,SCHLOQ00000,SCHLOQ00000,로그아웃 요청,HEADER,4,일련번호,,Long,11,M,,
세션,SCHLOQ00000,SCHLOQ00000,로그아웃 요청,HEADER,5,회원번호,,String,5,M,,
세션,SCHLOQ00000,SCHLOQ00000,로그아웃 요청,HEADER,6,연계시도착 회원사 번호,,String,10,O,,
세션,SCHLOQ00000,SCHLOQ00000,로그아웃 요청,HEADER,7,회신시송신 회원사 번호,,String,10,O,,
세션,SCHLOQ00000,SCHLOQ00000,로그아웃 요청,HEADER,8,전송일시,,String,17,M,20071221091022328,
세션,SCHLOQ00000,SCHLOQ00000,로그아웃 요청,HEADER,9,데이터 건수,,Long,3,O,0,
세션,SCHLOQ00000,SCHLOQ00000,로그아웃 요청,HEADER,10,암호화 유무,,String,1,M,N,
세션,SCHLOR00000,SCHLOR00000,로그아웃 응답,HEADER,1,전문유형,,String,8,M,KMAPv2.0,
세션,SCHLOR00000,SCHLOR00000,로그아웃 응답,HEADER,2,메시지길이,,Long,6,M,4,
세션,SCHLOR00000,SCHLOR00000,로그아웃 응답,HEADER,3,메시지 타입,,String,11,M,SCHLOR00000,
세션,SCHLOR00000,SCHLOR00000,로그아웃 응답,HEADER,4,일련번호,,Long,11,M,,
세션,SCHLOR00000,SCHLOR00000,로그아웃 응답,HEADER,5,회원번호,,String,5,M,,
세션,SCHLOR00000,SCHLOR00000,로그아웃 응답,HEADER,6,연계시도착 회원사 번호,,String,10,O,,
세션,SCHLOR00000,SCHLOR00000,로그아웃 응답,HEADER,7,회신시송신 회원사 번호,,String,10,O,,
세션,SCHLOR00000,SCHLOR00000,로그아웃 응답,HEADER,8,전송일시,,String,17,M,20071221091022328,
세션,SCHLOR00000,SCHLOR00000,로그아웃 응답,HEADER,9,데이터 건수,,Long,3,O,0,
세션,SCHLOR00000,SCHLOR00000,로그아웃 응답,HEADER,10,암호화 유무,,String,1,M,N,
세션,SCHLOR00000,SCHLOR00000,로그아웃 응답,DATA,1,거부사유코드,,String,4,M,,
트랜잭션(예시),TCHODR00000,TCHODR00000,주문요청,HEADER,1,전문유형,,String,8,M,KMAPv2.0,
트랜잭션(예시),TCHODR00000,TCHODR00000,주문요청,HEADER,2,메시지길이,,Long,6,M,,
트랜잭션(예시),TCHODR00000,TCHODR00000,주문요청,HEADER,3,메시지 타입,,String,11,M,TCHODR00000,
트랜잭션(예시),TCHODR00000,TCHODR00000,주문요청,HEADER,4,일련번호,,Long,11,M,1,
트랜잭션(예시),TCHODR00000,TCHODR00000,주문요청,HEADER,5,회원번호,,String,5,M,,
트랜잭션(예시),TCHODR00000,TCHODR00000,주문요청,HEADER,6,연계시도착 회원사 번호,,String,10,O,,
트랜잭션(예시),TCHODR00000,TCHODR00000,주문요청,HEADER,7,회신시송신 회원사 번호,,String,10,O,,
트랜잭션(예시),TCHODR00000,TCHODR00000,주문요청,HEADER,8,전송일시,,String,17,M,20071221091022328,
트랜잭션(예시),TCHODR00000,TCHODR00000,주문요청,HEADER,9,데이터 건수,,Long,3,M,,
트랜잭션(예시),TCHODR00000,TCHODR00000,주문요청,HEADER,10,암호화 유무,,String,1,M,"Y,N",
트랜잭션(예시),TCHODR00000,TCHODR00000,주문요청,DATA,1,트랜잭션코드(TR CODE)별 메시지(업무별로 별도 정의),,,,,,
트랜잭션(예시),TCHODR00000,TCHODR00000,주문응답,HEADER,1,전문유형,,String,8,M,KMAPv2.0,
트랜잭션(예시),TCHODR00000,TCHODR00000,주문응답,HEADER,2,메시지길이,,Long,6,M,,
트랜잭션(예시),TCHODR00000,TCHODR00000,주문응답,HEADER,3,메시지 타입,,String,11,M,TCHODR00000,
트랜잭션(예시),TCHODR00000,TCHODR00000,주문응답,HEADER,4,일련번호,,Long,11,M,,
트랜잭션(예시),TCHODR00000,TCHODR00000,주문응답,HEADER,5,회원번호,,String,5,M,,
트랜잭션(예시),TCHODR00000,TCHODR00000,주문응답,HEADER,6,연계시도착 회원사 번호,,String,10,O,,
트랜잭션(예시),TCHODR00000,TCHODR00000,주문응답,HEADER,7,회신시송신 회원사 번호,,String,10,O,,
트랜잭션(예시),TCHODR00000,TCHODR00000,주문응답,HEADER,8,전송일시,,String,17,M,20071221091022328,
트랜잭션(예시),TCHODR00000,TCHODR00000,주문응답,HEADER,9,데이터 건수,,Long,3,M,,
트랜잭션(예시),TCHODR00000,TCHODR00000,주문응답,HEADER,10,암호화 유무,,String,1,M,"Y,N",
트랜잭션(예시),TCHODR00000,TCHODR00000,주문응답,DATA,1,거부사유코드,,String,4,M,,
트랜잭션(예시),TCHODR00000,TCHODR00000,주문응답,DATA,2,일련번호,,Long,11,M,,
트랜잭션(예시),TCHTDP00000,TCHTDP00000,체결,HEADER,1,전문유형,,String,8,M,KMAPv2.0,
트랜잭션(예시),TCHTDP00000,TCHTDP00000,체결,HEADER,2,메시지길이,,Long,6,M,,
트랜잭션(예시),TCHTDP00000,TCHTDP00000,체결,HEADER,3,메시지 타입,,String,11,M,TCHTDP00000,
트랜잭션(예시),TCHTDP00000,TCHTDP00000,체결,HEADER,4,일련번호,,Long,11,M,,
트랜잭션(예시),TCHTDP00000,TCHTDP00000,체결,HEADER,5,회원번호,,String,5,M,,
트랜잭션(예시),TCHTDP00000,TCHTDP00000,체결,HEADER,6,연계시도착 회원사 번호,,String,10,O,,
트랜잭션(예시),TCHTDP00000,TCHTDP00000,체결,HEADER,7,회신시송신 회원사 번호,,String,10,O,,
트랜잭션(예시),TCHTDP00000,TCHTDP00000,체결,HEADER,8,전송일시,,String,17,M,20071221091022328,
트랜잭션(예시),TCHTDP00000,TCHTDP00000,체결,HEADER,9,데이터 건수,,Long,3,M,,
트랜잭션(예시),TCHTDP00000,TCHTDP00000,체결,HEADER,10,암호화 유무,,String,1,M,"Y,N",
트랜잭션(예시),TCHTDP00000,TCHTDP00000,체결,DATA,1,트랜잭션코드(TR CODE)별 메시지(업무별로 별도 정의),,,,,,
트랜잭션(예시),TCHMIP00000,TCHMIP00000,장운영,HEADER,1,전문유형,,String,8,M,KMAPv2.0,
트랜잭션(예시),TCHMIP00000,TCHMIP00000,장운영,HEADER,2,메시지길이,,Long,6,M,,
트랜잭션(예시),TCHMIP00000,TCHMIP00000,장운영,HEADER,3,메시지 타입,,String,11,M,TCHMIP00000,
트랜잭션(예시),TCHMIP00000,TCHMIP00000,장운영,HEADER,4,일련번호,,Long,11,M,,
트랜잭션(예시),TCHMIP00000,TCHMIP00000,장운영,HEADER,5,회원번호,,String,5,M,,
트랜잭션(예시),TCHMIP00000,TCHMIP00000,장운영,HEADER,6,연계시도착 회원사 번호,,String,10,O,,
트랜잭션(예시),TCHMIP00000,TCHMIP00000,장운영,HEADER,7,회신시송신 회원사 번호,,String,10,O,,
트랜잭션(예시),TCHMIP00000,TCHMIP00000,장운영,HEADER,8,전송일시,,String,17,M,20071221091022328,
트랜잭션(예시),TCHMIP00000,TCHMIP00000,장운영,HEADER,9,데이터 건수,,Long,3,M,,
트랜잭션(예시),TCHMIP00000,TCHMIP00000,장운영,HEADER,10,암호화 유무,,String,1,M,"Y,N",
트랜잭션(예시),TCHMIP00000,TCHMIP00000,장운영,DATA,1,트랜잭션코드(TR CODE)별 메시지(업무별로 별도 정의),,,,,,
트랜잭션(예시),TCHDRP00000,TCHDRP00000,채권 Drop-Copy,HEADER,1,전문유형,,String,8,M,KMAPv2.0,
트랜잭션(예시),TCHDRP00000,TCHDRP00000,채권 Drop-Copy,HEADER,2,메시지길이,,Long,6,M,,
트랜잭션(예시),TCHDRP00000,TCHDRP00000,채권 Drop-Copy,HEADER,3,메시지 타입,,String,11,M,TCHDRP00000,
트랜잭션(예시),TCHDRP00000,TCHDRP00000,채권 Drop-Copy,HEADER,4,일련번호,,Long,11,M,,
트랜잭션(예시),TCHDRP00000,TCHDRP00000,채권 Drop-Copy,HEADER,5,회원번호,,String,5,M,,
트랜잭션(예시),TCHDRP00000,TCHDRP00000,채권 Drop-Copy,HEADER,6,연계시도착 회원사 번호,,String,10,O,,
트랜잭션(예시),TCHDRP00000,TCHDRP00000,채권 Drop-Copy,HEADER,7,회신시송신 회원사 번호,,String,10,O,,
트랜잭션(예시),TCHDRP00000,TCHDRP00000,채권 Drop-Copy,HEADER,8,전송일시,,String,17,M,20071221091022328,
트랜잭션(예시),TCHDRP00000,TCHDRP00000,채권 Drop-Copy,HEADER,9,데이터 건수,,Long,3,M,,
트랜잭션(예시),TCHDRP00000,TCHDRP00000,채권 Drop-Copy,HEADER,10,암호화 유무,,String,1,M,"Y,N",
트랜잭션(예시),TCHDRP00000,TCHDRP00000,채권 Drop-Copy,DATA,1,트랜잭션코드(TR CODE)별 메시지(업무별로 별도 정의),,,,,,
트랜잭션(예시),해당업무 TR,해당업무 TR,신고,HEADER,1,전문유형,,String,8,M,KMAPv2.0,
트랜잭션(예시),해당업무 TR,해당업무 TR,신고,HEADER,2,메시지길이,,Long,6,M,,
트랜잭션(예시),해당업무 TR,해당업무 TR,신고,HEADER,3,메시지 타입,,String,11,M,,
트랜잭션(예시),해당업무 TR,해당업무 TR,신고,HEADER,4,일련번호,,Long,11,M,,
트랜잭션(예시),해당업무 TR,해당업무 TR,신고,HEADER,5,회원번호,,String,5,M,,
트랜잭션(예시),해당업무 TR,해당업무 TR,신고,HEADER,6,연계시도착 회원사 번호,,String,10,O,,
트랜잭션(예시),해당업무 TR,해당업무 TR,신고,HEADER,7,회신시송신 회원사 번호,,String,10,O,,
트랜잭션(예시),해당업무 TR,해당업무 TR,신고,HEADER,8,전송일시,,String,17,M,20071221091022328,
트랜잭션(예시),해당업무 TR,해당업무 TR,신고,HEADER,9,데이터 건수,,Long,3,M,,
트랜잭션(예시),해당업무 TR,해당업무 TR,신고,HEADER,10,암호화 유무,,String,1,M,"Y,N",
트랜잭션(예시),해당업무 TR,해당업무 TR,신고,DATA,1,트랜잭션코드(TR CODE)별 메시지(업무별로 별도 정의),,,,,,
트랜잭션(예시),해당업무 TR,해당업무 TR,신고응답,HEADER,1,전문유형,,String,8,M,KMAPv2.0,
트랜잭션(예시),해당업무 TR,해당업무 TR,신고응답,HEADER,2,메시지길이,,Long,6,M,,
트랜잭션(예시),해당업무 TR,해당업무 TR,신고응답,HEADER,3,메시지 타입,,String,11,M,,
트랜잭션(예시),해당업무 TR,해당업무 TR,신고응답,HEADER,4,일련번호,,Long,11,M,,
트랜잭션(예시),해당업무 TR,해당업무 TR,신고응답,HEADER,5,회원번호,,String,5,M,,
트랜잭션(예시),해당업무 TR,해당업무 TR,신고응답,HEADER,6,연계시도착 회원사 번호,,String,10,O,,
트랜잭션(예시),해당업무 TR,해당업무 TR,신고응답,HEADER,7,회신시송신 회원사 번호,,String,10,O,,
트랜잭션(예시),해당업무 TR,해당업무 TR,신고응답,HEADER,8,전송일시,,String,17,M,20071221091022328,
트랜잭션(예시),해당업무 TR,해당업무 TR,신고응답,HEADER,9,데이터 건수,,Long,3,M,,
트랜잭션(예시),해당업무 TR,해당업무 TR,신고응답,HEADER,10,암호화 유무,,String,1,M,"Y,N",
트랜잭션(예시),해당업무 TR,해당업무 TR,신고응답,DATA,1,거부사유코드,,String,4,M,,
트랜잭션(예시),해당업무 TR,해당업무 TR,신고응답,DATA,2,트랜잭션코드(TR CODE)별 메시지(업무별로 별도 정의),,,,,,
트랜잭션(예시),TCHQEY00000,TCHQEY00000,조회요청,HEADER,1,전문유형,,String,8,M,KMAPv2.0,
트랜잭션(예시),TCHQEY00000,TCHQEY00000,조회요청,HEADER,2,메시지길이,,Long,6,M,,
트랜잭션(예시),TCHQEY00000,TCHQEY00000,조회요청,HEADER,3,메시지 타입,,String,11,M,TCHQEY00000,
트랜잭션(예시),TCHQEY00000,TCHQEY00000,조회요청,HEADER,4,일련번호,,Long,11,M,,
트랜잭션(예시),TCHQEY00000,TCHQEY00000,조회요청,HEADER,5,회원번호,,String,5,M,,
트랜잭션(예시),TCHQEY00000,TCHQEY00000,조회요청,HEADER,6,연계시도착 회원사 번호,,String,10,O,,
트랜잭션(예시),TCHQEY00000,TCHQEY00000,조회요청,HEADER,7,회신시송신 회원사 번호,,String,10,O,,
트랜잭션(예시),TCHQEY00000,TCHQEY00000,조회요청,HEADER,8,전송일시,,String,17,M,20071221091022328,
트랜잭션(예시),TCHQEY00000,TCHQEY00000,조회요청,HEADER,9,데이터 건수,,Long,3,M,,
트랜잭션(예시),TCHQEY00000,TCHQEY00000,조회요청,HEADER,10,암호화 유무,,String,1,M,"Y,N",
트랜잭션(예시),TCHQEY00000,TCHQEY00000,조회요청,DATA,1,트랜잭션코드,,String,11,M,#파생 /    일반비상주문호가재송신 (TTSSDP20004) /    일반비상주문체결재송신 (TTSSDP20005) /    협의비상주문호가재송신 (TTSSDP20006) /    협의비상주문체결재송신 (TTSSDP20007),
트랜잭션(예시),TCHQEY00000,TCHQEY00000,조회요청응답,HEADER,1,전문유형,,String,8,M,KMAPv2.0,
트랜잭션(예시),TCHQEY00000,TCHQEY00000,조회요청응답,HEADER,2,메시지길이,,Long,6,M,,
트랜잭션(예시),TCHQEY00000,TCHQEY00000,조회요청응답,HEADER,3,메시지 타입,,String,11,M,TCHQEY00000,
트랜잭션(예시),TCHQEY00000,TCHQEY00000,조회요청응답,HEADER,4,일련번호,,Long,11,M,,
트랜잭션(예시),TCHQEY00000,TCHQEY00000,조회요청응답,HEADER,5,회원번호,,String,5,M,,
트랜잭션(예시),TCHQEY00000,TCHQEY00000,조회요청응답,HEADER,6,연계시도착 회원사 번호,,String,10,O,,
트랜잭션(예시),TCHQEY00000,TCHQEY00000,조회요청응답,HEADER,7,회신시송신 회원사 번호,,String,10,O,,
트랜잭션(예시),TCHQEY00000,TCHQEY00000,조회요청응답,HEADER,8,전송일시,,String,17,M,20071221091022328,
트랜잭션(예시),TCHQEY00000,TCHQEY00000,조회요청응답,HEADER,9,데이터 건수,,Long,3,M,1,
트랜잭션(예시),TCHQEY00000,TCHQEY00000,조회요청응답,HEADER,10,암호화 유무,,String,1,M,"Y,N",
트랜잭션(예시),TCHQEY00000,TCHQEY00000,조회요청응답,DATA,1,거부사유코드,,String,4,M,,
트랜잭션(예시),TCHQEY00000,TCHQEY00000,조회요청응답,DATA,2,트랜잭션코드,,String,11,M,#파생 /    일반비상주문호가재송신 (TTSSDP20004) /    일반비상주문체결재송신 (TTSSDP20005) /    협의비상주문호가재송신 (TTSSDP20006) /    협의비상주문체결재송신 (TTSSDP20007),
트랜잭션(예시),해당업무 TR,해당업무 TR,조회데이터 송신,HEADER,1,전문유형,,String,8,M,KMAPv2.0,
트랜잭션(예시),해당업무 TR,해당업무 TR,조회데이터 송신,HEADER,2,메시지길이,,Long,6,M,,
트랜잭션(예시),해당업무 TR,해당업무 TR,조회데이터 송신,HEADER,3,메시지 타입,,String,11,M,해당TR,
트랜잭션(예시),해당업무 TR,해당업무 TR,조회데이터 송신,HEADER,4,일련번호,,Long,11,M,,
트랜잭션(예시),해당업무 TR,해당업무 TR,조회데이터 송신,HEADER,5,회원번호,,String,5,M,,
트랜잭션(예시),해당업무 TR,해당업무 TR,조회데이터 송신,HEADER,6,연계시도착 회원사 번호,,String,10,O,,
트랜잭션(예시),해당업무 TR,해당업무 TR,조회데이터 송신,HEADER,7,회신시송신 회원사 번호,,String,10,O,,
트랜잭션(예시),해당업무 TR,해당업무 TR,조회데이터 송신,HEADER,8,전송일시,,String,17,M,20071221091022328,
트랜잭션(예시),해당업무 TR,해당업무 TR,조회데이터 송신,HEADER,9,데이터 건수,,Long,3,M,,
트랜잭션(예시),해당업무 TR,해당업무 TR,조회데이터 송신,HEADER,10,암호화 유무,,String,1,M,"Y,N",
트랜잭션(예시),해당업무 TR,해당업무 TR,조회데이터 송신,DATA,1,트랜잭션코드(TR CODE)별 메시지(업무별로 별도 정의),,,,,,
트랜잭션(예시),해당업무 TR,해당업무 TR,조회데이터 응답,HEADER,1,전문유형,,String,8,M,KMAPv2.0,
트랜잭션(예시),해당업무 TR,해당업무 TR,조회데이터 응답,HEADER,2,메시지길이,,Long,6,M,,
트랜잭션(예시),해당업무 TR,해당업무 TR,조회데이터 응답,HEADER,3,메시지 타입,,String,11,M,해당TR,
트랜잭션(예시),해당업무 TR,해당업무 TR,조회데이터 응답,HEADER,4,일련번호,,Long,11,M,,
트랜잭션(예시),해당업무 TR,해당업무 TR,조회데이터 응답,HEADER,5,회원번호,,String,5,M,,
트랜잭션(예시),해당업무 TR,해당업무 TR,조회데이터 응답,HEADER,6,연계시도착 회원사 번호,,String,10,O,,
트랜잭션(예시),해당업무 TR,해당업무 TR,조회데이터 응답,HEADER,7,회신시송신 회원사 번호,,String,10,O,,
트랜잭션(예시),해당업무 TR,해당업무 TR,조회데이터 응답,HEADER,8,전송일시,,String,17,M,20071221091022328,
트랜잭션(예시),해당업무 TR,해당업무 TR,조회데이터 응답,HEADER,9,데이터 건수,,Long,3,M,1,
트랜잭션(예시),해당업무 TR,해당업무 TR,조회데이터 응답,HEADER,10,암호화 유무,,String,1,M,"Y,N",
트랜잭션(예시),해당업무 TR,해당업무 TR,조회데이터 응답,DATA,1,거부사유코드,,String,4,M,,
트랜잭션(예시),해당업무 TR,해당업무 TR,조회데이터 응답,DATA,2,최종 정상처리 일련번호,,Long,11,M,,
트랜잭션(예시),해당업무 TR,해당업무 TR,실시간송신,HEADER,1,전문유형,,String,8,M,KMAPv2.0,
트랜잭션(예시),해당업무 TR,해당업무 TR,실시간송신,HEADER,2,메시지길이,,Long,6,M,,
트랜잭션(예시),해당업무 TR,해당업무 TR,실시간송신,HEADER,3,메시지 타입,,String,11,M,,
트랜잭션(예시),해당업무 TR,해당업무 TR,실시간송신,HEADER,4,일련번호,,Long,11,M,,
트랜잭션(예시),해당업무 TR,해당업무 TR,실시간송신,HEADER,5,회원번호,,String,5,M,,
트랜잭션(예시),해당업무 TR,해당업무 TR,실시간송신,HEADER,6,연계시도착 회원사 번호,,String,10,O,,
트랜잭션(예시),해당업무 TR,해당업무 TR,실시간송신,HEADER,7,회신시송신 회원사 번호,,String,10,O,,
트랜잭션(예시),해당업무 TR,해당업무 TR,실시간송신,HEADER,8,전송일시,,String,17,M,20071221091022328,
트랜잭션(예시),해당업무 TR,해당업무 TR,실시간송신,HEADER,9,데이터 건수,,Long,3,M,,
트랜잭션(예시),해당업무 TR,해당업무 TR,실시간송신,HEADER,10,암호화 유무,,String,1,M,"Y,N",
트랜잭션(예시),해당업무 TR,해당업무 TR,실시간송신,DATA,1,트랜잭션코드(TR CODE)별 메시지(업무별로 별도 정의),,,,,,
트랜잭션(예시),해당업무 TR,해당업무 TR,일괄수신,HEADER,1,전문유형,,String,8,M,KMAPv2.0,
트랜잭션(예시),해당업무 TR,해당업무 TR,일괄수신,HEADER,2,메시지길이,,Long,6,M,,
트랜잭션(예시),해당업무 TR,해당업무 TR,일괄수신,HEADER,3,메시지 타입,,String,11,M,,
트랜잭션(예시),해당업무 TR,해당업무 TR,일괄수신,HEADER,4,일련번호,,Long,11,M,,
트랜잭션(예시),해당업무 TR,해당업무 TR,일괄수신,HEADER,5,회원번호,,String,5,M,,
트랜잭션(예시),해당업무 TR,해당업무 TR,일괄수신,HEADER,6,연계시도착 회원사 번호,,String,10,O,,
트랜잭션(예시),해당업무 TR,해당업무 TR,일괄수신,HEADER,7,회신시송신 회원사 번호,,String,10,O,,
트랜잭션(예시),해당업무 TR,해당업무 TR,일괄수신,HEADER,8,전송일시,,String,17,M,20071221091022328,
트랜잭션(예시),해당업무 TR,해당업무 TR,일괄수신,HEADER,9,데이터 건수,,Long,3,M,,
트랜잭션(예시),해당업무 TR,해당업무 TR,일괄수신,HEADER,10,암호화 유무,,String,1,M,"Y,N",
트랜잭션(예시),해당업무 TR,해당업무 TR,일괄수신,DATA,1,트랜잭션코드(TR CODE)별 메시지(업무별로 별도 정의),,,,,,
트랜잭션(예시),해당업무 TR,해당업무 TR,일괄수신응답,HEADER,1,전문유형,,String,8,M,KMAPv2.0,
트랜잭션(예시),해당업무 TR,해당업무 TR,일괄수신응답,HEADER,2,메시지길이,,Long,6,M,,
트랜잭션(예시),해당업무 TR,해당업무 TR,일괄수신응답,HEADER,3,메시지 타입,,String,11,M,,
트랜잭션(예시),해당업무 TR,해당업무 TR,일괄수신응답,HEADER,4,일련번호,,Long,11,M,,
트랜잭션(예시),해당업무 TR,해당업무 TR,일괄수신응답,HEADER,5,회원번호,,String,5,M,,
트랜잭션(예시),해당업무 TR,해당업무 TR,일괄수신응답,HEADER,6,연계시도착 회원사 번호,,String,10,O,,
트랜잭션(예시),해당업무 TR,해당업무 TR,일괄수신응답,HEADER,7,회신시송신 회원사 번호,,String,10,O,,
트랜잭션(예시),해당업무 TR,해당업무 TR,일괄수신응답,HEADER,8,전송일시,,String,17,M,20071221091022328,
트랜잭션(예시),해당업무 TR,해당업무 TR,일괄수신응답,HEADER,9,데이터 건수,,Long,3,M,,
트랜잭션(예시),해당업무 TR,해당업무 TR,일괄수신응답,HEADER,10,암호화 유무,,String,1,M,"Y,N",
트랜잭션(예시),해당업무 TR,해당업무 TR,일괄수신응답,DATA,1,거부사유코드,,String,4,M,,
트랜잭션(예시),해당업무 TR,해당업무 TR,일괄수신응답,DATA,2,최종 정상처리 일련번호,,Long,11,M,,
트랜잭션(예시),해당업무 TR,해당업무 TR,일괄송신,HEADER,1,전문유형,,String,8,M,KMAPv2.0,
트랜잭션(예시),해당업무 TR,해당업무 TR,일괄송신,HEADER,2,메시지길이,,Long,6,M,,
트랜잭션(예시),해당업무 TR,해당업무 TR,일괄송신,HEADER,3,메시지 타입,,String,11,M,,
트랜잭션(예시),해당업무 TR,해당업무 TR,일괄송신,HEADER,4,일련번호,,Long,11,M,,
트랜잭션(예시),해당업무 TR,해당업무 TR,일괄송신,HEADER,5,회원번호,,String,5,M,,
트랜잭션(예시),해당업무 TR,해당업무 TR,일괄송신,HEADER,6,연계시도착 회원사 번호,,String,10,O,,
트랜잭션(예시),해당업무 TR,해당업무 TR,일괄송신,HEADER,7,회신시송신 회원사 번호,,String,10,O,,
트랜잭션(예시),해당업무 TR,해당업무 TR,일괄송신,HEADER,8,전송일시,,String,17,M,20071221091022328,
트랜잭션(예시),해당업무 TR,해당업무 TR,일괄송신,HEADER,9,데이터 건수,,Long,3,M,,
트랜잭션(예시),해당업무 TR,해당업무 TR,일괄송신,HEADER,10,암호화 유무,,String,1,M,"Y,N",
트랜잭션(예시),해당업무 TR,해당업무 TR,일괄송신,DATA,1,트랜잭션코드(TR CODE)별 메시지(업무별로 별도 정의),,,,,,
트랜잭션(예시),해당업무 TR,해당업무 TR,일괄송신응답,HEADER,1,전문유형,,String,8,M,KMAPv2.0,
트랜잭션(예시),해당업무 TR,해당업무 TR,일괄송신응답,HEADER,2,메시지길이,,Long,6,M,,
트랜잭션(예시),해당업무 TR,해당업무 TR,일괄송신응답,HEADER,3,메시지 타입,,String,11,M,,
트랜잭션(예시),해당업무 TR,해당업무 TR,일괄송신응답,HEADER,4,일련번호,,Long,11,M,,
트랜잭션(예시),해당업무 TR,해당업무 TR,일괄송신응답,HEADER,5,회원번호,,String,5,M,,
트랜잭션(예시),해당업무 TR,해당업무 TR,일괄송신응답,HEADER,6,연계시도착 회원사 번호,,String,10,O,,
트랜잭션(예시),해당업무 TR,해당업무 TR,일괄송신응답,HEADER,7,회신시송신 회원사 번호,,String,10,O,,
트랜잭션(예시),해당업무 TR,해당업무 TR,일괄송신응답,HEADER,8,전송일시,,String,17,M,20071221091022328,
트랜잭션(예시),해당업무 TR,해당업무 TR,일괄송신응답,HEADER,9,데이터 건수,,Long,3,M,1,
트랜잭션(예시),해당업무 TR,해당업무 TR,일괄송신응답,HEADER,10,암호화 유무,,String,1,M,"Y,N",
트랜잭션(예시),해당업무 TR,해당업무 TR,일괄송신응답,DATA,1,거부사유코드,,String,4,M,,
트랜잭션(예시),해당업무 TR,해당업무 TR,일괄송신응답,DATA,2,최종 정상처리 일련번호,,Long,11,M,,
매매,TCHODR10001,TCHODR10001;TCHODR10002;TCHODR10003;TCHAOR10001;TCHAOR10003,호가입력,DATA,1,메세지일련번호,MESSAGE_ / SEQUENCE  / NUMBER,Long,11,,메세지일련번호,
매매,TCHODR10001,TCHODR10001;TCHODR10002;TCHODR10003;TCHAOR10001;TCHAOR10003,호가입력,DATA,2,트랜잭션코드,TRANSACTION_ / CODE,String,11,,신규호가 :  TCHODR10001 / 정정호가 :  TCHODR10002 / 취소호가 :  TCHODR10003 / 경쟁대량신규호가 :  TCHAOR10001 / 경쟁대량취소호가 :  TCHAOR10003,
매매,TCHODR10001,TCHODR10001;TCHODR10002;TCHODR10003;TCHAOR10001;TCHAOR10003,호가입력,DATA,3,ME그룹번호,ME_GRP_NO,String,2,,회원사는 '00'으로 거래소 전달,신규
매매,TCHODR10001,TCHODR10001;TCHODR10002;TCHODR10003;TCHAOR10001;TCHAOR10003,호가입력,DATA,4,보드ID,BOARD_ID,String,2,,별첨_보드ID 매핑 참고,
매매,TCHODR10001,TCHODR10001;TCHODR10002;TCHODR10003;TCHAOR10001;TCHAOR10003,호가입력,DATA,5,회원번호,MEMBER_ / NUMBER,String,5,,거래소가 부여한 회원번호 / * 정정/취소 호가인 경우 원호가와 동일한 값이 입력되어야 함(원호가 정합성 체크),
매매,TCHODR10001,TCHODR10001;TCHODR10002;TCHODR10003;TCHAOR10001;TCHAOR10003,호가입력,DATA,6,지점번호,BRANCH_ / NUMBER,String,5,,회원이 거래소에 신고한 / 지점번호 / * 정정/취소 호가인 경우 원호가와 동일한 값이 입력되어야 함(원호가 정합성 체크),
매매,TCHODR10001,TCHODR10001;TCHODR10002;TCHODR10003;TCHAOR10001;TCHAOR10003,호가입력,DATA,7,주문ID,ORDER_ / IDENTIFICATION,String,10,,* 문자를 포함 / * 종목+회원+지점+주문ID가 Key (Unique) / * 주문ID 사용불가영역 : /   9000000001 ~ 9999999999 /   M000000001 ~ M999999999 /   C000000001 ~ C999999999 /   K000000001 ~ K999999999 /  (비상주문시 자동생성되는 주문ID영역으로 회원사에서 주문ID 사용하면 안됨),변경
매매,TCHODR10001,TCHODR10001;TCHODR10002;TCHODR10003;TCHAOR10001;TCHAOR10003,호가입력,DATA,8,원주문ID,ORIGINAL_ / ORDER_ / IDENTIFICATION,String,10,,* 신규호가는 SPACE로 입력,
매매,TCHODR10001,TCHODR10001;TCHODR10002;TCHODR10003;TCHAOR10001;TCHAOR10003,호가입력,DATA,9,종목코드,ISSUE_CODE,String,12,,현물/파생/채권/REPO 통합상품의 종목 코드(ISIN종목코드),
매매,TCHODR10001,TCHODR10001;TCHODR10002;TCHODR10003;TCHAOR10001;TCHAOR10003,호가입력,DATA,10,매도매수구분코드,ASK_BID_TYPE_CODE,String,1,,1 매도 / 2 매수 /  / * 정정/취소 호가인 경우 원호가와 동일한 값이 입력되어야 함(원호가 정합성 체크),
매매,TCHODR10001,TCHODR10001;TCHODR10002;TCHODR10003;TCHAOR10001;TCHAOR10003,호가입력,DATA,11,정정취소구분코드,MODIFY OR CANCEL_TYPE_ / CODE,String,1,,1 신규 / 2 정정 / 3 취소,
매매,TCHODR10001,TCHODR10001;TCHODR10002;TCHODR10003;TCHAOR10001;TCHAOR10003,호가입력,DATA,12,계좌번호,ACCOUNT_ / NUMBER,String,12,,* 12자리 구성방법 제한없음. 12자리를 회원사별로 사용 /  / * 정정/취소 호가인 경우 원호가와 동일한 값이 입력되어야 함(원호가 정합성 체크),
매매,TCHODR10001,TCHODR10001;TCHODR10002;TCHODR10003;TCHAOR10001;TCHAOR10003,호가입력,DATA,13,호가수량,ORDER_ / QUANTITY,Long,10,,,
매매,TCHODR10001,TCHODR10001;TCHODR10002;TCHODR10003;TCHAOR10001;TCHAOR10003,호가입력,DATA,14,호가가격,ORDER_PRICE,Float,11,,* 가격이 없는 호가유형인 경우 0으로 입력 / * 시간외종가 호가의 경우 0으로 입력 / * 취소호가는 0으로 입력 / * 경쟁대량매매는 0으로 입력,
매매,TCHODR10001,TCHODR10001;TCHODR10002;TCHODR10003;TCHAOR10001;TCHAOR10003,호가입력,DATA,15,호가유형코드,ORDER_TYPE_ / CODE,String,1,,"1 시장가 (Market) / 2 지정가 (Limit) / 4 스톱지정가(StopLimit) / M 중간가(Midpoint) /  / T 가격제한시장가 / W 가격제한최유리지정가 / I 조건부지정가 (Limit To Market) / V 경쟁대량 (현물만 해당, 값 변경 : 3->V) / X 최유리지정가 / Y 최우선지정가 (현물만 해당) /  / * 취소호가는 SPACE로 입력 / * 코넥스 경매매는 2:지정가만 가능 / * 파생시장 1,X 불가 (T,W 으로 대체)",
매매,TCHODR10001,TCHODR10001;TCHODR10002;TCHODR10003;TCHAOR10001;TCHAOR10003,호가입력,DATA,16,호가조건코드,ORDER_ / CONDITION_ / CODE,String,1,,0 일반 (FAS) / 3 FAK(IOC) / 4 FOK /  / * 취소호가는 SPACE로 입력 / * 코넥스 경매매는 0: 일반만 가능,
매매,TCHODR10001,TCHODR10001;TCHODR10002;TCHODR10003;TCHAOR10001;TCHAOR10003,호가입력,DATA,17,최소체결수량,MIN_TRDVOL,Long,10,,회원사는 '0'으로 거래소 전달,신규
매매,TCHODR10001,TCHODR10001;TCHODR10002;TCHODR10003;TCHAOR10001;TCHAOR10003,호가입력,DATA,18,시장조성자호가구분코드,MM_ORD_TP_CD,String,1,,"1) 현물 /     0 : 일반 /     1 : LP호가 /     2 : MM호가 / 2) 파생상품 /     0 : 일반 /     2 : MM호가 /     0 : 일반 /     1~ : 시장조성자호가구분번호 /  / * 파생 /  - 시장조성호가의 경우 /      1부터 순차적으로 번호를 부여하고, 양방향호가의 경우 동일 번호를 부여하는 것이 원칙이나 해당 처리가 가능한 시스템을 구비하지 못한 회원사의 경우  시장조성호가에 대해 번호 증가없이 1로만 입력할 수 있음 /  / * 정정호가인 경우 원호가와 동일한 값이 입",변경
매매,TCHODR10001,TCHODR10001;TCHODR10002;TCHODR10003;TCHAOR10001;TCHAOR10003,호가입력,DATA,19,자사주신고서ID,TREASURY STOCK_ / STATEMENT_ / IDENTIFICATION,String,5,,"0 해당없음(0    ) / N 자사주직접일반(N    ) / S 자사주직접스탁옵션(S    ) / 1 ~ 99999 자사주신탁(신고서일련번호) /  / * 파생상품은 0 해당없음 사용 / * 유가증권은 자사주신탁일경우 신청서 입력시마다 발행되는 자사주신고서ID를 입력 / * 정정, 취소호가는 SPACE로 입력 / * 정정호가의 경우 원호가의 정보와 동일한 것으로 인정함 / * 경쟁대량매매호가는 SPACE로 입력 / * 코넥스 경매매는 0: 해당없음만 입력",
매매,TCHODR10001,TCHODR10001;TCHODR10002;TCHODR10003;TCHAOR10001;TCHAOR10003,호가입력,DATA,20,자사주매매방법코드,TREASURY STOCK_ / TRADING_ / METHOD_CODE,String,1,,"0 해당없음 / 1 자사주일반 / 2 한은등 자사주 / 3 정부등 자사주 /  / * 파생상품은 0 해당없음 사용 / * 2,3 : 장종료후시간외대량 매수만 가능, 당일거래(매매거래의 종류) 관련 사용 / -> 자사주일반은 시간외대량 매수 불가 (매도만 가능) / * 3 : 장종료후시간외대량 매수시 상/하한가 제한 없음 / * 정정, 취소호가는 SPACE로 입력 / * 정정호가의 경우 원호가의 정보와 동일한 것으로 인정함 / * 경쟁대량매매호가는 SPACE로 입력 / * 코넥스 경매매는 0: 해당없음만 입력",
매매,TCHODR10001,TCHODR10001;TCHODR10002;TCHODR10003;TCHAOR10001;TCHAOR10003,호가입력,DATA,21,매도유형코드,ASK_TYPE_ / CODE,String,2,,"00 해당없음 / 01 일반매도 / 02 차입증권매도 / 06 기타매도 /  / * 매수호가 및 파생상품은 00 해당없음 사용 / * 공매도 가격제한 대상 : 02 차입증권매도 / * 정정, 취소호가는 SPACE로 입력 / * 정정호가의 경우 원호가의 정보와 동일한 것으로 인정함 /  / * 03, 04, 05 삭제 --> 06으로 통합 / * 06 명칭변경 / * 코넥스 경매매는 02: 차입증권매도 입력불가",
매매,TCHODR10001,TCHODR10001;TCHODR10002;TCHODR10003;TCHAOR10001;TCHAOR10003,호가입력,DATA,22,신용구분코드,CREDIT_TYPE_ / CODE,String,2,,"10 보통(일반) / 21 자기융자매수 / 22 자기융자매도상환 / 23 자기대주매도 / 24 자기대주매수상환 / 31 유통융자매수 / 32 유통융자매도상환 / 33 유통대주매도 / 34 유통대주매수상환 / 41 CFD연계매매 /  / * 파생상품은 10 보통 사용 / * 정정, 취소호가는 SPACE로 입력 / * 정정의 경우 원호가의 정보와 동일한 것으로 인정함",
매매,TCHODR10001,TCHODR10001;TCHODR10002;TCHODR10003;TCHAOR10001;TCHAOR10003,호가입력,DATA,23,위탁자기구분코드,TRUST_ / PRINCIPAL_ / TYPE_CODE,String,2,,1)현물 / 10 위탁매매 / 30 자기매매 /  / 2)파생상품 /   11 위탁거래 /   12 위탁주선거래 /   13 회원의 위탁거래  /   31 호가입력회원의 자기거래 /   32 비회원의 자기거래 /  / 3)채권 / 10 위탁매매 / 30 자기매매 / 33 매도대행사 반대매도 /  / * 현물 /  - 자기매매 : 증권업자가 자기계정으로 매매하는 경우 /  - 위탁매매 : 자기매매가 아닌 경우 / * 파생 /   - 신탁업 및 집합투자업을 겸영하는 투자매매업자의 신탁거래 및 집합투자거래는 위탁거래로 입력함 / * 취소,
매매,TCHODR10001,TCHODR10001;TCHODR10002;TCHODR10003;TCHAOR10001;TCHAOR10003,호가입력,DATA,24,위탁사번호,TRUST COMPANY_ / NUMBER,String,5,,"* 파생상품은 SPACE로 입력 / * 파생 : 회원의 위탁거래(위탁자기구분코드=13)인 경우 위탁사번호 입력, 위탁사가 없는 경우(위탁자기구분코드 11, 12, 31) SPACE로 입력 / * 현물 : 위탁사가 없는 경우 SPACE로 입력 / * 정정, 취소호가는 SPACE로 입력 / * 정정의 경우 원호가의 정보와 동일한 것으로 인정함",
매매,TCHODR10001,TCHODR10001;TCHODR10002;TCHODR10003;TCHAOR10001;TCHAOR10003,호가입력,DATA,25,PT구분코드,PROGRAM TRADING_ / TYPE_CODE,String,2,,"1) 현물 /  00 일반 / (10 차익거래) /    11 지수차익거래, /    12 주식차익거래, /    13 ETF차익거래이면서 지수비차익거래인 경우 /    14 ETF차익거래이면서 지수비차익거래가 아닌 경우 /    15 DR차익거래 /    16 KDR차익거래 /    17 ETN차익거래이면서 지수비차익거래인 경우 /    18 ETN차익거래이면서 지수비차익거래가 아닌 경우 /    19 섹터지수차익거래 / (20 헤지거래) /    21 ELW LP 헤지거래 /    22 파생MM 헤지거래 /    23 ETF L",
매매,TCHODR10001,TCHODR10001;TCHODR10002;TCHODR10003;TCHAOR10001;TCHAOR10003,호가입력,DATA,26,대용주권계좌번호,SUBSTITUTE_ / STOCK_ / CERTIFICATE_ / ACCOUNT_ / NUMBER,String,12,,"* 현물은 SPACE로 입력 / * 정정, 취소호가는 SPACE로 입력 / * 정정의 경우 원호가의 정보와 동일한 것으로 인정함",
매매,TCHODR10001,TCHODR10001;TCHODR10002;TCHODR10003;TCHAOR10001;TCHAOR10003,호가입력,DATA,27,계좌구분코드,ACCOUNT_ / TYPE_CODE,String,2,,1) 현물 / 00 : 일반 / 01 : 대표투자자계좌(외국인) / 02 : 증권회사통합계좌(외국인) / 03 : FP계좌-복수일임형랩계좌 / 04 : FP계좌-단일일임형랩계좌 / 05 : FP아닌일임형랩계좌 / 06 : Buy-In매수전용계좌 / 07:  복수신탁계좌-대표계좌 이용 / 08:  단일신탁계좌-대표계좌미이용 / 09 : 기타 / 10: 시장조성헤지계좌(파생연계) / 11: 시장조성계좌(현물) / 12: 비과세해외주식투자전용ETF계좌 / 13 : 소액투자전용계좌(코넥스) / 14 : 외국인통합계좌 / 15 : 차익거래전,
매매,TCHODR10001,TCHODR10001;TCHODR10002;TCHODR10003;TCHAOR10001;TCHAOR10003,호가입력,DATA,28,계좌증거금유형코드,ACCOUNT_ / MARGIN_TYPE_ / CODE,String,2,,"1)현물 / 00 일반 / 01 동결계좌 / 02 Buy-In매수전용계좌 /  / 2)파생상품 / 10 사전증거금 일반 / 11 사후증거금 일반 / 12 사후증거금 할인 /  / * 정정, 취소호가는 SPACE로 입력 / * 정정의 경우 원호가의 정보와 동일한 것으로 인정함",
매매,TCHODR10001,TCHODR10001;TCHODR10002;TCHODR10003;TCHAOR10001;TCHAOR10003,호가입력,DATA,29,국가코드,COUNTRY_CODE,String,3,,"* 국가코드표 참조 ISO3166-1적용 (Number-3) 없으면 거부 /   - ISO에 없는 코드 추가 : 997, 998, 999 (대한민국국민인해외영주권자, 국제기구, 기타) /   - 기존코드에는 분류되어 있으나 ISO에는 구분없는 코드 신규 생성 : 991, 992 (말레이지아 라부안, 채널아일랜드) /  / * 정정, 취소호가는 SPACE로 입력",
매매,TCHODR10001,TCHODR10001;TCHODR10002;TCHODR10003;TCHAOR10001;TCHAOR10003,호가입력,DATA,30,투자자구분코드,INVESTOR_ / TYPE_CODE,String,4,,"1000 금융투자회사 / 2000 보험회사 / 3000 자산운용회사 및 투자회사 / 3100 사모펀드 / 4000 은행 (자산운용회사의 신탁재산은 자산운용회사로 분류) / 5000 기타금융 / 6000 연금, 기금 및 공제회 / 7000 국가, 지자체 국제기구 및 공익기관 / 7100 기타법인 / 8000 개인 /  / * 7100 : 기존 7000번 분류를 세분화하여 추가확정  / * 파생 : 3100 사용불가 /   --> 기타 투자자분류코드(예 : 3000, 7100 등)에 맞게 입력함 / * 정정, 취소호가는 SPACE로 입",
매매,TCHODR10001,TCHODR10001;TCHODR10002;TCHODR10003;TCHAOR10001;TCHAOR10003,호가입력,DATA,31,외국인투자자구분코드,FOREIGN INVESTOR_ / TYPE_CODE,String,2,,"1) 현물 / 00 외국인아님 / (10 외국인(거주)) /   11 식별번호 있는 외국인 (거주) /   12 식별번호 없는 외국인 (거주) / (20 외국인(비거주)) /   21 식별번호 있는 외국인 (비거주) /   22 식별번호 없는 외국인 (비거주) /  / 2) 파생상품 / 00 외국인아님 / 10 외국인(거주) / 20 외국인(비거주) /  / * 정정, 취소호가는 SPACE로 입력 / * 정정의 경우 원호가의 정보와 동일한 것으로 인정함",
매매,TCHODR10001,TCHODR10001;TCHODR10002;TCHODR10003;TCHAOR10001;TCHAOR10003,호가입력,DATA,32,주문매체구분코드,ORD_MEDIA_TP_CD,String,1,,"1 영업점단말 : 주문용단말, 비상주문단말, LP주문 / 2 유선단말 : 음성전화 / 3 무선단말 : 휴대폰, 스마트폰, PDA 등 / 4 HTS : 고객PC, 객장/사이버룸 단말 등 / 8 채권딜러서버 / 9 기타 : 특정위탁자전용주문(통칭 DMA), 반대매매, 선물옵션 주문, K-BLOX 등",
매매,TCHODR10001,TCHODR10001;TCHODR10002;TCHODR10003;TCHAOR10001;TCHAOR10003,호가입력,DATA,33,주문자식별정보,ORDER IDENTIFICATION INFORMATION,String,12,,"공인IP, 사설IP, 단말고유번호, 전화번호, 가입자번호, 기계번호 /  / * 전화번호의 경우 ""-"" 제외 / * IP의 경우 ""."" 제외 / * 반대매매주문의 경우에는 ""BANDAE"", /   ARS주문의 경우에는 ""ARS"",  /   대량거래(K-BLOX협상)의 경우에만 /   ""BLOCK"" 으로 입력  / * 선물옵션기본예탁금액 관련하여 회원의 고객주문 직권취소의 경우에는 ""OVER"" / * Kill Switch 입력 시 ""KILLSWITCH"" / * 소수단위 주식거래의 경우에는 ""SOSU""",
매매,TCHODR10001,TCHODR10001;TCHODR10002;TCHODR10003;TCHAOR10001;TCHAOR10003,호가입력,DATA,34,MAC주소,MAC_ADDR,String,12,,"* PC, 스마트폰, 태블릿PC 등 주문 단말에 동시 장착된 유무선 LAN 카드의 MAC 주소 (LAN 카드가 복수인 경우 1. 유선→무선, 2. 오름차순으로 정렬하여 순서가 가장 빠른 주소 / * 무선단말중 LAN카드 미장착 등 MAC 입력이 불가능한 경우 : “000000000000” / * 통칭 DMA : 실제 위탁자(자기 포함)의 IP, MAC 주소 입력이 원칙임. 단, 위탁자(자기 포함) IP, MAC 주소 수집이 불가능한 경우, ‘통칭 DMA 서버’를 통해서  혹은 다른 수단으로 수집이 가능한 IP, MAC 주소 반드시 ",
매매,TCHODR10001,TCHODR10001;TCHODR10002;TCHODR10003;TCHAOR10001;TCHAOR10003,호가입력,DATA,35,호가일자,ORDER_DATE,String,8,,YYYYMMDD / * 파생야간은 RDS 파생종목정보 영업일자,
매매,TCHODR10001,TCHODR10001;TCHODR10002;TCHODR10003;TCHAOR10001;TCHAOR10003,호가입력,DATA,36,회원사주문시각,MEMBER FIRM_ORDER_ / TIME,String,9,,회원 대외계 시스템(FEP)에 도달한 시각 / (HHMMSSsss : 1/1000초까지 표시),
매매,TCHODR10001,TCHODR10001;TCHODR10002;TCHODR10003;TCHAOR10001;TCHAOR10003,호가입력,DATA,37,회원사용영역,MEMBER_USE_ / AREA,String,60,,거래소 회원 사용 입력 영역,
매매,TCHODR10001,TCHODR10001;TCHODR10002;TCHODR10003;TCHAOR10001;TCHAOR10003,호가입력,DATA,38,알고리즘전략구분코드,ALGO_STGY_TP_CD,String,1,,1 일반호가 / 2 알고리즘호가 / 3 고속 알고리즘호가 / * 정정 및 취소는 SPACE로 입력,신규
매매,TCHODR10001,TCHODR10001;TCHODR10002;TCHODR10003;TCHAOR10001;TCHAOR10003,호가입력,DATA,39,거래자ID,TRDR_ID,String,6,,"일괄호가취소, 자전거래방지 등의 기능을 제공하기 위해 투자자에게 제공하는ID / * 해당사항 없는 경우 SPACE로 입력 / * 경쟁대량매매호가는 SPACE로 입력 / * 취소호가는 SPACE로 입력 / * 정정호가인 경우 원호가와 동일한 값이 입력되어야 함(원호가 정합성 체크)",신규
매매,TCHODR10001,TCHODR10001;TCHODR10002;TCHODR10003;TCHAOR10001;TCHAOR10003,호가입력,DATA,40,호가그룹번호,ORD_GRP_NO,String,2,,"거래자ID를 부여받은 투자자가 사전에 그룹핑을 위해 지정한 호가의 그룹번호(숫자, 대문자, 소문자 : 00~99, aa~ZZ)  / 지정한 그룹번호에 해당하는 호가를 일괄 취소한다 / * 해당사항 없는 경우 SPACE로 입력 / * 경쟁대량매매호가는 SPACE로 입력 / * 정정 및 취소는 SPACE로 입력",신규
매매,TCHODR10001,TCHODR10001;TCHODR10002;TCHODR10003;TCHAOR10001;TCHAOR10003,호가입력,DATA,41,자전거래방지코드,SMP_CD,String,1,,0 해당없음(선행/후행에 관계없이 자전거래방지 미적용) / 1 기존호가 취소 / 2 신규호가 취소 / 3 양방향 호가 취소 /  / * 경쟁대량매매호가는 0 으로 입력 / * 정정 및 취소는 SPACE로 입력 / * 정정의 경우 원호가의 정보와 동일한 것으로 인정함,신규
매매,TCHODR10001,TCHODR10001;TCHODR10002;TCHODR10003;TCHAOR10001;TCHAOR10003,호가입력,DATA,42,호가조건가격,ORD_COND_PRC,Float,11,,* 유가/코스닥 StopLimit 호가유형만 값 입력 / (그 외는 0입력) / * 전환 후 정정호가는 0으로 입력 /   (전환 후 조건가격 정정불가) / * 취소호가는 0으로 입력,
매매,TCHODR10001,TCHODR10001;TCHODR10002;TCHODR10003;TCHAOR10001;TCHAOR10003,호가입력,DATA,43,거래시장선택구분코드,TRD_MKT_CHOIC_TP_CD,String,1,,"[유가/코스닥] /   0: 해당없음(거래시장 미선택) /   1: 해당있음(거래시장 선택) / * 위탁자/회원사 등이 거래시장을 선택한 경우 '해당있음', 그렇지 않은 경우 '해당없음' 설정 / [ATS 미참여사, ETP, 코넥스, 파생] /   - '해당있음(1)'로 설정해서 송부 /  / ※ 해당 주문의 SOR 적용여부와 상관없이, 고객이 거래시장을 선택한 경우 '해당있음(1)'으로 설정",
매매,TCHODR10001,TCHODR10001;TCHODR10002;TCHODR10003;TCHAOR10001;TCHAOR10003,호가입력,DATA,44,공매도ID,SRTSELL_ID,String,10,,공매도 거래자에게 부여되는 고유 번호 / 공매도ID를 발급받지 않은 호가의 경우 10자리 SPACE로 입력(필수) / * 정정 및 취소는 SPACE로 입력 / * 정정의 경우 원호가의 정보와 동일한 것으로 인정함 / * 파생시장 호가의 경우 공매도 허용대상이 아니므로 공매도ID SPACE로 입력  / * 상세사항 별첨-전문내 호가 가격 정의 참조,
매매,TCHODR40001,TCHODR40001;TCHODR40002;TCHODR40003,채권일반호가입력,DATA,1,메세지일련번호,MESSAGE_ / SEQUENCE  / NUMBER,Long,11,,메세지일련번호,
매매,TCHODR40001,TCHODR40001;TCHODR40002;TCHODR40003,채권일반호가입력,DATA,2,트랜잭션코드,TRANSACTION_ / CODE,String,11,,신규호가:TCHODR40001 / 정정호가:TCHODR40002 / 취소호가:TCHODR40003,
매매,TCHODR40001,TCHODR40001;TCHODR40002;TCHODR40003,채권일반호가입력,DATA,3,ME그룹번호,ME_GRP_NO,String,2,,회원사는 '00'으로 거래소 전달,신규
매매,TCHODR40001,TCHODR40001;TCHODR40002;TCHODR40003,채권일반호가입력,DATA,4,시장ID,MARKET_ / IDENTIFICATION,String,3,,별첨-KRX 차세대 상품 ID체계 참고,
매매,TCHODR40001,TCHODR40001;TCHODR40002;TCHODR40003,채권일반호가입력,DATA,5,보드ID,BOARD_ID,String,2,,별첨_보드ID 매핑 참고,
매매,TCHODR40001,TCHODR40001;TCHODR40002;TCHODR40003,채권일반호가입력,DATA,6,회원번호,MEMBER_ / NUMBER,String,5,,거래소가 부여한 회원번호 / * 정정/취소 호가인 경우 원호가와 동일한 값이 입력되어야 함(원호가 정합성 체크),
매매,TCHODR40001,TCHODR40001;TCHODR40002;TCHODR40003,채권일반호가입력,DATA,7,지점번호,BRANCH_ / NUMBER,String,5,,회원이 거래소에 신고한 지점번호 / * 정정/취소 호가인 경우 원호가와 동일한 값이 입력되어야 함(원호가 정합성 체크) / * 90000~90999 사용불가 /  : 해당 범위의 지점번호는 거래소 내부적으로 사용,
매매,TCHODR40001,TCHODR40001;TCHODR40002;TCHODR40003,채권일반호가입력,DATA,8,주문ID,ORDER_ / IDENTIFICATION,String,10,,* 문자를 포함 / * 종목+회원+지점+주문ID가 Key (Unique) / * 주문ID 사용불가영역 : /   9000000001 ~ 9999999999 /   M000000001 ~ M999999999 /   C000000001 ~ C999999999 /   K000000001 ~ K999999999 /  (비상주문시 자동생성되는 주문ID영역으로 회원사에서 주문ID 사용하면 안됨),변경
매매,TCHODR40001,TCHODR40001;TCHODR40002;TCHODR40003,채권일반호가입력,DATA,9,원주문ID,ORIGINAL_ / ORDER_ / IDENTIFICATION,String,10,,* 신규호가는 SPACE로 입력,
매매,TCHODR40001,TCHODR40001;TCHODR40002;TCHODR40003,채권일반호가입력,DATA,10,종목코드,ISSUE_CODE,String,12,,현물/파생/채권/REPO 통합상품의 종목 코드(ISIN종목코드),
매매,TCHODR40001,TCHODR40001;TCHODR40002;TCHODR40003,채권일반호가입력,DATA,11,매도매수구분코드,ASK_BID_ / TYPE_CODE,String,1,,1 매도 / 2 매수 /  / * 정정/취소 호가인 경우 원호가와 동일한 값이 입력되어야 함(원호가 정합성 체크),
매매,TCHODR40001,TCHODR40001;TCHODR40002;TCHODR40003,채권일반호가입력,DATA,12,정정취소구분코드,MODIFY OR CANCEL_TYPE_ / CODE,String,1,,1 신규 / 2 정정 / 3 취소,
매매,TCHODR40001,TCHODR40001;TCHODR40002;TCHODR40003,채권일반호가입력,DATA,13,계좌번호,ACCOUNT_ / NUMBER,String,12,,* 12자리 구성방법 제한없음. 12자리를 회원사별로 사용 /  / * 정정/취소 호가인 경우 원호가와 동일한 값이 입력되어야 함(원호가 정합성 체크),
매매,TCHODR40001,TCHODR40001;TCHODR40002;TCHODR40003,채권일반호가입력,DATA,14,호가수량,ORDER_ / QUANTITY,Long,10,,"주문수량단위: 액면 1,000원 / (단, 외화표시채권은 1000 포인트)",
매매,TCHODR40001,TCHODR40001;TCHODR40002;TCHODR40003,채권일반호가입력,DATA,15,호가가격,ORDER_PRICE,Float,11,,"취소주문= 0, 호가: 액면 10,000원 기준 / (단,외화표시채권 10,000 포인트) /  / 소수점 미만 둘째 자리의 값은 0으로 고정",
매매,TCHODR40001,TCHODR40001;TCHODR40002;TCHODR40003,채권일반호가입력,DATA,16,호가유형코드,ORDER_TYPE_ / CODE,String,1,,"1 시장가 (Market) / 2 지정가 (Limit) / 4 스톱지정가(StopLimit) / M 중간가(Midpoint) / T 가격제한시장가 / W 가격제한최유리지정가 / I 조건부지정가 (Limit To Market) / V 경쟁대량 (현물만 해당, 값 변경 : 3->V) / X 최유리지정가 / Y 최우선지정가 (현물만 해당) /  / * 취소호가는 SPACE로 입력 / * 코넥스 경매매는 2:지정가만 가능 / * 파생시장 1,X 불가 (T,W 으로 대체)",
매매,TCHODR40001,TCHODR40001;TCHODR40002;TCHODR40003,채권일반호가입력,DATA,17,호가조건코드,ORDER_ / CONDITION_ / CODE,String,1,,<일반/소액채권시장> /  0 일반 (FAS) / <KTS시장> / 0 일반 (FAS) / 3 FAK(IOC) / 4 FOK / * 취소호가는 SPACE로 입력,
매매,TCHODR40001,TCHODR40001;TCHODR40002;TCHODR40003,채권일반호가입력,DATA,18,매도유형코드,ASK_TYPE_ / CODE,String,2,,"00 해당없음 / 01 일반매도 / 02 차입증권매도 / 06 기타매도 /  / * 매수호가 및 파생상품은 00 해당없음 사용 / * 공매도 가격제한 대상 : 02 차입증권매도 / * 정정, 취소호가는 SPACE로 입력 / * 정정호가의 경우 원호가의 정보와 동일한 것으로 인정함 /  / * 03, 04, 05 삭제 --> 06으로 통합 / * 06 명칭변경",
매매,TCHODR40001,TCHODR40001;TCHODR40002;TCHODR40003,채권일반호가입력,DATA,19,위탁자기구분코드,TRUST_ / PRINCIPAL_ / TYPE_CODE,String,2,,1)현물 / 10 위탁매매 / 30 자기매매 /  / 2)파생상품 /   11 위탁거래 /   12 위탁주선거래 /   13 회원의 위탁거래  /   31 호가입력회원의 자기거래 /  / 3)채권 / 10 위탁매매 / 30 자기매매 / 33 매도대행사 반대매도 /  / * 현물 /  - 자기매매 : 증권업자가 자기계정으로 매매하는 경우 /  - 위탁매매 : 자기매매가 아닌 경우 / * 파생 /   - 신탁업 및 집합투자업을 겸영하는 투자매매업자의 신탁거래 및 집합투자거래는 위탁거래로 입력함 / * 취소호가는 SPACE로 입력 / *,
매매,TCHODR40001,TCHODR40001;TCHODR40002;TCHODR40003,채권일반호가입력,DATA,20,위탁사번호,TRUST COMPANY_ / NUMBER,String,5,,"* 파생 : 회원의 위탁거래(위탁자기구분코드=13)인 경우 위탁사번호 입력, 위탁사가 없는 경우(위탁자기구분코드 11, 12, 31) SPACE로 입력 / * 현물 : 위탁사가 없는 경우 SPACE로 입력 / * 채권 : 위탁사가 없는 경우 SPACE로 입력 (00000은 인정되지 않음) / * 정정, 취소호가는 SPACE로 입력 / * 정정의 경우 원호가의 정보와 동일한 것으로 인정함",
매매,TCHODR40001,TCHODR40001;TCHODR40002;TCHODR40003,채권일반호가입력,DATA,21,계좌구분코드,ACCOUNT_ / TYPE_CODE,String,2,,1) 현물 / 00 : 일반 / 01 : 대표투자자계좌(외국인) / 02 : 증권회사통합계좌(외국인) / 03 : FP계좌-복수일임형랩계좌 / 04 : FP계좌-단일일임형랩계좌 / 05 : FP아닌일임형랩계좌 / 06 : Buy-In매수전용계좌 / 07:  복수신탁계좌-대표계좌 이용 / 08:  단일신탁계좌-대표계좌미이용 / 09 : 기타 / 10: 시장조성헤지계좌(파생연계) / 11: 시장조성계좌(현물) / 12: 비과세해외주식투자전용ETF계좌 / 13 : 소액투자전용계좌(코넥스) / 14 : 외국인통합계좌 / 15 : 차익거래전,
매매,TCHODR40001,TCHODR40001;TCHODR40002;TCHODR40003,채권일반호가입력,DATA,22,국가코드,COUNTRY_CODE,String,3,,"* 국가코드표 참조 ISO3166-1적용 (Number-3) 없으면 거부 /   - ISO에 없는 코드 추가 : 997, 998, 999 (대한민국국민인해외영주권자, 국제기구, 기타) /   - 기존코드에는 분류되어 있으나 ISO에는 구분없는 코드 신규 생성 : 991, 992 (말레이지아 라부안, 채널아일랜드) /  / * 정정, 취소호가는 SPACE로 입력",
매매,TCHODR40001,TCHODR40001;TCHODR40002;TCHODR40003,채권일반호가입력,DATA,23,투자자구분코드,INVESTOR_ / TYPE_CODE,String,4,,"1000 금융투자회사 / 2000 보험회사 / 3000 자산운용회사 및 투자회사 / 3100 사모펀드 / 4000 은행 (자산운용회사의 신탁재산은 자산운용회사로 분류) / 5000 기타금융 / 6000 연금, 기금 및 공제회 / 7000 국가, 지자체 국제기구 및 공익기관 / 7100 기타법인 / 8000 개인 /  / * 7100 : 기존 7000번 분류를 세분화하여 추가확정  / * 파생 : 3100 사용불가 /   --> 기타 투자자분류코드(예 : 3000, 7100 등)에 맞게 입력함 / * 정정, 취소호가는 SPACE로 입",
매매,TCHODR40001,TCHODR40001;TCHODR40002;TCHODR40003,채권일반호가입력,DATA,24,필러값,FILLER,String,6,,,
매매,TCHODR40001,TCHODR40001;TCHODR40002;TCHODR40003,채권일반호가입력,DATA,25,외국인투자자구분코드,FOREIGN INVESTOR_ / TYPE_CODE,String,2,,"1) 현물 / 00 외국인아님 / (10 외국인(거주)) /   11 식별번호 있는 외국인 (거주) /   12 식별번호 없는 외국인 (거주) / (20 외국인(비거주)) /   21 식별번호 있는 외국인 (비거주) /   22 식별번호 없는 외국인 (비거주) /  / 2) 파생상품 / 00 외국인아님 / 10 외국인(거주) / 20 외국인(비거주) /  / * 정정, 취소호가는 SPACE로 입력 / * 정정의 경우 원호가의 정보와 동일한 것으로 인정함",
매매,TCHODR40001,TCHODR40001;TCHODR40002;TCHODR40003,채권일반호가입력,DATA,26,소액채권장종료매매참여여부,SMALL_BND_MKTCLS_PARTC_YN,String,1,,Y:장종료매매 참여 / N:장종료매매 미참여 / * 장종료매매 전 : N 입력 시 정상접수 /   장종료매매 이후 : Y 입력 시 정상접수 /   그외 입력은 거부 / * 소액채권 이외 시장에서는 미검증,
매매,TCHODR40001,TCHODR40001;TCHODR40002;TCHODR40003,채권일반호가입력,DATA,27,비과세여부,NON_TAX_CD,String,1,,"0:과세, 1:비과세",
매매,TCHODR40001,TCHODR40001;TCHODR40002;TCHODR40003,채권일반호가입력,DATA,28,주문매체구분코드,ORD_MEDIA_TP_CD,String,1,,"1 영업점단말 : 주문용단말, 비상주문단말, LP주문 / 2 유선단말 : 음성전화 / 3 무선단말 : 휴대폰, 스마트폰, PDA 등 / 4 HTS : 고객PC, 객장/사이버룸 단말 등 / 8 채권딜러서버 / 9 기타 : 특정위탁자전용주문(통칭 DMA), 반대매매, 선물옵션 주문, K-BLOX 등",
매매,TCHODR40001,TCHODR40001;TCHODR40002;TCHODR40003,채권일반호가입력,DATA,29,주문자식별정보,ORDER IDENTIFICATION INFORMATION,String,12,,"공인IP, 사설IP, 단말고유번호, 전화번호, 가입자번호, 기계번호 /  / * 전화번호의 경우 ""-"" 제외 / * IP의 경우 ""."" 제외 / * 반대매매주문의 경우에는 ""BANDAE"", /   ARS주문의 경우에는 ""ARS"",  /   대량거래(K-BLOX협상)의 경우에만 /   ""BLOCK"" 으로 입력  / * 선물옵션기본예탁금액 관련하여 회원의 고객주문 직권취소의 경우에는 ""OVER"" / * Kill Switch 입력 시 ""KILLSWITCH"" / * 소수단위 주식거래의 경우에는 ""SOSU""",
매매,TCHODR40001,TCHODR40001;TCHODR40002;TCHODR40003,채권일반호가입력,DATA,30,MAC주소,MAC_ADDR,String,12,,"* PC, 스마트폰, 태블릿PC 등 주문 단말에 동시 장착된 유무선 LAN 카드의 MAC 주소 (LAN 카드가 복수인 경우 1. 유선→무선, 2. 오름차순으로 정렬하여 순서가 가장 빠른 주소 / * 무선단말중 LAN카드 미장착 등 MAC 입력이 불가능한 경우 : “000000000000” / * 통칭 DMA : 실제 위탁자(자기 포함)의 IP, MAC 주소 입력이 원칙임. 단, 위탁자(자기 포함) IP, MAC 주소 수집이 불가능한 경우, ‘통칭 DMA 서버’를 통해서  혹은 다른 수단으로 수집이 가능한 IP, MAC 주소 반드시 ",
매매,TCHODR40001,TCHODR40001;TCHODR40002;TCHODR40003,채권일반호가입력,DATA,31,호가일자,ORDER_DATE,String,8,,YYYYMMDD,
매매,TCHODR40001,TCHODR40001;TCHODR40002;TCHODR40003,채권일반호가입력,DATA,32,회원사주문시각,MEMBER FIRM_ORDER_ / TIME,String,9,,회원 대외계 시스템(FEP)에 도달한 시각 / (HHMMSSsss : 1/1000초까지 표시),
매매,TCHODR40001,TCHODR40001;TCHODR40002;TCHODR40003,채권일반호가입력,DATA,33,회원사용영역,MEMBER_USE_ / AREA,String,60,,거래소 회원 사용 입력 영역,
매매,TCHODR40001,TCHODR40001;TCHODR40002;TCHODR40003,채권일반호가입력,DATA,34,거래원번호,Trader_NO,String,5,,<KTS>  /  - GW 호가 : 90000~99999 범위의 값을 회원사 자율적으로 입력 가능 / <일반채권> /  - GW 호가 : 90000~99999 범위의 값을 회원사 자율적으로 입력 가능,
매매,TCHODR40001,TCHODR40001;TCHODR40002;TCHODR40003,채권일반호가입력,DATA,35,시장조성자호가구분번호,MM_ORD_TP_NO,Long,11,,"1) 현물 /     0 : 일반 /     1 : LP호가 / 2) 파생상품 /     0 : 일반 /     1~ : 시장조성자호가구분번호 / 3) 채권 /     0 : 일반 /     1 : PD /     2 : PD+인센티브 /     3 : 인센티브 /  / * 정정호가인 경우 원호가와 동일한 값이 입력되어야 함(원호가 정합성 체크) /  --> 파생의 경우 원호가가 0 아닌 값인 경우, 정정호가도 0 아닌 값이어야 하고 원호가가 0 인 경우, 정정호가도 0 이어야 함 /  / * 취소호가는 0으로 입력 / * 경쟁대량",
매매,TCHMOR40001,TCHMOR40001;TCHMOR40002;TCHMOR40003,채권조성호가입력,DATA,1,메세지일련번호,MESSAGE_ / SEQUENCE  / NUMBER,Long,11,,메세지일련번호,
매매,TCHMOR40001,TCHMOR40001;TCHMOR40002;TCHMOR40003,채권조성호가입력,DATA,2,트랜잭션코드,TRANSACTION_ / CODE,String,11,,,
매매,TCHMOR40001,TCHMOR40001;TCHMOR40002;TCHMOR40003,채권조성호가입력,DATA,3,ME그룹번호,ME_GRP_NO,String,2,,회원사는 '00'으로 거래소 전달,신규
매매,TCHMOR40001,TCHMOR40001;TCHMOR40002;TCHMOR40003,채권조성호가입력,DATA,4,시장ID,MARKET_ / IDENTIFICATION,String,3,,별첨-KRX 차세대 상품 ID체계 참고,
매매,TCHMOR40001,TCHMOR40001;TCHMOR40002;TCHMOR40003,채권조성호가입력,DATA,5,보드ID,BOARD_ID,String,2,,별첨_보드ID 매핑 참고,
매매,TCHMOR40001,TCHMOR40001;TCHMOR40002;TCHMOR40003,채권조성호가입력,DATA,6,회원번호,MEMBER_ / NUMBER,String,5,,거래소가 부여한 회원번호 / * 정정/취소 호가인 경우 원호가와 동일한 값이 입력되어야 함(원호가 정합성 체크),
매매,TCHMOR40001,TCHMOR40001;TCHMOR40002;TCHMOR40003,채권조성호가입력,DATA,7,지점번호,BRANCH_ / NUMBER,String,5,,회원이 거래소에 신고한 지점번호 / * 정정/취소 호가인 경우 원호가와 동일한 값이 입력되어야 함(원호가 정합성 체크) / * 90000~90999 사용불가 /  : 해당 범위의 지점번호는 거래소 내부적으로 사용,
매매,TCHMOR40001,TCHMOR40001;TCHMOR40002;TCHMOR40003,채권조성호가입력,DATA,8,주문ID,ORDER_ / IDENTIFICATION,String,10,,* 문자를 포함 / * 종목+회원+지점+주문ID가 Key (Unique) / * 주문ID 사용불가영역 : /   9000000001 ~ 9999999999 /   M000000001 ~ M999999999 /   C000000001 ~ C999999999 /   K000000001 ~ K999999999 /  (비상주문시 자동생성되는 주문ID영역으로 회원사에서 주문ID 사용하면 안됨),변경
매매,TCHMOR40001,TCHMOR40001;TCHMOR40002;TCHMOR40003,채권조성호가입력,DATA,9,원주문ID,ORIGINAL_ / ORDER_ / IDENTIFICATION,String,10,,* 신규호가는 SPACE로 입력,
매매,TCHMOR40001,TCHMOR40001;TCHMOR40002;TCHMOR40003,채권조성호가입력,DATA,10,종목코드,ISSUE_CODE,String,12,,현물/파생/채권/REPO 통합상품의 종목 코드(ISIN종목코드),
매매,TCHMOR40001,TCHMOR40001;TCHMOR40002;TCHMOR40003,채권조성호가입력,DATA,11,매도매수구분코드,ASK_BID_ / TYPE_CODE,String,1,,3. 매도수 / * 정정/취소 호가인 경우 원호가와 동일한 값이 입력되어야 함(원호가 정합성 체크),
매매,TCHMOR40001,TCHMOR40001;TCHMOR40002;TCHMOR40003,채권조성호가입력,DATA,12,정정취소구분코드,MODIFY OR CANCEL_TYPE_ / CODE,String,1,,1 신규 / 2 정정 / 3 취소,
매매,TCHMOR40001,TCHMOR40001;TCHMOR40002;TCHMOR40003,채권조성호가입력,DATA,13,채권호가종류코드,ORD_KIND_CD,String,1,,1:양방향호가만 입력허용,
매매,TCHMOR40001,TCHMOR40001;TCHMOR40002;TCHMOR40003,채권조성호가입력,DATA,14,계좌번호,ACCOUNT_ / NUMBER,String,12,,* 12자리 구성방법 제한없음. 12자리를 회원사별로 사용 /  / * 정정/취소 호가인 경우 원호가와 동일한 값이 입력되어야 함(원호가 정합성 체크),
매매,TCHMOR40001,TCHMOR40001;TCHMOR40002;TCHMOR40003,채권조성호가입력,DATA,15,매도호가수량,ASK_ORD_QTY,Long,10,,단위 천원 / 취소호가는 0으로 입력,
매매,TCHMOR40001,TCHMOR40001;TCHMOR40002;TCHMOR40003,채권조성호가입력,DATA,16,매도호가가격,ASK_ORD_PRC,Float,11,,소수점 미만 둘째 자리의 값은 0으로 고정 / 취소호가는 0으로 입력,
매매,TCHMOR40001,TCHMOR40001;TCHMOR40002;TCHMOR40003,채권조성호가입력,DATA,17,매수호가수량,BID_ORD_QTY,Long,10,,단위 천원 / 취소호가는 0으로 입력,
매매,TCHMOR40001,TCHMOR40001;TCHMOR40002;TCHMOR40003,채권조성호가입력,DATA,18,매수호가가격,BID_ORD_PRC,Float,11,,소수점 미만 둘째 자리의 값은 0으로 고정 / 취소호가는 0으로 입력,
매매,TCHMOR40001,TCHMOR40001;TCHMOR40002;TCHMOR40003,채권조성호가입력,DATA,19,호가유형코드,ORDER_TYPE_ / CODE,String,1,,"1 시장가 (Market) / 2 지정가 (Limit) / 4 스톱지정가(StopLimit) / M 중간가(Midpoint) / T 가격제한시장가 / W 가격제한최유리지정가 / I 조건부지정가 (Limit To Market) / V 경쟁대량 (현물만 해당, 값 변경 : 3->V) / X 최유리지정가 / Y 최우선지정가 (현물만 해당) /  / * 취소호가는 SPACE로 입력 / * 코넥스 경매매는 2:지정가만 가능 / * 파생시장 1,X 불가 (T,W 으로 대체)",
매매,TCHMOR40001,TCHMOR40001;TCHMOR40002;TCHMOR40003,채권조성호가입력,DATA,20,호가조건코드,ORDER_ / CONDITION_ / CODE,String,1,,0 일반 (FAS) / 3 FAK(IOC) / 4 FOK /  / * 취소호가는 SPACE로 입력,
매매,TCHMOR40001,TCHMOR40001;TCHMOR40002;TCHMOR40003,채권조성호가입력,DATA,21,투자자구분코드,INVESTOR_ / TYPE_CODE,String,4,,"1000 금융투자회사 / 2000 보험회사 / 3000 자산운용회사 및 투자회사 / 3100 사모펀드 / 4000 은행 (자산운용회사의 신탁재산은 자산운용회사로 분류) / 5000 기타금융 / 6000 연금, 기금 및 공제회 / 7000 국가, 지자체 국제기구 및 공익기관 / 7100 기타법인 / 8000 개인 /  / * 7100 : 기존 7000번 분류를 세분화하여 추가확정  / * 파생 : 3100 사용불가 /   --> 기타 투자자분류코드(예 : 3000, 7100 등)에 맞게 입력함 / * 정정, 취소호가는 SPACE로 입",
매매,TCHMOR40001,TCHMOR40001;TCHMOR40002;TCHMOR40003,채권조성호가입력,DATA,22,효력정지재개구분코드,EFCT_STOP_REOPN_TP_CD,String,1,,0:해당없음 / 1:효력정지 / 2:거래원효력정지 / 3:효력재개 / 4:거래원효력재개,
매매,TCHMOR40001,TCHMOR40001;TCHMOR40002;TCHMOR40003,채권조성호가입력,DATA,23,주문매체구분코드,ORD_MEDIA_TP_CD,String,1,,"1 영업점단말 : 주문용단말, 비상주문단말, LP주문 / 2 유선단말 : 음성전화 / 3 무선단말 : 휴대폰, 스마트폰, PDA 등 / 4 HTS : 고객PC, 객장/사이버룸 단말 등 / 8 채권딜러서버 / 9 기타 : 특정위탁자전용주문(통칭 DMA), 반대매매, 선물옵션 주문, K-BLOX 등",
매매,TCHMOR40001,TCHMOR40001;TCHMOR40002;TCHMOR40003,채권조성호가입력,DATA,24,주문자식별정보,ORDER IDENTIFICATION INFORMATION,String,12,,"공인IP, 사설IP, 단말고유번호, 전화번호, 가입자번호, 기계번호 /  / * 전화번호의 경우 ""-"" 제외 / * IP의 경우 ""."" 제외 / * 반대매매주문의 경우에는 ""BANDAE"", /   ARS주문의 경우에는 ""ARS"",  /   대량거래(K-BLOX협상)의 경우에만 /   ""BLOCK"" 으로 입력  / * 선물옵션기본예탁금액 관련하여 회원의 고객주문 직권취소의 경우에는 ""OVER"" / * Kill Switch 입력 시 ""KILLSWITCH"" / * 소수단위 주식거래의 경우에는 ""SOSU""",
매매,TCHMOR40001,TCHMOR40001;TCHMOR40002;TCHMOR40003,채권조성호가입력,DATA,25,MAC주소,MAC_ADDR,String,12,,"* PC, 스마트폰, 태블릿PC 등 주문 단말에 동시 장착된 유무선 LAN 카드의 MAC 주소 (LAN 카드가 복수인 경우 1. 유선→무선, 2. 오름차순으로 정렬하여 순서가 가장 빠른 주소 / * 무선단말중 LAN카드 미장착 등 MAC 입력이 불가능한 경우 : “000000000000” / * 통칭 DMA : 실제 위탁자(자기 포함)의 IP, MAC 주소 입력이 원칙임. 단, 위탁자(자기 포함) IP, MAC 주소 수집이 불가능한 경우, ‘통칭 DMA 서버’를 통해서  혹은 다른 수단으로 수집이 가능한 IP, MAC 주소 반드시 ",
매매,TCHMOR40001,TCHMOR40001;TCHMOR40002;TCHMOR40003,채권조성호가입력,DATA,26,호가일자,ORDER_DATE,String,8,,YYYYMMDD,
매매,TCHMOR40001,TCHMOR40001;TCHMOR40002;TCHMOR40003,채권조성호가입력,DATA,27,회원사주문시각,MEMBER FIRM_ORDER_ / TIME,String,9,,회원 대외계 시스템(FEP)에 도달한 시각 / (HHMMSSsss : 1/1000초까지 표시),
매매,TCHMOR40001,TCHMOR40001;TCHMOR40002;TCHMOR40003,채권조성호가입력,DATA,28,회원사용영역,MEMBER_USE_ / AREA,String,60,,거래소 회원 사용 입력 영역,
매매,TCHMOR40001,TCHMOR40001;TCHMOR40002;TCHMOR40003,채권조성호가입력,DATA,29,거래원번호,Trader_NO,String,5,,<KTS>  /  - GW 호가 : 90000~99999 범위의 값을 회원사 자율적으로 입력 가능 / <일반채권> /  - GW 호가 : 90000~99999 범위의 값을 회원사 자율적으로 입력 가능,
매매,TCHMOR40001,TCHMOR40001;TCHMOR40002;TCHMOR40003,채권조성호가입력,DATA,30,시장조성자호가구분번호,MM_ORD_TP_NO,Long,11,,"1) 현물 /     0 : 일반 /     1 : LP호가 / 2) 파생상품 /     0 : 일반 /     1~ : 시장조성자호가구분번호 / 3) 채권 /     0 : 일반 /     1 : PD /     2 : PD+인센티브 /     3 : 인센티브 /  / * 정정호가인 경우 원호가와 동일한 값이 입력되어야 함(원호가 정합성 체크) /  --> 파생의 경우 원호가가 0 아닌 값인 경우, 정정호가도 0 아닌 값이어야 하고 원호가가 0 인 경우, 정정호가도 0 이어야 함 /  / * 취소호가는 0으로 입력 / * 경쟁대량",
매매,TCHMOR40001,TCHMOR40001;TCHMOR40002;TCHMOR40003,채권조성호가입력,DATA,31,계좌구분코드,ACCOUNT_ / TYPE_CODE,String,2,,1) 현물 / 00 : 일반 / 01 : 대표투자자계좌(외국인) / 02 : 증권회사통합계좌(외국인) / 03 : FP계좌-복수일임형랩계좌 / 04 : FP계좌-단일일임형랩계좌 / 05 : FP아닌일임형랩계좌 / 06 : Buy-In매수전용계좌 / 07:  복수신탁계좌-대표계좌 이용 / 08:  단일신탁계좌-대표계좌미이용 / 09 : 기타 / 10: 시장조성헤지계좌(파생연계) / 11: 시장조성계좌(현물) / 12: 비과세해외주식투자전용ETF계좌 / 13 : 소액투자전용계좌(코넥스) / 14 : 외국인통합계좌 / 15 : 차익거래전,
매매,TCHBOR10001,TCHBOR10001;TCHBOR10003;TCHBOR20001;TCHBOR20003,대량호가입력,DATA,1,메세지일련번호,MESSAGE_ / SEQUENCE NUMBER,Long,11,,메세지일련번호,
매매,TCHBOR10001,TCHBOR10001;TCHBOR10003;TCHBOR20001;TCHBOR20003,대량호가입력,DATA,2,트랜잭션코드,TRANSACTION_ / CODE,String,11,,"대량신규호가       :  TCHBOR10001 / 대량취소호가       :  TCHBOR10003 / 협의거래(협의대량, EFP, FLEX)신규호가 :  TCHBOR20001 / 협의거래(협의대량, EFP, FLEX)취소호가 :  TCHBOR20003",
매매,TCHBOR10001,TCHBOR10001;TCHBOR10003;TCHBOR20001;TCHBOR20003,대량호가입력,DATA,3,ME그룹번호,ME_GRP_NO,String,2,,회원사는 '00'으로 거래소 전달,신규
매매,TCHBOR10001,TCHBOR10001;TCHBOR10003;TCHBOR20001;TCHBOR20003,대량호가입력,DATA,4,보드ID,BOARD_ID,String,2,,별첨_보드ID 매핑 참고,
매매,TCHBOR10001,TCHBOR10001;TCHBOR10003;TCHBOR20001;TCHBOR20003,대량호가입력,DATA,5,회원번호,MEMBER_NUMBER,String,5,,거래소가 부여한 회원번호 / * 취소 호가인 경우 원호가와 동일한 값이 입력되어야 함(원호가 정합성 체크),
매매,TCHBOR10001,TCHBOR10001;TCHBOR10003;TCHBOR20001;TCHBOR20003,대량호가입력,DATA,6,지점번호,BRANCH_NUMBER,String,5,,회원이 거래소에 신고한 지점번호 / * 취소 호가인 경우 원호가와 동일한 값이 입력되어야 함(원호가 정합성 체크),
매매,TCHBOR10001,TCHBOR10001;TCHBOR10003;TCHBOR20001;TCHBOR20003,대량호가입력,DATA,7,주문ID,ORDER_ / IDENTIFICATION,String,10,,* 문자를 포함 / * 종목+회원+지점+주문ID가 Key (Unique) / * 주문ID 사용불가영역 : /   9000000001 ~ 9999999999 /   M000000001 ~ M999999999 /   C000000001 ~ C999999999 /   K000000001 ~ K999999999 /  (비상주문시 자동생성되는 주문ID영역으로 회원사에서 주문ID 사용하면 안됨),변경
매매,TCHBOR10001,TCHBOR10001;TCHBOR10003;TCHBOR20001;TCHBOR20003,대량호가입력,DATA,8,원주문ID,ORIGINAL_ORDER_ / IDENTIFICATION,String,10,,* 신규호가는 SPACE로 입력,
매매,TCHBOR10001,TCHBOR10001;TCHBOR10003;TCHBOR20001;TCHBOR20003,대량호가입력,DATA,9,종목코드,ISSUE_CODE,String,12,,현물/파생/채권/REPO 통합상품의 종목 코드(ISIN종목코드),
매매,TCHBOR10001,TCHBOR10001;TCHBOR10003;TCHBOR20001;TCHBOR20003,대량호가입력,DATA,10,매도매수구분코드,ASK_BID_TYPE_ / CODE,String,1,,1 매도 / 2 매수 /  / *취소 호가인 경우 원호가와 동일한 값이 입력되어야 함(원호가 정합성 체크),
매매,TCHBOR10001,TCHBOR10001;TCHBOR10003;TCHBOR20001;TCHBOR20003,대량호가입력,DATA,11,정정취소구분코드,MODIFY OR CANCEL_TYPE_ / CODE,String,1,,1 신규 / 2 정정 / 3 취소,
매매,TCHBOR10001,TCHBOR10001;TCHBOR10003;TCHBOR20001;TCHBOR20003,대량호가입력,DATA,12,계좌번호,ACCOUNT_NUMBER,String,12,,* 12자리 구성방법 제한없음. 12자리를 회원사별로 사용 / * 취소 호가인 경우 원호가와 동일한 값이 입력되어야 함(원호가 정합성 체크),
매매,TCHBOR10001,TCHBOR10001;TCHBOR10003;TCHBOR20001;TCHBOR20003,대량호가입력,DATA,13,호가수량,ORDER_QUANTITY,Long,10,,,
매매,TCHBOR10001,TCHBOR10001;TCHBOR10003;TCHBOR20001;TCHBOR20003,대량호가입력,DATA,14,호가가격,ORDER_PRICE,Float,11,,* 취소호가는 0으로 입력,
매매,TCHBOR10001,TCHBOR10001;TCHBOR10003;TCHBOR20001;TCHBOR20003,대량호가입력,DATA,15,자사주신고서ID,TREASURY STOCK_ / STATEMENT_ / IDENTIFICATION,String,5,,"0 해당없음(0    ) / N 자사주직접일반(N    ) / S 자사주직접스탁옵션(S    ) / 1 ~ 99999 자사주신탁(신고서일련번호) /  / * 파생상품은 0 해당없음 사용 / * 유가증권은 자사주신탁일경우 신청서 입력시마다 발행되는 자사주신고서ID를 입력 / * 정정, 취소호가는 SPACE로 입력 / * 정정호가의 경우 원호가의 정보와 동일한 것으로 인정함 / * 경쟁대량매매호가는 SPACE로 입력",
매매,TCHBOR10001,TCHBOR10001;TCHBOR10003;TCHBOR20001;TCHBOR20003,대량호가입력,DATA,16,자사주매매방법코드,TREASURY STOCK_TRADING_ / METHOD_CODE,String,1,,"0 해당없음 / 1 자사주일반 / 2 한은등 자사주 / 3 정부등 자사주 /  / * 파생상품은 0 해당없음 사용 / * 2,3 : 장종료후시간외대량 매수만 가능, 당일거래(매매거래의 종류) 관련 사용 / -> 자사주일반은 시간외대량 매수 불가 (매도만 가능) / * 3 : 장종료후시간외대량 매수시 상/하한가 제한 없음 / * 정정, 취소호가는 SPACE로 입력 / * 정정호가의 경우 원호가의 정보와 동일한 것으로 인정함 / * 경쟁대량매매호가는 SPACE로 입력",
매매,TCHBOR10001,TCHBOR10001;TCHBOR10003;TCHBOR20001;TCHBOR20003,대량호가입력,DATA,17,매도유형코드,ASK_TYPE_CODE,String,2,,"00 해당없음 / 01 일반매도 / 02 차입증권매도 / 06 기타매도 /  / * 매수호가 및 파생상품은 00 해당없음 사용 / * 공매도 가격제한 대상 : 02 차입증권매도 / * 정정, 취소호가는 SPACE로 입력 / * 정정호가의 경우 원호가의 정보와 동일한 것으로 인정함 /  / * 03, 04, 05 삭제 --> 06으로 통합 / * 06 명칭변경",
매매,TCHBOR10001,TCHBOR10001;TCHBOR10003;TCHBOR20001;TCHBOR20003,대량호가입력,DATA,18,신용구분코드,CREDIT_TYPE_CODE,String,2,,"10 보통(일반) / 21 자기융자매수 / 22 자기융자매도상환 / 23 자기대주매도 / 24 자기대주매수상환 / 31 유통융자매수 / 32 유통융자매도상환 / 33 유통대주매도 / 34 유통대주매수상환 / 41 CFD연계매매 /  / * 파생상품은 10 보통 사용 / * 정정, 취소호가는 SPACE로 입력 / * 정정의 경우 원호가의 정보와 동일한 것으로 인정함",
매매,TCHBOR10001,TCHBOR10001;TCHBOR10003;TCHBOR20001;TCHBOR20003,대량호가입력,DATA,19,위탁자기구분코드,TRUST_PRINCIPAL_ / TYPE_CODE,String,2,,1)현물 / 10 위탁매매 / 30 자기매매 /  / 2)파생상품 /   11 위탁거래 /   12 위탁주선거래 /   13 회원의 위탁거래  /   31 호가입력회원의 자기거래 /  / 3)채권 / 10 위탁매매 / 30 자기매매 / 33 매도대행사 반대매도 /  / * 현물 /  - 자기매매 : 증권업자가 자기계정으로 매매하는 경우 /  - 위탁매매 : 자기매매가 아닌 경우 / * 파생 /   - 신탁업 및 집합투자업을 겸영하는 투자매매업자의 신탁거래 및 집합투자거래는 위탁거래로 입력함 / * 취소호가는 SPACE로 입력 / *,
매매,TCHBOR10001,TCHBOR10001;TCHBOR10003;TCHBOR20001;TCHBOR20003,대량호가입력,DATA,20,위탁사번호,TRUST COMPANY_ / NUMBER,String,5,,"* 파생 : 회원의 위탁거래(위탁자기구분코드=13)인 경우 위탁사번호 입력, 위탁사가 없는 경우(위탁자기구분코드 11, 12, 31) SPACE로 입력 / * 현물 : 위탁사가 없는 경우 SPACE로 입력 / * 정정, 취소호가는 SPACE로 입력 / * 정정의 경우 원호가의 정보와 동일한 것으로 인정함",
매매,TCHBOR10001,TCHBOR10001;TCHBOR10003;TCHBOR20001;TCHBOR20003,대량호가입력,DATA,21,계좌구분코드,ACCOUNT_TYPE_ / CODE,String,2,,1) 현물 / 00 : 일반 / 01 : 대표투자자계좌(외국인) / 02 : 증권회사통합계좌(외국인) / 03 : FP계좌-복수일임형랩계좌 / 04 : FP계좌-단일일임형랩계좌 / 05 : FP아닌일임형랩계좌 / 06 : Buy-In매수전용계좌 / 07:  복수신탁계좌-대표계좌 이용 / 08:  단일신탁계좌-대표계좌미이용 / 09 : 기타 / 10: 시장조성헤지계좌(파생연계) / 11: 시장조성계좌(현물) / 12: 비과세해외주식투자전용ETF계좌 / 13 : 소액투자전용계좌(코넥스) / 14 : 외국인통합계좌 / 15 : 차익거래전,
매매,TCHBOR10001,TCHBOR10001;TCHBOR10003;TCHBOR20001;TCHBOR20003,대량호가입력,DATA,22,계좌증거금유형코드,ACCOUNT_ / MARGIN_TYPE_ / CODE,String,2,,"1)현물 / 00 일반 / 01 동결계좌 / 02 Buy-In매수전용계좌 /  / 2)파생상품 / 10 사전증거금 일반 / 11 사후증거금 일반 / 12 사후증거금 할인 /  / * 정정, 취소호가는 SPACE로 입력 / * 정정의 경우 원호가의 정보와 동일한 것으로 인정함",
매매,TCHBOR10001,TCHBOR10001;TCHBOR10003;TCHBOR20001;TCHBOR20003,대량호가입력,DATA,23,국가코드,COUNTRY_CODE,String,3,,"* 국가코드표 참조 ISO3166-1적용 (Number-3) 없으면 거부 /   - ISO에 없는 코드 추가 : 997, 998, 999 (대한민국국민인해외영주권자, 국제기구, 기타) /   - 기존코드에는 분류되어 있으나 ISO에는 구분없는 코드 신규 생성 : 991, 992 (말레이지아 라부안, 채널아일랜드) /  / * 정정, 취소호가는 SPACE로 입력",
매매,TCHBOR10001,TCHBOR10001;TCHBOR10003;TCHBOR20001;TCHBOR20003,대량호가입력,DATA,24,투자자구분코드,INVESTOR_TYPE_ / CODE,String,4,,"1000 금융투자회사 / 2000 보험회사 / 3000 자산운용회사 및 투자회사 / 3100 사모펀드 / 4000 은행 (자산운용회사의 신탁재산은 자산운용회사로 분류) / 5000 기타금융 / 6000 연금, 기금 및 공제회 / 7000 국가, 지자체 국제기구 및 공익기관 / 7100 기타법인 / 8000 개인 /  / * 7100 : 기존 7000번 분류를 세분화하여 추가확정  / * 파생 : 3100 사용불가 /   --> 기타 투자자분류코드(예 : 3000, 7100 등)에 맞게 입력함 / * 정정, 취소호가는 SPACE로 입",
매매,TCHBOR10001,TCHBOR10001;TCHBOR10003;TCHBOR20001;TCHBOR20003,대량호가입력,DATA,25,외국인투자자구분코드,FOREIGN  / INVESTOR_ / TYPE_CODE,String,2,,"1) 현물 / 00 외국인아님 / (10 외국인(거주)) /   11 식별번호 있는 외국인 (거주) /   12 식별번호 없는 외국인 (거주) / (20 외국인(비거주)) /   21 식별번호 있는 외국인 (비거주) /   22 식별번호 없는 외국인 (비거주) /  / 2) 파생상품 / 00 외국인아님 / 10 외국인(거주) / 20 외국인(비거주) /  / * 정정, 취소호가는 SPACE로 입력 / * 정정의 경우 원호가의 정보와 동일한 것으로 인정함",
매매,TCHBOR10001,TCHBOR10001;TCHBOR10003;TCHBOR20001;TCHBOR20003,대량호가입력,DATA,26,주문매체구분코드,ORD_MEDIA_TP_CD,String,1,,"1 영업점단말 : 주문용단말, 비상주문단말, LP주문 / 2 유선단말 : 음성전화 / 3 무선단말 : 휴대폰, 스마트폰, PDA 등 / 4 HTS : 고객PC, 객장/사이버룸 단말 등 / 8 채권딜러서버 / 9 기타 : 특정위탁자전용주문(통칭 DMA), 반대매매, 선물옵션 주문, K-BLOX 등",
매매,TCHBOR10001,TCHBOR10001;TCHBOR10003;TCHBOR20001;TCHBOR20003,대량호가입력,DATA,27,주문자식별정보,ORDER IDENTIFICATION INFORMATION,String,12,,"공인IP, 사설IP, 단말고유번호, 전화번호, 가입자번호, 기계번호 /  / * 전화번호의 경우 ""-"" 제외 / * IP의 경우 ""."" 제외 / * 반대매매주문의 경우에는 ""BANDAE"", /   ARS주문의 경우에는 ""ARS"",  /   대량거래(K-BLOX협상)의 경우에만 /   ""BLOCK"" 으로 입력  / * 선물옵션기본예탁금액 관련하여 회원의 고객주문 직권취소의 경우에는 ""OVER"" / * Kill Switch 입력 시 ""KILLSWITCH"" / * 소수단위 주식거래의 경우에는 ""SOSU""",
매매,TCHBOR10001,TCHBOR10001;TCHBOR10003;TCHBOR20001;TCHBOR20003,대량호가입력,DATA,28,MAC주소,MAC_ADDR,String,12,,"* PC, 스마트폰, 태블릿PC 등 주문 단말에 동시 장착된 유무선 LAN 카드의 MAC 주소 (LAN 카드가 복수인 경우 1. 유선→무선, 2. 오름차순으로 정렬하여 순서가 가장 빠른 주소 / * 무선단말중 LAN카드 미장착 등 MAC 입력이 불가능한 경우 : “000000000000” / * 통칭 DMA : 실제 위탁자(자기 포함)의 IP, MAC 주소 입력이 원칙임. 단, 위탁자(자기 포함) IP, MAC 주소 수집이 불가능한 경우, ‘통칭 DMA 서버’를 통해서  혹은 다른 수단으로 수집이 가능한 IP, MAC 주소 반드시 ",
매매,TCHBOR10001,TCHBOR10001;TCHBOR10003;TCHBOR20001;TCHBOR20003,대량호가입력,DATA,29,협상번호,NEGOTIATION_ / NUMBER,Long,6,,* 파생상품협의대량은 0으로 입력 / * 취소호가는 0 으로 입력,변경
매매,TCHBOR10001,TCHBOR10001;TCHBOR10003;TCHBOR20001;TCHBOR20003,대량호가입력,DATA,30,협상상세번호,BLOCK TRADE_ / NEGOTIATION_ / DETAIL_NUMBER,Long,6,,* 파생상품협의대량은 0으로 입력 / * 취소호가는 0 으로 입력,변경
매매,TCHBOR10001,TCHBOR10001;TCHBOR10003;TCHBOR20001;TCHBOR20003,대량호가입력,DATA,31,협상자ID,NEGOTIATOR_ / IDENTIFICATION,String,10,,* 파생상품협의대량은 SPACE로 입력 / * 취소호가는 SPACE로 입력,변경
매매,TCHBOR10001,TCHBOR10001;TCHBOR10003;TCHBOR20001;TCHBOR20003,대량호가입력,DATA,32,상대회원번호,COUNTERPART_ / MEMBER_NUMBER,String,5,,* 현물은K-BLOX 매매는 SPACE로 입력 / * 취소호가는 SPACE로 입력,변경
매매,TCHBOR10001,TCHBOR10001;TCHBOR10003;TCHBOR20001;TCHBOR20003,대량호가입력,DATA,33,상대계좌번호,COUNTERPART_ / ACCOUNT_NUMBER,String,12,,* 12자리 구성방법 제한없음. 12자리를 회원사별로 사용 / * 현물은K-BLOX 매매는 SPACE로 입력 / * 취소호가는 SPACE로 입력,변경
매매,TCHBOR10001,TCHBOR10001;TCHBOR10003;TCHBOR20001;TCHBOR20003,대량호가입력,DATA,34,협의완료시각,NEGOTIATION_ / COMPLETION_TIME,String,9,,* 분단위까지만 입력함 / -> 끝의 5자리는 0으로 입력하여야 함 / * EFP종목의 경우 초단위까지만 입력함 / -> 끝의 3자리는 0으로 입력하여야 함  / * 현물은K-BLOX 매매는 SPACE로 입력 / * 취소호가는 SPACE로 입력,변경
매매,TCHBOR10001,TCHBOR10001;TCHBOR10003;TCHBOR20001;TCHBOR20003,대량호가입력,DATA,35,호가일자,ORDER_DATE,String,8,,YYYYMMDD,
매매,TCHBOR10001,TCHBOR10001;TCHBOR10003;TCHBOR20001;TCHBOR20003,대량호가입력,DATA,36,회원사주문시각,MEMBER FIRM_ORDER_TIME,String,9,,,
매매,TCHBOR10001,TCHBOR10001;TCHBOR10003;TCHBOR20001;TCHBOR20003,대량호가입력,DATA,37,회원사용영역,MEMBER_USE_AREA,String,60,,거래소 회원 사용 입력 영역,
매매,TCHBOR10001,TCHBOR10001;TCHBOR10003;TCHBOR20001;TCHBOR20003,대량호가입력,DATA,38,현물가격,SPOT_PRC,Float,11,,* EFP종목만 해당 (취소호가는 0으로 입력) / * 현물은 0으로 입력 / * 파생 EFP제외 종목은 0으로 입력,
매매,TCHBOR10001,TCHBOR10001;TCHBOR10003;TCHBOR20001;TCHBOR20003,대량호가입력,DATA,39,PT구분코드,PT_TP_CD,String,2,,"1) 현물 /  00 일반 / (10 차익거래) /    11 지수차익거래, /    12 주식차익거래, /    13 ETF차익거래이면서 지수비차익거래인 경우 /    14 ETF차익거래이면서 지수비차익거래가 아닌 경우 /    15 DR차익거래 /    16 KDR차익거래 /    17 ETN차익거래이면서 지수비차익거래인 경우 /    18 ETN차익거래이면서 지수비차익거래가 아닌 경우 /    19 섹터지수차익거래 / (20 헤지거래) /    21 ELW LP 헤지거래 /    22 파생MM 헤지거래 /    23 ETF L",
매매,TCHBOR10001,TCHBOR10001;TCHBOR10003;TCHBOR20001;TCHBOR20003,대량호가입력,DATA,40,거래시장선택구분코드,TRD_MKT_CHOIC_TP_CD,String,1,,"[유가/코스닥] /   0: 해당없음(거래시장 미선택) /   1: 해당있음(거래시장 선택) / * 위탁자/회원사 등이 거래시장을 선택한 경우 '해당있음', 그렇지 않은 경우 '해당없음' 설정 / [ETF, 코넥스, 파생] /   - '해당있음(1)'로 설정해서 송부",
매매,TCHBOR10001,TCHBOR10001;TCHBOR10003;TCHBOR20001;TCHBOR20003,대량호가입력,DATA,41,공매도ID,SRTSELL_ID,String,10,,공매도 거래자에게 부여되는 고유 번호 / 공매도ID를 발급받지 않은 호가의 경우 10자리 SPACE로 입력(필수) / * 정정 및 취소는 SPACE로 입력 / * 정정의 경우 원호가의 정보와 동일한 것으로 인정함 / * 파생시장 호가의 경우 공매도 허용대상이 아니므로 공매도ID SPACE로 입력  / * 상세사항 별첨-전문내 호가 가격 정의 참조,
매매,TCHHOR10001,TCHHOR10001;TCHHOR10003,장개시전 협의거래호가입력,DATA,1,메세지일련번호,MESSAGE_ / SEQUENCE NUMBER,Long,11,,메세지일련번호,
매매,TCHHOR10001,TCHHOR10001;TCHHOR10003,장개시전 협의거래호가입력,DATA,2,트랜잭션코드,TRANSACTION_ / CODE,String,11,,장개시전 협의거래신규:TCHHOR10001 / 장개시전 협의거래취소:TCHHOR10003,
매매,TCHHOR10001,TCHHOR10001;TCHHOR10003,장개시전 협의거래호가입력,DATA,3,ME그룹번호,ME_GRP_NO,String,2,,회원사는 '00'으로 거래소 전달,신규
매매,TCHHOR10001,TCHHOR10001;TCHHOR10003,장개시전 협의거래호가입력,DATA,4,보드ID,BOARD_ID,String,2,,별첨_보드ID 매핑 참고,
매매,TCHHOR10001,TCHHOR10001;TCHHOR10003,장개시전 협의거래호가입력,DATA,5,회원번호,MBR_NO,String,5,,거래소가 부여한 회원번호 / * 취소 호가인 경우 원호가와 동일한 값이 입력되어야 함(원호가 정합성 체크),
매매,TCHHOR10001,TCHHOR10001;TCHHOR10003,장개시전 협의거래호가입력,DATA,6,지점번호,BRN_NO,String,5,,거래소가 부여한 지점번호 / * 취소 호가인 경우 원호가와 동일한 값이 입력되어야 함(원호가 정합성 체크),
매매,TCHHOR10001,TCHHOR10001;TCHHOR10003,장개시전 협의거래호가입력,DATA,7,주문ID,ORD_ID,String,10,,* 문자를 포함 / * 종목+회원+지점+주문ID가 Key (Unique),
매매,TCHHOR10001,TCHHOR10001;TCHHOR10003,장개시전 협의거래호가입력,DATA,8,원주문ID,ORGN_ORD_ID,String,10,,* 신규호가는 SPACE로 입력,
매매,TCHHOR10001,TCHHOR10001;TCHHOR10003,장개시전 협의거래호가입력,DATA,9,종목코드,ISU_CD,String,12,,현물/파생/채권/REPO 통합상품의 종목 코드(ISIN종목코드),
매매,TCHHOR10001,TCHHOR10001;TCHHOR10003,장개시전 협의거래호가입력,DATA,10,매도매수구분코드,ASK_BID_TP_CD,String,1,,1 매도 / 2 매수 / * 취소 호가인 경우 원호가와 동일한 값이 입력되어야 함(원호가 정합성 체크),
매매,TCHHOR10001,TCHHOR10001;TCHHOR10003,장개시전 협의거래호가입력,DATA,11,정정취소구분코드,MODCANCL_TP_CD,String,1,,1 신규 / 2 정정 / 3 취소,
매매,TCHHOR10001,TCHHOR10001;TCHHOR10003,장개시전 협의거래호가입력,DATA,12,계좌번호,ACNT_NO,String,12,,* 12자리 구성방법 제한없음. 12자리를 회원사별로 사용 / * 취소 호가인 경우 원호가와 동일한 값이 입력되어야 함(원호가 정합성 체크),
매매,TCHHOR10001,TCHHOR10001;TCHHOR10003,장개시전 협의거래호가입력,DATA,13,호가수량,ORD_QTY,Long,10,,,
매매,TCHHOR10001,TCHHOR10001;TCHHOR10003,장개시전 협의거래호가입력,DATA,14,호가가격,ORD_PRC,Float,11,,* 0 입력,
매매,TCHHOR10001,TCHHOR10001;TCHHOR10003,장개시전 협의거래호가입력,DATA,15,위탁자기구분코드,TRST_PRINC_TP_CD,String,2,,1)현물 / 10 위탁매매 / 30 자기매매 /  / 2)파생상품 / 2)파생상품 /   11 위탁거래 /   12 위탁주선거래 /   13 회원의 위탁거래  /   31 호가입력회원의 자기거래 /  / 3)채권 / 10 위탁매매 / 30 자기매매 / 33 매도대행사 반대매도 /  / * 현물 /  - 자기매매 : 증권업자가 자기계정으로 매매하는 경우 /  - 위탁매매 : 자기매매가 아닌 경우 / * 파생 /   - 신탁업 및 집합투자업을 겸영하는 투자매매업자의 신탁거래 및 집합투자거래는 위탁거래로 입력함 / * 취소호가는 SPAC,
매매,TCHHOR10001,TCHHOR10001;TCHHOR10003,장개시전 협의거래호가입력,DATA,16,위탁사번호,TRUST COMPANY_ / NUMBER,String,5,,"* 파생 : 회원의 위탁거래(위탁자기구분코드=13)인 경우 위탁사번호 입력, 위탁사가 없는 경우(위탁자기구분코드 11, 12, 31) SPACE로 입력 / * 현물 : 위탁사가 없는 경우 SPACE로 입력 / * 정정, 취소호가는 SPACE로 입력 / * 정정의 경우 원호가의 정보와 동일한 것으로 인정함",
매매,TCHHOR10001,TCHHOR10001;TCHHOR10003,장개시전 협의거래호가입력,DATA,17,계좌구분코드,ACNT_TP_CD,String,2,,1) 현물 / 00 : 일반 / 01 : 대표투자자계좌(외국인) / 02 : 증권회사통합계좌(외국인) / 03 : FP계좌-복수일임형랩계좌 / 04 : FP계좌-단일일임형랩계좌 / 05 : FP아닌일임형랩계좌 / 06 : Buy-In매수전용계좌 / 07:  복수신탁계좌-대표계좌 이용 / 08:  단일신탁계좌-대표계좌미이용 / 09 : 기타 / 10: 시장조성헤지계좌(파생연계) / 11: 시장조성계좌(현물) / 12: 비과세해외주식투자전용ETF계좌 / 13 : 소액투자전용계좌(코넥스) / 14 : 외국인통합계좌 / 15 : 차익거래전,
매매,TCHHOR10001,TCHHOR10001;TCHHOR10003,장개시전 협의거래호가입력,DATA,18,계좌증거금유형코드,ACNT_MRGN_TP_CD,String,2,,"1)현물 / 00 일반 / 01 동결계좌 / 02 Buy-In매수전용계좌 /  / 2)파생상품 / 10 사전증거금 일반 / 11 사후증거금 일반 / 12 사후증거금 할인 /  / * 정정, 취소호가는 SPACE로 입력 / * 정정의 경우 원호가의 정보와 동일한 것으로 인정함",
매매,TCHHOR10001,TCHHOR10001;TCHHOR10003,장개시전 협의거래호가입력,DATA,19,국가코드,CNTR_CD,String,3,,"* 국가코드표 참조 ISO3166-1적용 (Number-3) 없으면 거부 /   - ISO에 없는 코드 추가 : 997, 998, 999 (대한민국국민인해외영주권자, 국제기구, 기타) /   - 기존코드에는 분류되어 있으나 ISO에는 구분없는 코드 신규 생성 : 991, 992 (말레이지아 라부안, 채널아일랜드) /  / * 정정, 취소호가는 SPACE로 입력",
매매,TCHHOR10001,TCHHOR10001;TCHHOR10003,장개시전 협의거래호가입력,DATA,20,투자자구분코드,INVST_TP_CD,String,4,,"1000 금융투자회사 / 2000 보험회사 / 3000 자산운용회사 및 투자회사 / 3100 사모펀드 / 4000 은행 (자산운용회사의 신탁재산은 자산운용회사로 분류) / 5000 기타금융 / 6000 연금, 기금 및 공제회 / 7000 국가, 지자체 국제기구 및 공익기관 / 7100 기타법인 / 8000 개인 /  / * 7100 : 기존 7000번 분류를 세분화하여 추가확정  / * 파생 : 3100 사용불가 /   --> 기타 투자자분류코드(예 : 3000, 7100 등)에 맞게 입력함 / * 정정, 취소호가는 SPACE로 입",
매매,TCHHOR10001,TCHHOR10001;TCHHOR10003,장개시전 협의거래호가입력,DATA,21,외국인투자자구분코드,FORNINVST_TP_CD,String,2,,"1) 현물 / 00 외국인아님 / (10 외국인(거주)) /   11 식별번호 있는 외국인 (거주) /   12 식별번호 없는 외국인 (거주) / (20 외국인(비거주)) /   21 식별번호 있는 외국인 (비거주) /   22 식별번호 없는 외국인 (비거주) /  / 2) 파생상품 / 00 외국인아님 / 10 외국인(거주) / 20 외국인(비거주) /  / * 정정, 취소호가는 SPACE로 입력 / * 정정의 경우 원호가의 정보와 동일한 것으로 인정함",
매매,TCHHOR10001,TCHHOR10001;TCHHOR10003,장개시전 협의거래호가입력,DATA,22,주문매체구분코드,ORD_MEDIA_TP_CD,String,1,,"1 영업점단말 : 주문용단말, 비상주문단말, LP주문 / 2 유선단말 : 음성전화 / 3 무선단말 : 휴대폰, 스마트폰, PDA 등 / 4 HTS : 고객PC, 객장/사이버룸 단말 등 / 8 채권딜러서버 / 9 기타 : 특정위탁자전용주문(통칭 DMA), 반대매매, 선물옵션 주문, K-BLOX 등",
매매,TCHHOR10001,TCHHOR10001;TCHHOR10003,장개시전 협의거래호가입력,DATA,23,주문자식별정보,ORDER IDENTIFICATION INFORMATION,String,12,,"공인IP, 사설IP, 단말고유번호, 전화번호, 가입자번호, 기계번호 /  / * 전화번호의 경우 ""-"" 제외 / * IP의 경우 ""."" 제외 / * 반대매매주문의 경우에는 ""BANDAE"", /   ARS주문의 경우에는 ""ARS"",  /   대량거래(K-BLOX협상)의 경우에만 /   ""BLOCK"" 으로 입력  / * 선물옵션기본예탁금액 관련하여 회원의 고객주문 직권취소의 경우에는 ""OVER"" / * Kill Switch 입력 시 ""KILLSWITCH"" / * 소수단위 주식거래의 경우에는 ""SOSU""",
매매,TCHHOR10001,TCHHOR10001;TCHHOR10003,장개시전 협의거래호가입력,DATA,24,MAC주소,MAC_ADDR,String,12,,"* PC, 스마트폰, 태블릿PC 등 주문 단말에 동시 장착된 유무선 LAN 카드의 MAC 주소 (LAN 카드가 복수인 경우 1. 유선→무선, 2. 오름차순으로 정렬하여 순서가 가장 빠른 주소 / * 무선단말중 LAN카드 미장착 등 MAC 입력이 불가능한 경우 : “000000000000” / * 통칭 DMA : 실제 위탁자(자기 포함)의 IP, MAC 주소 입력이 원칙임. 단, 위탁자(자기 포함) IP, MAC 주소 수집이 불가능한 경우, ‘통칭 DMA 서버’를 통해서  혹은 다른 수단으로 수집이 가능한 IP, MAC 주소 반드시 ",
매매,TCHHOR10001,TCHHOR10001;TCHHOR10003,장개시전 협의거래호가입력,DATA,25,호가일자,ORD_DD,String,8,,YYYYMMDD,
매매,TCHHOR10001,TCHHOR10001;TCHHOR10003,장개시전 협의거래호가입력,DATA,26,회원사주문시각,MBR_ORD_TM,String,9,,,
매매,TCHHOR10001,TCHHOR10001;TCHHOR10003,장개시전 협의거래호가입력,DATA,27,회원사용영역,MBR_USE_AREA,String,60,,거래소 회원 사용 입력 영역,
매매,TCHHOR10001,TCHHOR10001;TCHHOR10003,장개시전 협의거래호가입력,DATA,28,거래리포트ID,TRD_RPT_ID,String,9,,Trade Report Id,
매매,TCHHOR10001,TCHHOR10001;TCHHOR10003,장개시전 협의거래호가입력,DATA,29,계좌비밀번호,ACNT_PW,String,9,,거래소간에 협의한 계좌비밀번호,
매매,TCHHOR20001,TCHHOR20001;TCHHOR20003,장개시전 협의거래수탁거부신고,DATA,1,메세지일련번호,MESSAGE_ / SEQUENCE NUMBER,Long,11,,메세지일련번호,
매매,TCHHOR20001,TCHHOR20001;TCHHOR20003,장개시전 협의거래수탁거부신고,DATA,2,트랜잭션코드,TRANSACTION_ / CODE,String,11,,수탁거부신고:TCHHOR20001 / 거부신고취소:TCHHOR20003,
매매,TCHHOR20001,TCHHOR20001;TCHHOR20003,장개시전 협의거래수탁거부신고,DATA,3,ME그룹번호,ME_GRP_NO,String,2,,회원사는 '00'으로 거래소 전달,신규
매매,TCHHOR20001,TCHHOR20001;TCHHOR20003,장개시전 협의거래수탁거부신고,DATA,4,보드ID,BOARD_ID,String,2,,별첨_보드ID 매핑 참고,
매매,TCHHOR20001,TCHHOR20001;TCHHOR20003,장개시전 협의거래수탁거부신고,DATA,5,회원번호,MBR_NO,String,5,,,
매매,TCHHOR20001,TCHHOR20001;TCHHOR20003,장개시전 협의거래수탁거부신고,DATA,6,종목코드,ISU_CD,String,12,,현물/파생/채권/REPO 통합상품의 종목 코드(ISIN종목코드),
매매,TCHHOR20001,TCHHOR20001;TCHHOR20003,장개시전 협의거래수탁거부신고,DATA,7,매도매수구분코드,ASKBID_TP_CD,String,1,,매도매수구분코드,
매매,TCHHOR20001,TCHHOR20001;TCHHOR20003,장개시전 협의거래수탁거부신고,DATA,8,정정취소구분코드,MODCANCL_TP_CD,String,1,,1 신규 / 2 정정 / 3 취소,
매매,TCHHOR20001,TCHHOR20001;TCHHOR20003,장개시전 협의거래수탁거부신고,DATA,9,호가일자,ORD_DD,String,8,,YYYYMMDD,
매매,TCHHOR20001,TCHHOR20001;TCHHOR20003,장개시전 협의거래수탁거부신고,DATA,10,거래리포트ID,TRD_RPT_ID,String,9,,거래리포트ID,
매매,TCHHOR20001,TCHHOR20001;TCHHOR20003,장개시전 협의거래수탁거부신고,DATA,11,계좌비밀번호,ACNT_PW,String,9,,거래소간에 협의한 계좌비밀번호,
매매,TCHKOR10001,TCHKOR10001,Kill Switch 입력,DATA,1,메세지일련번호,MESSAGE_ / SEQUENCE NUMBER,Long,11,,메세지일련번호,
매매,TCHKOR10001,TCHKOR10001,Kill Switch 입력,DATA,2,트랜잭션코드,TRANSACTION_ / CODE,String,11,,TCHKOR10001,
매매,TCHKOR10001,TCHKOR10001,Kill Switch 입력,DATA,3,ME그룹번호,ME_GRP_NO,String,2,,회원사는 '00'으로 거래소 전달,신규
매매,TCHKOR10001,TCHKOR10001,Kill Switch 입력,DATA,4,시장ID,MARKET_ / IDENTIFICATION,String,3,,별첨-KRX 차세대 상품 ID체계 참고,
매매,TCHKOR10001,TCHKOR10001,Kill Switch 입력,DATA,5,회원번호,MBR_NO,String,5,,거래소가 부여한 회원번호 / * 정정/취소 호가인 경우 원호가와 동일한 값이 입력되어야 함(원호가 정합성 체크),
매매,TCHKOR10001,TCHKOR10001,Kill Switch 입력,DATA,6,계좌번호,ACCOUNT_ / NUMBER,String,12,,* 12자리 구성방법 제한없음. 12자리를 회원사별로 사용,
매매,TCHKOR10001,TCHKOR10001,Kill Switch 입력,DATA,7,제재해제구분코드,SANCTN_RELEAS_TP_CD,String,1,,1:제재 / 2:해제,
매매,TCHKOR10001,TCHKOR10001,Kill Switch 입력,DATA,8,주문매체구분코드,ORD_MEDIA_TP_CD,String,1,,"1 영업점단말 : 주문용단말, 비상주문단말, LP주문 / 2 유선단말 : 음성전화 / 3 무선단말 : 휴대폰, 스마트폰, PDA 등 / 4 HTS : 고객PC, 객장/사이버룸 단말 등 / 8 채권딜러서버 / 9 기타 : 특정위탁자전용주문(통칭 DMA), 반대매매, 선물옵션 주문, K-BLOX 등",
매매,TCHKOR10001,TCHKOR10001,Kill Switch 입력,DATA,9,주문자식별정보,ORDER IDENTIFICATION INFORMATION,String,12,,"공인IP, 사설IP, 단말고유번호, 전화번호, 가입자번호, 기계번호 /  / * 전화번호의 경우 ""-"" 제외 / * IP의 경우 ""."" 제외 / * 반대매매주문의 경우에는 ""BANDAE"", /   ARS주문의 경우에는 ""ARS"",  /   대량거래(K-BLOX협상)의 경우에만 /   ""BLOCK"" 으로 입력  / * 선물옵션기본예탁금액 관련하여 회원의 고객주문 직권취소의 경우에는 ""OVER"" / * Kill Switch 입력 시 ""KILLSWITCH"" / * 소수단위 주식거래의 경우에는 ""SOSU""",
매매,TCHKOR10001,TCHKOR10001,Kill Switch 입력,DATA,10,MAC주소,MAC_ADDR,String,12,,"* PC, 스마트폰, 태블릿PC 등 주문 단말에 동시 장착된 유무선 LAN 카드의 MAC 주소 (LAN 카드가 복수인 경우 1. 유선→무선, 2. 오름차순으로 정렬하여 순서가 가장 빠른 주소 / * 무선단말중 LAN카드 미장착 등 MAC 입력이 불가능한 경우 : “000000000000” / * 통칭 DMA : 실제 위탁자(자기 포함)의 IP, MAC 주소 입력이 원칙임. 단, 위탁자(자기 포함) IP, MAC 주소 수집이 불가능한 경우, ‘통칭 DMA 서버’를 통해서  혹은 다른 수단으로 수집이 가능한 IP, MAC 주소 반드시 ",
매매,TCHKOR10001,TCHKOR10001,Kill Switch 입력,DATA,11,신고일자,DECL_DD,String,8,,YYYYMMDD / * 파생야간은 RDS 파생종목정보 영업일자,
매매,TCHKOR10001,TCHKOR10001,Kill Switch 입력,DATA,12,신고시각,DECL_TM,String,9,,회원 대외계 시스템(FEP)에 도달한 시각 / (HHMMSSsss : 1/1000초까지 표시),
매매,TCHKOR10001,TCHKOR10001,Kill Switch 입력,DATA,13,회원사용영역,MEMBER_ / USE_AREA,String,60,,거래소 회원 사용 입력 영역,
매매,TCHMCR10001,TCHMCR10001,일괄호가취소(MOC) 입력,DATA,1,메세지일련번호,MESSAGE_ / SEQUENCE NUMBER,Long,11,,메세지일련번호,신규
매매,TCHMCR10001,TCHMCR10001,일괄호가취소(MOC) 입력,DATA,2,트랜잭션코드,TRANSACTION_ / CODE,String,11,,TCHMCR10001,신규
매매,TCHMCR10001,TCHMCR10001,일괄호가취소(MOC) 입력,DATA,3,ME그룹번호,ME_GRP_NO,String,2,,회원사는 '00'으로 거래소 전달,신규
매매,TCHMCR10001,TCHMCR10001,일괄호가취소(MOC) 입력,DATA,4,시장ID,MARKET_ / IDENTIFICATION,String,3,,별첨-KRX 차세대 상품 ID체계 참고,신규
매매,TCHMCR10001,TCHMCR10001,일괄호가취소(MOC) 입력,DATA,5,보드ID,BOARD_ID,String,2,,SPACE 입력 필수,신규
매매,TCHMCR10001,TCHMCR10001,일괄호가취소(MOC) 입력,DATA,6,회원번호,MBR_NO,String,5,,,신규
매매,TCHMCR10001,TCHMCR10001,일괄호가취소(MOC) 입력,DATA,7,종목코드,ISSUE_CODE,String,12,,"현물/파생/채권/REPO 통합상품의 종목 코드(ISIN종목코드) / * 종목코드 또는 상품ID 중 1개 항목 필수입력, /   상품ID 입력시 종목코드는 SPACE로 입력",신규
매매,TCHMCR10001,TCHMCR10001,일괄호가취소(MOC) 입력,DATA,8,상품ID,PROD_ID,String,11,,"* 종목코드 또는 상품ID 중 1개 항목 필수입력, /   종목코드 입력시 상품ID는 SPACE로 입력 / 별첨-KRX 차세대 상품 ID체계 참고",신규
매매,TCHMCR10001,TCHMCR10001,일괄호가취소(MOC) 입력,DATA,9,권리유형코드,RGHT_TP_CD,String,1,,"C 콜 / P 풋 / * ALL /  / * 특정 상품 전체에 대한 일괄취소요청인 경우, ALL(*) 입력 / * 종목코드 입력 시, ALL(*) 입력",신규
매매,TCHMCR10001,TCHMCR10001,일괄호가취소(MOC) 입력,DATA,10,거래자ID,TRDR_ID,String,6,M,"일괄호가취소, 자전거래방지 등의 기능을 제공하기 위해 투자자에게 제공하는ID / * 필수입력",신규
매매,TCHMCR10001,TCHMCR10001,일괄호가취소(MOC) 입력,DATA,11,매도매수구분코드,ASKBID_TP_CD,String,1,,"1 매도 / 2 매수 / 3 매도수 / * 정정/취소 호가인 경우 원호가와 동일한 값이 입력되어야 함(원호가 정합성 체크) / * 매도(1), 매수(2), 매도수(3)이 아니면 거부처리",신규
매매,TCHMCR10001,TCHMCR10001,일괄호가취소(MOC) 입력,DATA,12,계좌번호,ACNT_NO,String,12,,* 12자리 구성방법 제한없음. 12자리를 회원사별로 사용 / * 해당사항 없는 경우 SPACE로 입력 / * 정정/취소 호가인 경우 원호가와 동일한 값이 입력되어야 함(원호가 정합성 체크),신규
매매,TCHMCR10001,TCHMCR10001,일괄호가취소(MOC) 입력,DATA,13,호가그룹번호,ORD_GRP_NO,String,2,,거래자ID를 부여받은 투자자가 사전에 그룹핑을 위해 지정한 호가의 그룹번호. / 지정한 그룹번호에 해당하는 호가를 일괄 취소한다 / * 해당사항 없는 경우 SPACE로 입력,신규
매매,TCHMCR10001,TCHMCR10001,일괄호가취소(MOC) 입력,DATA,14,주문매체구분코드,ORD_MEDIA_TP_CD,String,1,,"1 영업점단말 : 주문용단말, 비상주문단말, LP주문 / 2 유선단말 : 음성전화 / 3 무선단말 : 휴대폰, 스마트폰, PDA 등 / 4 HTS : 고객PC, 객장/사이버룸 단말 등 / 8 채권딜러서버 / 9 기타 : 특정위탁자전용주문(통칭 DMA), 반대매매, 선물옵션 주문, K-BLOX 등",신규
매매,TCHMCR10001,TCHMCR10001,일괄호가취소(MOC) 입력,DATA,15,주문자식별정보,ORDER IDENTIFICATION INFORMATION,String,12,,"공인IP, 사설IP, 단말고유번호, 전화번호, 가입자번호, 기계번호 /  / * 전화번호의 경우 ""-"" 제외 / * IP의 경우 ""."" 제외 / * 반대매매주문의 경우에는 ""BANDAE"", /   ARS주문의 경우에는 ""ARS"",  /   대량거래(K-BLOX협상)의 경우에만 /   ""BLOCK"" 으로 입력  / * 선물옵션기본예탁금액 관련하여 회원의 고객주문 직권취소의 경우에는 ""OVER"" / * Kill Switch 입력 시 ""KILLSWITCH"" / * 소수단위 주식거래의 경우에는 ""SOSU""",신규
매매,TCHMCR10001,TCHMCR10001,일괄호가취소(MOC) 입력,DATA,16,MAC주소,MAC_ADDR,String,12,,"* PC, 스마트폰, 태블릿PC 등 주문 단말에 동시 장착된 유무선 LAN 카드의 MAC 주소 (LAN 카드가 복수인 경우 1. 유선→무선, 2. 오름차순으로 정렬하여 순서가 가장 빠른 주소 / * 무선단말중 LAN카드 미장착 등 MAC 입력이 불가능한 경우 : “000000000000” / * 통칭 DMA : 실제 위탁자(자기 포함)의 IP, MAC 주소 입력이 원칙임. 단, 위탁자(자기 포함) IP, MAC 주소 수집이 불가능한 경우, ‘통칭 DMA 서버’를 통해서  혹은 다른 수단으로 수집이 가능한 IP, MAC 주소 반드시 ",신규
매매,TCHMCR10001,TCHMCR10001,일괄호가취소(MOC) 입력,DATA,17,신고일자,DECL_DD,String,8,,YYYYMMDD / * 파생야간은 RDS 파생종목정보 영업일자,신규
매매,TCHMCR10001,TCHMCR10001,일괄호가취소(MOC) 입력,DATA,18,신고시각,DECL_TM,String,9,,회원 대외계 시스템(FEP)에 도달한 시각 / (HHMMSSsss : 1/1000초까지 표시),신규
매매,TCHMCR10001,TCHMCR10001,일괄호가취소(MOC) 입력,DATA,19,회원사용영역,MEMBER_ / USE_AREA,String,60,,거래소 회원 사용 입력 영역,신규
매매,TTRTDP21301,TTRTDP21301;TTRTDP21302;TTRTDP21303,회원체결결과,DATA,1,메세지일련번호,MESSAGE_ / SEQUENCE NUMBER,Long,11,,메세지일련번호,
매매,TTRTDP21301,TTRTDP21301;TTRTDP21302;TTRTDP21303,회원체결결과,DATA,2,트랜잭션코드,TRANSACTION_ / CODE,String,11,,회원사 기준체결 :   TTRTDP21301 / 경쟁대량체결결과 : TTRTDP21302 / 경쟁대량VWAP :  TTRTDP21303,
매매,TTRTDP21301,TTRTDP21301;TTRTDP21302;TTRTDP21303,회원체결결과,DATA,3,ME그룹번호,ME_GRP_NO,String,2,,매칭그룹별 일련번호 / 대량의 경우 '01'로 회원사 전달,
매매,TTRTDP21301,TTRTDP21301;TTRTDP21302;TTRTDP21303,회원체결결과,DATA,4,보드ID,BOARD_ID,String,2,,별첨_보드ID 매핑 참고,
매매,TTRTDP21301,TTRTDP21301;TTRTDP21302;TTRTDP21303,회원체결결과,DATA,5,회원번호,MEMBER_ / NUMBER,String,5,,,
매매,TTRTDP21301,TTRTDP21301;TTRTDP21302;TTRTDP21303,회원체결결과,DATA,6,지점번호,BRANCH_ / NUMBER,String,5,,,
매매,TTRTDP21301,TTRTDP21301;TTRTDP21302;TTRTDP21303,회원체결결과,DATA,7,주문ID,ORDER_ / IDENTIFICATION,String,10,,* 문자를 포함 / * 종목+회원+지점+주문ID가 Key (Unique),
매매,TTRTDP21301,TTRTDP21301;TTRTDP21302;TTRTDP21303,회원체결결과,DATA,8,원주문ID,ORIGINAL_ / ORDER_ / IDENTIFICATION,String,10,,,
매매,TTRTDP21301,TTRTDP21301;TTRTDP21302;TTRTDP21303,회원체결결과,DATA,9,종목코드,ISSUE_CODE,String,12,,현물/파생/채권/REPO 통합상품의 종목 코드(ISIN종목코드),
매매,TTRTDP21301,TTRTDP21301;TTRTDP21302;TTRTDP21303,회원체결결과,DATA,10,체결번호,TRADING_ / NUMBER,Long,11,,"호가장 관리 원칙에 따라 부여되는 회원기준 체결 일련번호 / * 보드ID, 종목별로 새로운 번호 부여 -> 종목, 체결번호를 Key로 사용하면 안됨 (중복가능)",
매매,TTRTDP21301,TTRTDP21301;TTRTDP21302;TTRTDP21303,회원체결결과,DATA,11,체결가격,TRADING_ / PRICE,Float,11,,매도 매수 호가간의 거래성사된 가격 / 경쟁대량체결결과인 경우 0  / (경쟁대량VWAP은 체결가격 있음),
매매,TTRTDP21301,TTRTDP21301;TTRTDP21302;TTRTDP21303,회원체결결과,DATA,12,체결수량,TRADING_ / VOLUMN,Long,10,,매도 매수 호가간의 거래성사된 수량,
매매,TTRTDP21301,TTRTDP21301;TTRTDP21302;TTRTDP21303,회원체결결과,DATA,13,세션ID,SESS_ID,String,2,,별첨-세션ID 매핑 참고,
매매,TTRTDP21301,TTRTDP21301;TTRTDP21302;TTRTDP21303,회원체결결과,DATA,14,체결일자,TRADING_ / DATE,String,8,,YYYYMMDD / * 파생야간은 RDS 파생종목정보 영업일자,
매매,TTRTDP21301,TTRTDP21301;TTRTDP21302;TTRTDP21303,회원체결결과,DATA,15,체결시각,TRADING_TIME,String,9,,"현물(유가증권, 코스닥)  1/1000 초 제공 (파생은 기제공됨)",
매매,TTRTDP21301,TTRTDP21301;TTRTDP21302;TTRTDP21303,회원체결결과,DATA,16,근월물체결가격,THE NEARBY  / MONTH_ / TRADING_ / PRICE,Float,11,,1) 월물간 스프레드 종목의 경우 근월물 체결가격 /    - 선물시장에서 거래되는 어느 특정상품에 대한 여러 만기일 중 현 시점에서 가장 짧은 만기일을 가진 결제월물 가격 / 2) 상품간 스프레드 종목의 경우 제1상품의 체결가격(기준상품의 체결가격),
매매,TTRTDP21301,TTRTDP21301;TTRTDP21302;TTRTDP21303,회원체결결과,DATA,17,원월물체결가격,THE FUTURE / MONTH_ / TRADING_ / PRICE,Float,11,,1) 월물간 스프레드 종목의 경우 원월물 체결가격 /     -선물시장에서 거래되는 어느 특정상품에 대한 여러 만기일 중 현 시점에서 두 번째로 짧은 만기일을 가진 결제월물 가격 / 2) 상품간 스프레드 종목의 경우 제2상품의 체결가격(부대상품의 체결가격),
매매,TTRTDP21301,TTRTDP21301;TTRTDP21302;TTRTDP21303,회원체결결과,DATA,18,매도매수구분코드,ASK_BID_ / TYPE_CODE,String,1,,1 매도 / 2 매수,
매매,TTRTDP21301,TTRTDP21301;TTRTDP21302;TTRTDP21303,회원체결결과,DATA,19,계좌번호,ACCOUNT_ / NUMBER,String,12,,* 12자리 구성방법 제한없음. 12자리를 회원사별로 사용,
매매,TTRTDP21301,TTRTDP21301;TTRTDP21302;TTRTDP21303,회원체결결과,DATA,20,시장조성자호가구분코드,MM_ORD_TP_CD,String,1,,"1) 현물 /     0 : 일반 /     1 : LP호가 /     2 : MM호가 / 2) 파생상품 /     0 : 일반 /     2 : MM호가 /     0 : 일반 /     1~ : 시장조성자호가구분번호 /  / * 파생 /  - 시장조성호가의 경우 /      1부터 순차적으로 번호를 부여하고, 양방향호가의 경우 동일 번호를 부여하는 것이 원칙이나 해당 처리가 가능한 시스템을 구비하지 못한 회원사의 경우  시장조성호가에 대해 번호 증가없이 1로만 입력할 수 있음 /  / * 정정호가인 경우 원호가와 동일한 값이 입",변경
매매,TTRTDP21301,TTRTDP21301;TTRTDP21302;TTRTDP21303,회원체결결과,DATA,21,위탁사번호,TRUST COMPANY_ / NUMBER,String,5,,,
매매,TTRTDP21301,TTRTDP21301;TTRTDP21302;TTRTDP21303,회원체결결과,DATA,22,대용주권계좌번호,SUBSTITUTE_ / STOCK_ / CERTIFICATE_ / ACCOUNT_ / NUMBER,String,12,,,
매매,TTRTDP21301,TTRTDP21301;TTRTDP21302;TTRTDP21303,회원체결결과,DATA,23,회원사용영역,MEMBER_ / USE_AREA,String,60,,거래소 회원 사용 입력 영역,
매매,TTRTDP21301,TTRTDP21301;TTRTDP21302;TTRTDP21303,회원체결결과,DATA,24,최종매도매수구분코드,LAST_ASK_BID_TYPE_CODE,String,1,,체결호가 중 후행호가(Taker)의 매도매수 구분 표기 /  / 1 : 후행호가가 매도 / 2 : 후행호가가 매수 / SPACE : 후행호가 구분 없음,
매매,TTRTDP42301,TTRTDP42301,"채권체결결과(일반,조성)",DATA,1,메세지일련번호,MESSAGE_ / SEQUENCE NUMBER,Long,11,,메세지일련번호,
매매,TTRTDP42301,TTRTDP42301,"채권체결결과(일반,조성)",DATA,2,트랜잭션코드,TRANSACTION_ / CODE,String,11,,TTRTDP42301,
매매,TTRTDP42301,TTRTDP42301,"채권체결결과(일반,조성)",DATA,3,ME그룹번호,ME_GRP_NO,String,2,,매칭그룹별 일련번호,
매매,TTRTDP42301,TTRTDP42301,"채권체결결과(일반,조성)",DATA,4,시장ID,MARKET_ / IDENTIFICATION,String,3,,별첨-KRX 차세대 상품 ID체계 참고,
매매,TTRTDP42301,TTRTDP42301,"채권체결결과(일반,조성)",DATA,5,보드ID,BOARD_ID,String,2,,별첨_보드ID 매핑 참고,
매매,TTRTDP42301,TTRTDP42301,"채권체결결과(일반,조성)",DATA,6,회원번호,MEMBER_ / NUMBER,String,5,,,
매매,TTRTDP42301,TTRTDP42301,"채권체결결과(일반,조성)",DATA,7,지점번호,BRANCH_ / NUMBER,String,5,,,
매매,TTRTDP42301,TTRTDP42301,"채권체결결과(일반,조성)",DATA,8,주문ID,ORDER_ / IDENTIFICATION,String,10,,* 문자를 포함 / * 종목+회원+지점+주문ID가 Key (Unique),
매매,TTRTDP42301,TTRTDP42301,"채권체결결과(일반,조성)",DATA,9,원주문ID,ORIGINAL_ / ORDER_ / IDENTIFICATION,String,10,,,
매매,TTRTDP42301,TTRTDP42301,"채권체결결과(일반,조성)",DATA,10,종목코드,ISSUE_CODE,String,12,,현물/파생/채권/REPO 통합상품의 종목 코드(ISIN종목코드),
매매,TTRTDP42301,TTRTDP42301,"채권체결결과(일반,조성)",DATA,11,체결번호,TRADING_ / NUMBER,Long,11,,"호가장 관리 원칙에 따라 부여되는 회원기준 체결 일련번호 / * 보드ID, 종목별로 새로운 번호 부여 -> 종목, 체결번호를 Key로 사용하면 안됨 (중복가능)",
매매,TTRTDP42301,TTRTDP42301,"채권체결결과(일반,조성)",DATA,12,체결수익률,TRADING_YLD,Float,13,,부호/소수점 포함.,
매매,TTRTDP42301,TTRTDP42301,"채권체결결과(일반,조성)",DATA,13,체결가격,TRADING_ / PRICE,Float,11,,매도 매수 호가간의 거래성사된 가격 / 경쟁대량체결결과인 경우 0  / (경쟁대량VWAP은 체결가격 있음) /  / 소수점 미만 둘째 자리의 값은 0으로 고정,
매매,TTRTDP42301,TTRTDP42301,"채권체결결과(일반,조성)",DATA,14,체결수량,TRADING_ / VOLUMN,Long,10,,매도 매수 호가간의 거래성사된 수량 / 단위 천원,
매매,TTRTDP42301,TTRTDP42301,"채권체결결과(일반,조성)",DATA,15,세션ID,SESS_ID,String,2,,별첨-세션ID 매핑 참고,
매매,TTRTDP42301,TTRTDP42301,"채권체결결과(일반,조성)",DATA,16,체결일자,TRADING_ / DATE,String,8,,YYYYMMDD,
매매,TTRTDP42301,TTRTDP42301,"채권체결결과(일반,조성)",DATA,17,체결시각,TRADING_TIME,String,9,,"현물(유가증권, 코스닥)  1/1000 초 제공 (파생은 기제공됨)",
매매,TTRTDP42301,TTRTDP42301,"채권체결결과(일반,조성)",DATA,18,매도매수구분코드,ASK_BID_ / TYPE_CODE,String,1,,1 매도 / 2 매수,
매매,TTRTDP42301,TTRTDP42301,"채권체결결과(일반,조성)",DATA,19,매도유형코드,ASK_TYPE_ / CODE,String,2,,"00 해당없음 / 01 일반매도 / 02 차입증권매도 / 06 기타매도 /  / * 매수호가 및 파생상품은 00 해당없음 사용 / * 공매도 가격제한 대상 : 02 차입증권매도 / * 정정, 취소호가는 SPACE로 입력 / * 정정호가의 경우 원호가의 정보와 동일한 것으로 인정함 /  / * 03, 04, 05 삭제 --> 06으로 통합 / * 06 명칭변경",
매매,TTRTDP42301,TTRTDP42301,"채권체결결과(일반,조성)",DATA,20,계좌번호,ACCOUNT_ / NUMBER,String,12,,* 12자리 구성방법 제한없음. 12자리를 회원사별로 사용,
매매,TTRTDP42301,TTRTDP42301,"채권체결결과(일반,조성)",DATA,21,채권호가종류코드,ORD_KIND_CD,String,1,,1. 양방향호가  / 3. 매매호가,
매매,TTRTDP42301,TTRTDP42301,"채권체결결과(일반,조성)",DATA,22,호가수량,ORD_QTY,Long,10,,단위 천원,
매매,TTRTDP42301,TTRTDP42301,"채권체결결과(일반,조성)",DATA,23,호가가격,ORD_PRC,Float,11,,소수점 미만 둘째 자리의 값은 0으로 고정,
매매,TTRTDP42301,TTRTDP42301,"채권체결결과(일반,조성)",DATA,24,주문수익률,YLD,Float,13,,부호/소수점 포함.,
매매,TTRTDP42301,TTRTDP42301,"채권체결결과(일반,조성)",DATA,25,위탁자기구분코드,TRST_PRINC_TP_CD,String,2,,1)현물 / 10 위탁매매 / 30 자기매매 /  / 2)파생상품 /   11 위탁거래 /   12 위탁주선거래 /   13 회원의 위탁거래  /   31 호가입력회원의 자기거래 /  / 3)채권 / 10 위탁매매 / 30 자기매매 / 33 매도대행사 반대매도 /  / * 현물 /  - 자기매매 : 증권업자가 자기계정으로 매매하는 경우 /  - 위탁매매 : 자기매매가 아닌 경우 / * 파생 /   - 신탁업 및 집합투자업을 겸영하는 투자매매업자의 신탁거래 및 집합투자거래는 위탁거래로 입력함 / * 취소호가는 SPACE로 입력 / *,
매매,TTRTDP42301,TTRTDP42301,"채권체결결과(일반,조성)",DATA,26,위탁사번호,TRUST COMPANY_ / NUMBER,String,5,,,
매매,TTRTDP42301,TTRTDP42301,"채권체결결과(일반,조성)",DATA,27,계좌구분코드,ACCOUNT_ / TYPE_CODE,String,2,,1) 현물 / 00 : 일반 / 01 : 대표투자자계좌(외국인) / 02 : 증권회사통합계좌(외국인) / 03 : FP계좌-복수일임형랩계좌 / 04 : FP계좌-단일일임형랩계좌 / 05 : FP아닌일임형랩계좌 / 06 : Buy-In매수전용계좌 / 07:  복수신탁계좌-대표계좌 이용 / 08:  단일신탁계좌-대표계좌미이용 / 09 : 기타 / 10: 시장조성헤지계좌(파생연계) / 11: 시장조성계좌(현물) / 12: 비과세해외주식투자전용ETF계좌 / 13 : 소액투자전용계좌(코넥스) / 14 : 외국인통합계좌 / 15 : 차익거래전,
매매,TTRTDP42301,TTRTDP42301,"채권체결결과(일반,조성)",DATA,28,투자자구분코드,ASK_INVST_TP_CD,String,4,,"1000 금융투자회사 / 2000 보험회사 / 3000 자산운용회사 및 투자회사 / 3100 사모펀드 / 4000 은행 (자산운용회사의 신탁재산은 자산운용회사로 분류) / 5000 기타금융 / 6000 연금, 기금 및 공제회 / 7000 국가, 지자체 국제기구 및 공익기관 / 7100 기타법인 / 8000 개인 /  / * 7100 : 기존 7000번 분류를 세분화하여 추가확정  / * 파생 : 3100 사용불가 /   --> 기타 투자자분류코드(예 : 3000, 7100 등)에 맞게 입력함 / * 정정, 취소호가는 SPACE로 입",
매매,TTRTDP42301,TTRTDP42301,"채권체결결과(일반,조성)",DATA,29,필러값,FILLER,String,6,,,
매매,TTRTDP42301,TTRTDP42301,"채권체결결과(일반,조성)",DATA,30,외국인투자자구분코드,FOREIGN INVESTOR_ / TYPE_CODE,String,2,,1) 현물 / 00 외국인아님 / (10 외국인(거주)) /   11 식별번호 있는 외국인 (거주) /   12 식별번호 없는 외국인 (거주) / (20 외국인(비거주)) /   21 식별번호 있는 외국인 (비거주) /   22 식별번호 없는 외국인 (비거주) /  / 2) 파생상품 / 00 외국인아님 / 10 외국인(거주) / 20 외국인(비거주),
매매,TTRTDP42301,TTRTDP42301,"채권체결결과(일반,조성)",DATA,31,주문매체구분코드,ORD_MEDIA_TP_CD,String,1,,"1 영업점단말 : 주문용단말, 비상주문단말, LP주문 / 2 유선단말 : 음성전화 / 3 무선단말 : 휴대폰, 스마트폰, PDA 등 / 4 HTS : 고객PC, 객장/사이버룸 단말 등 / 8 채권딜러서버 / 9 기타 : 특정위탁자전용주문(통칭 DMA), 반대매매, 선물옵션 주문, K-BLOX 등",
매매,TTRTDP42301,TTRTDP42301,"채권체결결과(일반,조성)",DATA,32,주문자식별정보,ORDER IDENTIFICATION INFORMATION,String,12,,"공인IP, 사설IP, 단말고유번호, 전화번호, 가입자번호, 기계번호 /  / * 전화번호의 경우 ""-"" 제외 / * IP의 경우 ""."" 제외 / * 반대매매주문의 경우에는 ""BANDAE"", /   ARS주문의 경우에는 ""ARS"",  /   대량거래(K-BLOX협상)의 경우에만 /   ""BLOCK"" 으로 입력  / * 선물옵션기본예탁금액 관련하여 회원의 고객주문 직권취소의 경우에는 ""OVER"" / * Kill Switch 입력 시 ""KILLSWITCH"" / * 소수단위 주식거래의 경우에는 ""SOSU""",
매매,TTRTDP42301,TTRTDP42301,"채권체결결과(일반,조성)",DATA,33,MAC주소,MAC_ADDR,String,12,,"* PC, 스마트폰, 태블릿PC 등 주문 단말에 동시 장착된 유무선 LAN 카드의 MAC 주소 (LAN 카드가 복수인 경우 1. 유선→무선, 2. 오름차순으로 정렬하여 순서가 가장 빠른 주소 / * 무선단말중 LAN카드 미장착 등 MAC 입력이 불가능한 경우 : “000000000000” / * 통칭 DMA : 실제 위탁자(자기 포함)의 IP, MAC 주소 입력이 원칙임. 단, 위탁자(자기 포함) IP, MAC 주소 수집이 불가능한 경우, ‘통칭 DMA 서버’를 통해서  혹은 다른 수단으로 수집이 가능한 IP, MAC 주소 반드시 ",
매매,TTRTDP42301,TTRTDP42301,"채권체결결과(일반,조성)",DATA,34,효력정지재개구분코드,EFCT_STOP_REOPN_TP_CD,String,1,,0:해당없음 / 1:효력정지 / 2:거래원효력정지 / 3:효력재개 / 4:거래원효력재개,
매매,TTRTDP42301,TTRTDP42301,"채권체결결과(일반,조성)",DATA,35,회원사용영역,MEMBER_ / USE_AREA,String,60,,거래소 회원 사용 입력 영역,
매매,TTRTDP42301,TTRTDP42301,"채권체결결과(일반,조성)",DATA,36,거래원번호,TRDR_NO,String,5,,,
매매,TTRTDP42301,TTRTDP42301,"채권체결결과(일반,조성)",DATA,37,결제일자,SETL_DD,String,8,,YYYYMMDD,
매매,TTRTDP42301,TTRTDP42301,"채권체결결과(일반,조성)",DATA,38,시장조성자호가구분번호,MM_ORD_TP_NO,Long,11,,"1) 현물 /     0 : 일반 /     1 : LP호가 / 2) 파생상품 /     0 : 일반 /     1~ : 시장조성자호가구분번호 / 3) 채권 /     0 : 일반 /     1 : PD /     2 : PD+인센티브 /     3 : 인센티브 /  / * 정정호가인 경우 원호가와 동일한 값이 입력되어야 함(원호가 정합성 체크) /  --> 파생의 경우 원호가가 0 아닌 값인 경우, 정정호가도 0 아닌 값이어야 하고 원호가가 0 인 경우, 정정호가도 0 이어야 함 /  / * 취소호가는 0으로 입력 / * 경쟁대량",
매매,TTRTDP42301,TTRTDP42301,"채권체결결과(일반,조성)",DATA,39,최종매도매수구분코드,LST_ASKBID_TP_CD,String,1,,"1: 매도, 2: 매수 / * 체결된 호가 중 후행호가의 매도매수구분 / - 제출된 호가가 1(매도)인 경우: /   1: 해당호가가 후행호가 /   2: 자기호가가 선행호가 / - 제출된 호가가 2(매수)인 경우: /   1: 해당호가가 선행호가 /   2: 자기호가가 후행호가",
매매,TTRODP11301,TTRODP11301;TTRODP11321;TTRODP11303;TTRODP11305;TTRODP11322;TTRODP11306;TTRODP11308;TTRODP11310;TTRODP11311;TTRODP11312;TTRODP11401,회원처리호가,DATA,1,메세지일련번호,MESSAGE_ / SEQUENCE  / NUMBER,Long,11,,메세지일련번호,
매매,TTRODP11301,TTRODP11301;TTRODP11321;TTRODP11303;TTRODP11305;TTRODP11322;TTRODP11306;TTRODP11308;TTRODP11310;TTRODP11311;TTRODP11312;TTRODP11401,회원처리호가,DATA,2,트랜잭션코드,TRANSACTION_ / CODE,String,11,,회원처리호가 / (정상) : TTRODP11301 / (거부) : TTRODP11321 / (자동취소) : TTRODP11303 / (경쟁대량정상) : TTRODP11305 / (경쟁대량거부) : TTRODP11322 / (경쟁대량자동취소) :TTRODP11306 / (Buy-In 자동매수) : TTRODP11308 / (프로그램매매호가효력정지) : TTRODP11310 / (실시간가격제한지정가전환(접수즉시전환)) : TTRODP11311 / (실시간가격제한지정가전환(접수후전환)) : TTRODP11312 / 스탑호가정상 : TTR,
매매,TTRODP11301,TTRODP11301;TTRODP11321;TTRODP11303;TTRODP11305;TTRODP11322;TTRODP11306;TTRODP11308;TTRODP11310;TTRODP11311;TTRODP11312;TTRODP11401,회원처리호가,DATA,3,ME그룹번호,ME_GRP_NO,String,2,,매칭그룹별 일련번호 / 대량의 경우 '01'로 회원사 전달,
매매,TTRODP11301,TTRODP11301;TTRODP11321;TTRODP11303;TTRODP11305;TTRODP11322;TTRODP11306;TTRODP11308;TTRODP11310;TTRODP11311;TTRODP11312;TTRODP11401,회원처리호가,DATA,4,보드ID,BOARD_ID,String,2,,별첨_보드ID 매핑 참고,
매매,TTRODP11301,TTRODP11301;TTRODP11321;TTRODP11303;TTRODP11305;TTRODP11322;TTRODP11306;TTRODP11308;TTRODP11310;TTRODP11311;TTRODP11312;TTRODP11401,회원처리호가,DATA,5,회원번호,MEMBER_ / NUMBER,String,5,,,
매매,TTRODP11301,TTRODP11301;TTRODP11321;TTRODP11303;TTRODP11305;TTRODP11322;TTRODP11306;TTRODP11308;TTRODP11310;TTRODP11311;TTRODP11312;TTRODP11401,회원처리호가,DATA,6,지점번호,BRANCH_ / NUMBER,String,5,,,
매매,TTRODP11301,TTRODP11301;TTRODP11321;TTRODP11303;TTRODP11305;TTRODP11322;TTRODP11306;TTRODP11308;TTRODP11310;TTRODP11311;TTRODP11312;TTRODP11401,회원처리호가,DATA,7,주문ID,ORDER_ / IDENTIFICATION,String,10,,* 문자를 포함 / * 종목+회원+지점+주문ID가 Key (Unique),
매매,TTRODP11301,TTRODP11301;TTRODP11321;TTRODP11303;TTRODP11305;TTRODP11322;TTRODP11306;TTRODP11308;TTRODP11310;TTRODP11311;TTRODP11312;TTRODP11401,회원처리호가,DATA,8,원주문ID,ORIGINAL_ / ORDER_ / IDENTIFICATION,String,10,,,
매매,TTRODP11301,TTRODP11301;TTRODP11321;TTRODP11303;TTRODP11305;TTRODP11322;TTRODP11306;TTRODP11308;TTRODP11310;TTRODP11311;TTRODP11312;TTRODP11401,회원처리호가,DATA,9,종목코드,ISSUE_CODE / [Symbol],String,12,,현물/파생/채권/REPO 통합상품의 종목 코드(ISIN종목코드),
매매,TTRODP11301,TTRODP11301;TTRODP11321;TTRODP11303;TTRODP11305;TTRODP11322;TTRODP11306;TTRODP11308;TTRODP11310;TTRODP11311;TTRODP11312;TTRODP11401,회원처리호가,DATA,10,매도매수구분코드,ASK_BID_ / TYPE_CODE,String,1,,1 매도 / 2 매수,
매매,TTRODP11301,TTRODP11301;TTRODP11321;TTRODP11303;TTRODP11305;TTRODP11322;TTRODP11306;TTRODP11308;TTRODP11310;TTRODP11311;TTRODP11312;TTRODP11401,회원처리호가,DATA,11,정정취소구분코드,MODIFY OR CANCEL_ / TYPE_CODE,String,1,,1 신규 / 2 정정 / 3 취소,
매매,TTRODP11301,TTRODP11301;TTRODP11321;TTRODP11303;TTRODP11305;TTRODP11322;TTRODP11306;TTRODP11308;TTRODP11310;TTRODP11311;TTRODP11312;TTRODP11401,회원처리호가,DATA,12,계좌번호,ACCOUNT_ / NUMBER,String,12,,* 12자리 구성방법 제한없음. 12자리를 회원사별로 사용,
매매,TTRODP11301,TTRODP11301;TTRODP11321;TTRODP11303;TTRODP11305;TTRODP11322;TTRODP11306;TTRODP11308;TTRODP11310;TTRODP11311;TTRODP11312;TTRODP11401,회원처리호가,DATA,13,호가수량,ORDER_ / QUANTITY,Long,10,,,
매매,TTRODP11301,TTRODP11301;TTRODP11321;TTRODP11303;TTRODP11305;TTRODP11322;TTRODP11306;TTRODP11308;TTRODP11310;TTRODP11311;TTRODP11312;TTRODP11401,회원처리호가,DATA,14,호가가격,ORDER_PRICE,Float,11,,* 가격이 없는 호가유형인 경우 0으로 입력 / * 시간외종가 호가의 경우 0으로 입력 / * 취소호가는 0으로 입력 / * 경쟁대량매매는 0으로 입력,
매매,TTRODP11301,TTRODP11301;TTRODP11321;TTRODP11303;TTRODP11305;TTRODP11322;TTRODP11306;TTRODP11308;TTRODP11310;TTRODP11311;TTRODP11312;TTRODP11401,회원처리호가,DATA,15,호가유형코드,ORDER_TYPE_ / CODE,String,1,,"1 시장가 (Market) / 2 지정가 (Limit) / 4 스톱지정가(StopLimit) / M 중간가(Midpoint) / T 가격제한시장가 / W 가격제한최유리지정가 / I 조건부지정가 (Limit To Market) / V 경쟁대량 (현물만 해당, 값 변경 : 3->V) / X 최유리지정가 / Y 최우선지정가 (현물만 해당) /  / * 취소호가는 SPACE로 입력 / * 코넥스 경매매는 2:지정가만 가능 / * 파생시장 1,X 불가 (T,W 으로 대체)",
매매,TTRODP11301,TTRODP11301;TTRODP11321;TTRODP11303;TTRODP11305;TTRODP11322;TTRODP11306;TTRODP11308;TTRODP11310;TTRODP11311;TTRODP11312;TTRODP11401,회원처리호가,DATA,16,호가조건코드,ORDER_ / CONDITION_ / CODE,String,1,,0 일반 (FAS) / 3 FAK(IOC) / 4 FOK /  / * 취소호가는 SPACE로 입력,
매매,TTRODP11301,TTRODP11301;TTRODP11321;TTRODP11303;TTRODP11305;TTRODP11322;TTRODP11306;TTRODP11308;TTRODP11310;TTRODP11311;TTRODP11312;TTRODP11401,회원처리호가,DATA,17,최소체결수량,MIN_TRDVOL,Long,10,,회원사는 '0'으로 거래소 전달,신규
매매,TTRODP11301,TTRODP11301;TTRODP11321;TTRODP11303;TTRODP11305;TTRODP11322;TTRODP11306;TTRODP11308;TTRODP11310;TTRODP11311;TTRODP11312;TTRODP11401,회원처리호가,DATA,18,시장조성자호가구분코드,MM_ORD_TP_CD,String,1,,"1) 현물 /     0 : 일반 /     1 : LP호가 /     2 : MM호가 / 2) 파생상품 /     0 : 일반 /     2 : MM호가 /     0 : 일반 /     1~ : 시장조성자호가구분번호 /  / * 파생 /  - 시장조성호가의 경우 /      1부터 순차적으로 번호를 부여하고, 양방향호가의 경우 동일 번호를 부여하는 것이 원칙이나 해당 처리가 가능한 시스템을 구비하지 못한 회원사의 경우  시장조성호가에 대해 번호 증가없이 1로만 입력할 수 있음 /  / * 정정호가인 경우 원호가와 동일한 값이 입",변경
매매,TTRODP11301,TTRODP11301;TTRODP11321;TTRODP11303;TTRODP11305;TTRODP11322;TTRODP11306;TTRODP11308;TTRODP11310;TTRODP11311;TTRODP11312;TTRODP11401,회원처리호가,DATA,19,자사주신고서ID,TREASURY STOCK_ / STATEMENT_ / IDENTIFICATION,String,5,,"0 해당없음(0    ) / N 자사주직접일반(N    ) / S 자사주직접스탁옵션(S    ) / 1 ~ 99999 자사주신탁(신고서일련번호) /  / * 파생상품은 0 해당없음 사용 / * 유가증권은 자사주신탁일경우 신청서 입력시마다 발행되는 자사주신고서ID를 입력 / * 정정, 취소호가는 SPACE로 입력 / * 정정호가의 경우 원호가의 정보와 동일한 것으로 인정함 / * 경쟁대량매매호가는 SPACE로 입력 / * 코넥스 경매매호가는 SPACE로 입력",
매매,TTRODP11301,TTRODP11301;TTRODP11321;TTRODP11303;TTRODP11305;TTRODP11322;TTRODP11306;TTRODP11308;TTRODP11310;TTRODP11311;TTRODP11312;TTRODP11401,회원처리호가,DATA,20,자사주매매방법코드,TREASURY STOCK_ / TRADING_ / METHOD_ / CODE,String,1,,"0 해당없음 / 1 자사주일반 / 2 한은등 자사주 / 3 정부등 자사주 /  / * 파생상품은 0 해당없음 사용 / * 2,3 : 장종료후시간외대량 매수만 가능, 당일거래(매매거래의 종류) 관련 사용 / -> 자사주일반은 시간외대량 매수 불가 (매도만 가능) / * 3 : 장종료후시간외대량 매수시 상/하한가 제한 없음 / * 정정, 취소호가는 SPACE로 입력 / * 정정호가의 경우 원호가의 정보와 동일한 것으로 인정함 / * 경쟁대량매매호가는 SPACE로 입력 / * 코넥스 경매매호가는 SPACE로 입력",
매매,TTRODP11301,TTRODP11301;TTRODP11321;TTRODP11303;TTRODP11305;TTRODP11322;TTRODP11306;TTRODP11308;TTRODP11310;TTRODP11311;TTRODP11312;TTRODP11401,회원처리호가,DATA,21,매도유형코드,ASK_TYPE_ / CODE,String,2,,"00 해당없음 / 01 일반매도 / 02 차입증권매도 / 06 기타매도 /  / * 매수호가 및 파생상품은 00 해당없음 사용 / * 공매도 가격제한 대상 : 02 차입증권매도 / * 정정, 취소호가는 SPACE로 입력 / * 정정호가의 경우 원호가의 정보와 동일한 것으로 인정함 /  / * 03, 04, 05 삭제 --> 06으로 통합 / * 06 명칭변경",
매매,TTRODP11301,TTRODP11301;TTRODP11321;TTRODP11303;TTRODP11305;TTRODP11322;TTRODP11306;TTRODP11308;TTRODP11310;TTRODP11311;TTRODP11312;TTRODP11401,회원처리호가,DATA,22,신용구분코드,CREDIT_TYPE_ / CODE,String,2,,"10 보통(일반) / 21 자기융자매수 / 22 자기융자매도상환 / 23 자기대주매도 / 24 자기대주매수상환 / 31 유통융자매수 / 32 유통융자매도상환 / 33 유통대주매도 / 34 유통대주매수상환 / 41 CFD연계매매 /  / * 파생상품은 10 보통 사용 / * 정정, 취소호가는 SPACE로 입력 / * 정정의 경우 원호가의 정보와 동일한 것으로 인정함",
매매,TTRODP11301,TTRODP11301;TTRODP11321;TTRODP11303;TTRODP11305;TTRODP11322;TTRODP11306;TTRODP11308;TTRODP11310;TTRODP11311;TTRODP11312;TTRODP11401,회원처리호가,DATA,23,위탁자기구분코드,TRUST_ / PRINCIPAL_ / TYPE_CODE,String,2,,1)현물 / 10 위탁매매 / 30 자기매매 /  / 2)파생상품 /   11 위탁거래 /   12 위탁주선거래 /   13 회원의 위탁거래  /   31 호가입력회원의 자기거래 /   32 비회원의 자기거래 /  / 3)채권 / 10 위탁매매 / 30 자기매매 / 33 매도대행사 반대매도 /  / * 현물 /  - 자기매매 : 증권업자가 자기계정으로 매매하는 경우 /  - 위탁매매 : 자기매매가 아닌 경우 / * 파생 /   - 신탁업 및 집합투자업을 겸영하는 투자매매업자의 신탁거래 및 집합투자거래는 위탁거래로 입력함 / * 취소,
매매,TTRODP11301,TTRODP11301;TTRODP11321;TTRODP11303;TTRODP11305;TTRODP11322;TTRODP11306;TTRODP11308;TTRODP11310;TTRODP11311;TTRODP11312;TTRODP11401,회원처리호가,DATA,24,위탁사번호,TRUST COMPANY_ / NUMBER,String,5,,"* 파생상품의 경우 위탁사번호 미사용 / * 파생 : 회원의 위탁거래(위탁자기구분코드=13)인 경우 위탁사번호 입력, 위탁사가 없는 경우(위탁자기구분코드 11, 12, 31) SPACE로 입력",
매매,TTRODP11301,TTRODP11301;TTRODP11321;TTRODP11303;TTRODP11305;TTRODP11322;TTRODP11306;TTRODP11308;TTRODP11310;TTRODP11311;TTRODP11312;TTRODP11401,회원처리호가,DATA,25,PT구분코드,PROGRAM TRADING_ / TYPE_CODE,String,2,,"1) 현물 /  00 일반 / (10 차익거래) /    11 지수차익거래, /    12 주식차익거래, /    13 ETF차익거래이면서 지수비차익거래인 경우 /    14 ETF차익거래이면서 지수비차익거래가 아닌 경우 /    15 DR차익거래 /    16 KDR차익거래 /    17 ETN차익거래이면서 지수비차익거래인 경우 /    18 ETN차익거래이면서 지수비차익거래가 아닌 경우 /    19 섹터지수차익거래 / (20 헤지거래) /    21 ELW LP 헤지거래 /    22 파생MM 헤지거래 /    23 ETF L",
매매,TTRODP11301,TTRODP11301;TTRODP11321;TTRODP11303;TTRODP11305;TTRODP11322;TTRODP11306;TTRODP11308;TTRODP11310;TTRODP11311;TTRODP11312;TTRODP11401,회원처리호가,DATA,26,대용주권계좌번호,SUBSTITUTE_ / STOCK_ / CERTIFICATE_ / ACCOUNT_ / NUMBER,String,12,,,
매매,TTRODP11301,TTRODP11301;TTRODP11321;TTRODP11303;TTRODP11305;TTRODP11322;TTRODP11306;TTRODP11308;TTRODP11310;TTRODP11311;TTRODP11312;TTRODP11401,회원처리호가,DATA,27,계좌구분코드,ACCOUNT_ / TYPE_CODE,String,2,,1) 현물 / 00 : 일반 / 01 : 대표투자자계좌(외국인) / 02 : 증권회사통합계좌(외국인) / 03 : FP계좌-복수일임형랩계좌 / 04 : FP계좌-단일일임형랩계좌 / 05 : FP아닌일임형랩계좌 / 06 : Buy-In매수전용계좌 / 07:  복수신탁계좌-대표계좌 이용 / 08:  단일신탁계좌-대표계좌미이용 / 09 : 기타 / 10: 시장조성헤지계좌(파생연계) / 11: 시장조성계좌(현물) / 12: 비과세해외주식투자전용ETF계좌 / 13 : 소액투자전용계좌(코넥스) / 14 : 외국인통합계좌 / 15 : 차익거래전,
매매,TTRODP11301,TTRODP11301;TTRODP11321;TTRODP11303;TTRODP11305;TTRODP11322;TTRODP11306;TTRODP11308;TTRODP11310;TTRODP11311;TTRODP11312;TTRODP11401,회원처리호가,DATA,28,계좌증거금유형코드,ACCOUNT_ / MARGIN_ / TYPE_CODE,String,2,,"1)현물 / 00 일반 / 01 동결계좌 / 02 Buy-In매수전용계좌 /  / 2)파생상품 / 10 사전증거금 일반 / 11 사후증거금 일반 / 12 사후증거금 할인 /  / * 정정, 취소호가는 SPACE로 입력 / * 정정의 경우 원호가의 정보와 동일한 것으로 인정함",
매매,TTRODP11301,TTRODP11301;TTRODP11321;TTRODP11303;TTRODP11305;TTRODP11322;TTRODP11306;TTRODP11308;TTRODP11310;TTRODP11311;TTRODP11312;TTRODP11401,회원처리호가,DATA,29,국가코드,COUNTRY_ / CODE,String,3,,"* 국가코드표 참조 ISO3166-1적용 (Number-3) 없으면 거부 /   - ISO에 없는 코드 추가 : 997, 998, 999 (대한민국국민인해외영주권자, 국제기구, 기타) /   - 기존코드에는 분류되어 있으나 ISO에는 구분없는 코드 신규 생성 : 991, 992 (말레이지아 라부안, 채널아일랜드) /  / * 정정, 취소호가는 SPACE로 입력",
매매,TTRODP11301,TTRODP11301;TTRODP11321;TTRODP11303;TTRODP11305;TTRODP11322;TTRODP11306;TTRODP11308;TTRODP11310;TTRODP11311;TTRODP11312;TTRODP11401,회원처리호가,DATA,30,투자자구분코드,INVESTOR_ / TYPE_CODE,String,4,,"1000 금융투자회사 / 2000 보험회사 / 3000 자산운용회사 및 투자회사 / 3100 사모펀드 / 4000 은행 (자산운용회사의 신탁재산은 자산운용회사로 분류) / 5000 기타금융 / 6000 연금, 기금 및 공제회 / 7000 국가, 지자체 국제기구 및 공익기관 / 7100 기타법인 / 8000 개인 /  / * 7100 : 기존 7000번 분류를 세분화하여 추가확정  / * 파생 : 3100 사용불가 /   --> 기타 투자자분류코드(예 : 3000, 7100 등)에 맞게 입력함 / * 정정, 취소호가는 SPACE로 입",
매매,TTRODP11301,TTRODP11301;TTRODP11321;TTRODP11303;TTRODP11305;TTRODP11322;TTRODP11306;TTRODP11308;TTRODP11310;TTRODP11311;TTRODP11312;TTRODP11401,회원처리호가,DATA,31,외국인투자자구분코드,FOREIGN INVESTOR_ / TYPE_CODE,String,2,,"1) 현물 / 00 외국인아님 / (10 외국인(거주)) /   11 식별번호 있는 외국인 (거주) /   12 식별번호 없는 외국인 (거주) / (20 외국인(비거주)) /   21 식별번호 있는 외국인 (비거주) /   22 식별번호 없는 외국인 (비거주) /  / 2) 파생상품 / 00 외국인아님 / 10 외국인(거주) / 20 외국인(비거주) /  / * 정정, 취소호가는 SPACE로 입력 / * 정정의 경우 원호가의 정보와 동일한 것으로 인정함",
매매,TTRODP11301,TTRODP11301;TTRODP11321;TTRODP11303;TTRODP11305;TTRODP11322;TTRODP11306;TTRODP11308;TTRODP11310;TTRODP11311;TTRODP11312;TTRODP11401,회원처리호가,DATA,32,주문매체구분코드,ORD_MEDIA_TP_CD,String,1,,"1 영업점단말 : 주문용단말, 비상주문단말, LP주문 / 2 유선단말 : 음성전화 / 3 무선단말 : 휴대폰, 스마트폰, PDA 등 / 4 HTS : 고객PC, 객장/사이버룸 단말 등 / 8 채권딜러서버 / 9 기타 : 특정위탁자전용주문(통칭 DMA), 반대매매, 선물옵션 주문, K-BLOX 등",
매매,TTRODP11301,TTRODP11301;TTRODP11321;TTRODP11303;TTRODP11305;TTRODP11322;TTRODP11306;TTRODP11308;TTRODP11310;TTRODP11311;TTRODP11312;TTRODP11401,회원처리호가,DATA,33,주문자식별정보,ORDER IDENTIFICATION INFORMATION,String,12,,"공인IP, 사설IP, 단말고유번호, 전화번호, 가입자번호, 기계번호 /  / * 전화번호의 경우 ""-"" 제외 / * IP의 경우 ""."" 제외 / * 반대매매주문의 경우에는 ""BANDAE"", /   ARS주문의 경우에는 ""ARS"",  /   대량거래(K-BLOX협상)의 경우에만 /   ""BLOCK"" 으로 입력  / * 선물옵션기본예탁금액 관련하여 회원의 고객주문 직권취소의 경우에는 ""OVER"" / * Kill Switch 입력 시 ""KILLSWITCH"" / * 소수단위 주식거래의 경우에는 ""SOSU""",
매매,TTRODP11301,TTRODP11301;TTRODP11321;TTRODP11303;TTRODP11305;TTRODP11322;TTRODP11306;TTRODP11308;TTRODP11310;TTRODP11311;TTRODP11312;TTRODP11401,회원처리호가,DATA,34,MAC주소,MAC_ADDR,String,12,,"* PC, 스마트폰, 태블릿PC 등 주문 단말에 동시 장착된 유무선 LAN 카드의 MAC 주소 (LAN 카드가 복수인 경우 1. 유선→무선, 2. 오름차순으로 정렬하여 순서가 가장 빠른 주소 / * 무선단말중 LAN카드 미장착 등 MAC 입력이 불가능한 경우 : “000000000000” / * 통칭 DMA : 실제 위탁자(자기 포함)의 IP, MAC 주소 입력이 원칙임. 단, 위탁자(자기 포함) IP, MAC 주소 수집이 불가능한 경우, ‘통칭 DMA 서버’를 통해서  혹은 다른 수단으로 수집이 가능한 IP, MAC 주소 반드시 ",
매매,TTRODP11301,TTRODP11301;TTRODP11321;TTRODP11303;TTRODP11305;TTRODP11322;TTRODP11306;TTRODP11308;TTRODP11310;TTRODP11311;TTRODP11312;TTRODP11401,회원처리호가,DATA,35,호가일자,ORDER_DATE,String,8,,YYYYMMDD / * 파생야간은 RDS 파생종목정보 영업일자,
매매,TTRODP11301,TTRODP11301;TTRODP11321;TTRODP11303;TTRODP11305;TTRODP11322;TTRODP11306;TTRODP11308;TTRODP11310;TTRODP11311;TTRODP11312;TTRODP11401,회원처리호가,DATA,36,회원사주문시각,MEMBER FIRM_ORDER_ / TIME,String,9,,,
매매,TTRODP11301,TTRODP11301;TTRODP11321;TTRODP11303;TTRODP11305;TTRODP11322;TTRODP11306;TTRODP11308;TTRODP11310;TTRODP11311;TTRODP11312;TTRODP11401,회원처리호가,DATA,37,회원사용영역,MEMBER_ / USE_AREA,String,60,,거래소 회원 사용 입력 영역,
매매,TTRODP11301,TTRODP11301;TTRODP11321;TTRODP11303;TTRODP11305;TTRODP11322;TTRODP11306;TTRODP11308;TTRODP11310;TTRODP11311;TTRODP11312;TTRODP11401,회원처리호가,DATA,38,호가접수시각,ORD_ACPT_TM,String,9,,매칭 매매거래 접수시각,
매매,TTRODP11301,TTRODP11301;TTRODP11321;TTRODP11303;TTRODP11305;TTRODP11322;TTRODP11306;TTRODP11308;TTRODP11310;TTRODP11311;TTRODP11312;TTRODP11401,회원처리호가,DATA,39,실정정취소호가수량,REAL_MODIFY  / OR CANCEL_ / ORDER_ / QUANTITY,Long,10,,,
매매,TTRODP11301,TTRODP11301;TTRODP11321;TTRODP11303;TTRODP11305;TTRODP11322;TTRODP11306;TTRODP11308;TTRODP11310;TTRODP11311;TTRODP11312;TTRODP11401,회원처리호가,DATA,40,자동취소처리구분코드,AUTOMATIC_ / CANCELLATION_ / PROCESS_ / TYPE_CODE,String,1,,0 : 해당없음 / 1 : 조건호가취소처리(코넥스는 해당없음) / 2 : 일괄취소처리 / 3 : KillSwitch 발동 / 4 : Cancel On Disconnect / 5 : 실시간가격제한 취소처리(파생만 해당됨)  / 6: MOC발동 / 7: SMP취소,변경
매매,TTRODP11301,TTRODP11301;TTRODP11321;TTRODP11303;TTRODP11305;TTRODP11322;TTRODP11306;TTRODP11308;TTRODP11310;TTRODP11311;TTRODP11312;TTRODP11401,회원처리호가,DATA,41,호가거부사유코드,ORD_REJ_RSN_CD,String,4,,호가거부사유코드 참조,
매매,TTRODP11301,TTRODP11301;TTRODP11321;TTRODP11303;TTRODP11305;TTRODP11322;TTRODP11306;TTRODP11308;TTRODP11310;TTRODP11311;TTRODP11312;TTRODP11401,회원처리호가,DATA,42,알고리즘전략구분코드,ALGO_STGY_TP_CD,String,1,,1 일반호가 / 2 알고리즘호가 / 3 고속 알고리즘호가 /  / * 정정 및 취소는 SPACE로 입력,신규
매매,TTRODP11301,TTRODP11301;TTRODP11321;TTRODP11303;TTRODP11305;TTRODP11322;TTRODP11306;TTRODP11308;TTRODP11310;TTRODP11311;TTRODP11312;TTRODP11401,회원처리호가,DATA,43,거래자ID,TRDR_ID,String,6,,"일괄호가취소, 자전거래방지 등의 기능을 제공하기 위해 투자자에게 제공하는ID / * 해당사항 없는 경우 SPACE로 입력 / * 경쟁대량매매호가는 SPACE로 입력 / * 취소호가는 SPACE로 입력 / * 정정호가인 경우 원호가와 동일한 값이 입력되어야 함(원호가 정합성 체크)",신규
매매,TTRODP11301,TTRODP11301;TTRODP11321;TTRODP11303;TTRODP11305;TTRODP11322;TTRODP11306;TTRODP11308;TTRODP11310;TTRODP11311;TTRODP11312;TTRODP11401,회원처리호가,DATA,44,호가그룹번호,ORD_GRP_NO,String,2,,거래자ID를 부여받은 투자자가 사전에 그룹핑을 위해 지정한 호가의 그룹번호. / 지정한 그룹번호에 해당하는 호가를 일괄 취소한다 / * 해당사항 없는 경우 SPACE로 입력 / * 경쟁대량매매호가는 SPACE로 입력 / * 정정 및 취소는 SPACE로 입력,신규
매매,TTRODP11301,TTRODP11301;TTRODP11321;TTRODP11303;TTRODP11305;TTRODP11322;TTRODP11306;TTRODP11308;TTRODP11310;TTRODP11311;TTRODP11312;TTRODP11401,회원처리호가,DATA,45,자전거래방지코드,SMP_CD,String,1,,0 해당없음 / 1 기존호가 취소 / 2 신규호가 취소 / 3 양방향 호가 취소 /  / * 경쟁대량매매호가는 0 으로 입력 / * 정정 및 취소는 SPACE로 입력 / * 정정의 경우 원호가의 정보와 동일한 것으로 인정함,신규
매매,TTRODP11301,TTRODP11301;TTRODP11321;TTRODP11303;TTRODP11305;TTRODP11322;TTRODP11306;TTRODP11308;TTRODP11310;TTRODP11311;TTRODP11312;TTRODP11401,회원처리호가,DATA,46,호가조건가격,ORD_COND_PRC,Float,11,,* 유가/코스닥 StopLimit 호가유형만 값 입력 / (그 외는 0입력) / * 전환 후 정정호가는 0으로 입력 /   (전환 후 조건가격 정정불가) / * 취소호가는 0으로 입력,
매매,TTRODP11301,TTRODP11301;TTRODP11321;TTRODP11303;TTRODP11305;TTRODP11322;TTRODP11306;TTRODP11308;TTRODP11310;TTRODP11311;TTRODP11312;TTRODP11401,회원처리호가,DATA,47,거래시장선택구분코드,TRD_MKT_CHOIC_TP_CD,String,1,,"[유가/코스닥] /   0: 해당없음(거래시장 미선택) /   1: 해당있음(거래시장 선택) / * 위탁자/회원사 등이 거래시장을 선택한 경우 '해당있음', 그렇지 않은 경우 '해당없음' 설정 / [ETF, 코넥스, 파생] /   - '해당있음(1)'로 설정해서 송부",
매매,TTRODP11301,TTRODP11301;TTRODP11321;TTRODP11303;TTRODP11305;TTRODP11322;TTRODP11306;TTRODP11308;TTRODP11310;TTRODP11311;TTRODP11312;TTRODP11401,회원처리호가,DATA,48,공매도ID,SRTSELL_ID,String,10,,공매도 거래자에게 부여되는 고유 번호,
매매,TTRODP41301,TTRODP41301;TTRODP41302;TTRODP41303,채권일반처리호가,DATA,1,메세지일련번호,MESSAGE_ / SEQUENCE  / NUMBER,Long,11,,메세지일련번호,
매매,TTRODP41301,TTRODP41301;TTRODP41302;TTRODP41303,채권일반처리호가,DATA,2,트랜잭션코드,TRANSACTION_ / CODE,String,11,,처리호가 / (정상) : TTRODP41301 / (거부) : TTRODP41302 / (자동취소) : TTRODP41303,
매매,TTRODP41301,TTRODP41301;TTRODP41302;TTRODP41303,채권일반처리호가,DATA,3,ME그룹번호,ME_GRP_NO,String,2,,매칭그룹별 일련번호,
매매,TTRODP41301,TTRODP41301;TTRODP41302;TTRODP41303,채권일반처리호가,DATA,4,시장ID,MARKET_ / IDENTIFICATION,String,3,,별첨-KRX 차세대 상품 ID체계 참고,
매매,TTRODP41301,TTRODP41301;TTRODP41302;TTRODP41303,채권일반처리호가,DATA,5,보드ID,BOARD_ID,String,2,,별첨_보드ID 매핑 참고,
매매,TTRODP41301,TTRODP41301;TTRODP41302;TTRODP41303,채권일반처리호가,DATA,6,회원번호,MEMBER_ / NUMBER,String,5,,거래소가 부여한 회원번호 / * 정정/취소 호가인 경우 원호가와 동일한 값이 입력되어야 함(원호가 정합성 체크),
매매,TTRODP41301,TTRODP41301;TTRODP41302;TTRODP41303,채권일반처리호가,DATA,7,지점번호,BRANCH_ / NUMBER,String,5,,회원이 거래소에 신고한 지점번호 / * 정정/취소 호가인 경우 원호가와 동일한 값이 입력되어야 함(원호가 정합성 체크) / * 90000~90999 사용불가 /  : 해당 범위의 지점번호는 거래소 내부적으로 사용,
매매,TTRODP41301,TTRODP41301;TTRODP41302;TTRODP41303,채권일반처리호가,DATA,8,주문ID,ORDER_ / IDENTIFICATION,String,10,,* 문자를 포함 / * 종목+회원+지점+주문ID가 Key (Unique),
매매,TTRODP41301,TTRODP41301;TTRODP41302;TTRODP41303,채권일반처리호가,DATA,9,원주문ID,ORIGINAL_ / ORDER_ / IDENTIFICATION,String,10,,* 신규호가는 SPACE로 입력,
매매,TTRODP41301,TTRODP41301;TTRODP41302;TTRODP41303,채권일반처리호가,DATA,10,종목코드,ISSUE_CODE,String,12,,현물/파생/채권/REPO 통합상품의 종목 코드(ISIN종목코드),
매매,TTRODP41301,TTRODP41301;TTRODP41302;TTRODP41303,채권일반처리호가,DATA,11,매도매수구분코드,ASK_BID_ / TYPE_CODE,String,1,,1 매도 / 2 매수 /  / * 정정/취소 호가인 경우 원호가와 동일한 값이 입력되어야 함(원호가 정합성 체크),
매매,TTRODP41301,TTRODP41301;TTRODP41302;TTRODP41303,채권일반처리호가,DATA,12,정정취소구분코드,MODIFY OR CANCEL_TYPE_ / CODE,String,1,,1 신규 / 2 정정 / 3 취소,
매매,TTRODP41301,TTRODP41301;TTRODP41302;TTRODP41303,채권일반처리호가,DATA,13,계좌번호,ACCOUNT_ / NUMBER,String,12,,* 12자리 구성방법 제한없음. 12자리를 회원사별로 사용 /  / * 정정/취소 호가인 경우 원호가와 동일한 값이 입력되어야 함(원호가 정합성 체크),
매매,TTRODP41301,TTRODP41301;TTRODP41302;TTRODP41303,채권일반처리호가,DATA,14,호가수량,ORDER_ / QUANTITY,Long,10,,"주문수량단위: 액면 1,000원 / (단, 외화표시채권은 1000 포인트)",
매매,TTRODP41301,TTRODP41301;TTRODP41302;TTRODP41303,채권일반처리호가,DATA,15,호가가격,ORDER_PRICE,Float,11,,"취소주문= 0, 호가: 액면 10,000원 기준 / (단,외화표시채권 10,000 포인트) /  / 소수점 미만 둘째 자리의 값은 0으로 고정",
매매,TTRODP41301,TTRODP41301;TTRODP41302;TTRODP41303,채권일반처리호가,DATA,16,호가수익률,ORDER_YLD,Float,13,,부호/소수점 포함.,
매매,TTRODP41301,TTRODP41301;TTRODP41302;TTRODP41303,채권일반처리호가,DATA,17,호가유형코드,ORDER_TYPE_ / CODE,String,1,,"1 시장가 (Market) / 2 지정가 (Limit) / 4 스톱지정가(StopLimit) / M 중간가(Midpoint) / T 가격제한시장가 / W 가격제한최유리지정가 / I 조건부지정가 (Limit To Market) / V 경쟁대량 (현물만 해당, 값 변경 : 3->V) / X 최유리지정가 / Y 최우선지정가 (현물만 해당) /  / * 취소호가는 SPACE로 입력 / * 코넥스 경매매는 2:지정가만 가능 / * 파생시장 1,X 불가 (T,W 으로 대체)",
매매,TTRODP41301,TTRODP41301;TTRODP41302;TTRODP41303,채권일반처리호가,DATA,18,호가조건코드,ORDER_ / CONDITION_ / CODE,String,1,,0 일반 (FAS) / 3 FAK(IOC) / 4 FOK /  / * 취소호가는 SPACE로 입력,
매매,TTRODP41301,TTRODP41301;TTRODP41302;TTRODP41303,채권일반처리호가,DATA,19,매도유형코드,ASK_TYPE_ / CODE,String,2,,"00 해당없음 / 01 일반매도 / 02 차입증권매도 / 06 기타매도 /  / * 매수호가 및 파생상품은 00 해당없음 사용 / * 공매도 가격제한 대상 : 02 차입증권매도 / * 정정, 취소호가는 SPACE로 입력 / * 정정호가의 경우 원호가의 정보와 동일한 것으로 인정함 /  / * 03, 04, 05 삭제 --> 06으로 통합 / * 06 명칭변경",
매매,TTRODP41301,TTRODP41301;TTRODP41302;TTRODP41303,채권일반처리호가,DATA,20,위탁자기구분코드,TRUST_ / PRINCIPAL_ / TYPE_CODE,String,2,,1)현물 / 10 위탁매매 / 30 자기매매 /  / 2)파생상품 /   11 위탁거래 /   12 위탁주선거래 /   13 회원의 위탁거래  /   31 호가입력회원의 자기거래 /  / 3)채권 / 10 위탁매매 / 30 자기매매 / 33 매도대행사 반대매도 /  / * 현물 /  - 자기매매 : 증권업자가 자기계정으로 매매하는 경우 /  - 위탁매매 : 자기매매가 아닌 경우 / * 파생 /   - 신탁업 및 집합투자업을 겸영하는 투자매매업자의 신탁거래 및 집합투자거래는 위탁거래로 입력함 / * 취소호가는 SPACE로 입력 / *,
매매,TTRODP41301,TTRODP41301;TTRODP41302;TTRODP41303,채권일반처리호가,DATA,21,위탁사번호,TRUST COMPANY_ / NUMBER,String,5,,"* 파생 : 회원의 위탁거래(위탁자기구분코드=13)인 경우 위탁사번호 입력, 위탁사가 없는 경우(위탁자기구분코드 11, 12, 31) SPACE로 입력 / * 현물 : 위탁사가 없는 경우 SPACE로 입력 / * 정정, 취소호가는 SPACE로 입력 / * 정정의 경우 원호가의 정보와 동일한 것으로 인정함",
매매,TTRODP41301,TTRODP41301;TTRODP41302;TTRODP41303,채권일반처리호가,DATA,22,계좌구분코드,ACCOUNT_ / TYPE_CODE,String,2,,1) 현물 / 00 : 일반 / 01 : 대표투자자계좌(외국인) / 02 : 증권회사통합계좌(외국인) / 03 : FP계좌-복수일임형랩계좌 / 04 : FP계좌-단일일임형랩계좌 / 05 : FP아닌일임형랩계좌 / 06 : Buy-In매수전용계좌 / 07:  복수신탁계좌-대표계좌 이용 / 08:  단일신탁계좌-대표계좌미이용 / 09 : 기타 / 10: 시장조성헤지계좌(파생연계) / 11: 시장조성계좌(현물) / 12: 비과세해외주식투자전용ETF계좌 / 13 : 소액투자전용계좌(코넥스) / 14 : 외국인통합계좌 / 15 : 차익거래전,
매매,TTRODP41301,TTRODP41301;TTRODP41302;TTRODP41303,채권일반처리호가,DATA,23,국가코드,COUNTRY_CODE,String,3,,"* 국가코드표 참조 ISO3166-1적용 (Number-3) 없으면 거부 /   - ISO에 없는 코드 추가 : 997, 998, 999 (대한민국국민인해외영주권자, 국제기구, 기타) /   - 기존코드에는 분류되어 있으나 ISO에는 구분없는 코드 신규 생성 : 991, 992 (말레이지아 라부안, 채널아일랜드) /  / * 정정, 취소호가는 SPACE로 입력",
매매,TTRODP41301,TTRODP41301;TTRODP41302;TTRODP41303,채권일반처리호가,DATA,24,투자자구분코드,INVESTOR_ / TYPE_CODE,String,4,,"1000 금융투자회사 / 2000 보험회사 / 3000 자산운용회사 및 투자회사 / 3100 사모펀드 / 4000 은행 (자산운용회사의 신탁재산은 자산운용회사로 분류) / 5000 기타금융 / 6000 연금, 기금 및 공제회 / 7000 국가, 지자체 국제기구 및 공익기관 / 7100 기타법인 / 8000 개인 /  / * 7100 : 기존 7000번 분류를 세분화하여 추가확정  / * 파생 : 3100 사용불가 /   --> 기타 투자자분류코드(예 : 3000, 7100 등)에 맞게 입력함 / * 정정, 취소호가는 SPACE로 입",
매매,TTRODP41301,TTRODP41301;TTRODP41302;TTRODP41303,채권일반처리호가,DATA,25,필러값,FILLER,String,6,,,
매매,TTRODP41301,TTRODP41301;TTRODP41302;TTRODP41303,채권일반처리호가,DATA,26,외국인투자자구분코드,FOREIGN INVESTOR_ / TYPE_CODE,String,2,,"1) 현물 / 00 외국인아님 / (10 외국인(거주)) /   11 식별번호 있는 외국인 (거주) /   12 식별번호 없는 외국인 (거주) / (20 외국인(비거주)) /   21 식별번호 있는 외국인 (비거주) /   22 식별번호 없는 외국인 (비거주) /  / 2) 파생상품 / 00 외국인아님 / 10 외국인(거주) / 20 외국인(비거주) /  / * 정정, 취소호가는 SPACE로 입력 / * 정정의 경우 원호가의 정보와 동일한 것으로 인정함",
매매,TTRODP41301,TTRODP41301;TTRODP41302;TTRODP41303,채권일반처리호가,DATA,27,소액채권장종료매매참여여부,SMALL_BND_MKTCLS_PARTC_YN,String,1,,"Y:참여, N:미참여",
매매,TTRODP41301,TTRODP41301;TTRODP41302;TTRODP41303,채권일반처리호가,DATA,28,비과세여부,NON_TAX_CD,String,1,,"0:과세, 1:비과세",
매매,TTRODP41301,TTRODP41301;TTRODP41302;TTRODP41303,채권일반처리호가,DATA,29,주문매체구분코드,ORD_MEDIA_TP_CD,String,1,,"1 영업점단말 : 주문용단말, 비상주문단말, LP주문 / 2 유선단말 : 음성전화 / 3 무선단말 : 휴대폰, 스마트폰, PDA 등 / 4 HTS : 고객PC, 객장/사이버룸 단말 등 / 8 채권딜러서버 / 9 기타 : 특정위탁자전용주문(통칭 DMA), 반대매매, 선물옵션 주문, K-BLOX 등",
매매,TTRODP41301,TTRODP41301;TTRODP41302;TTRODP41303,채권일반처리호가,DATA,30,주문자식별정보,ORDER IDENTIFICATION INFORMATION,String,12,,"공인IP, 사설IP, 단말고유번호, 전화번호, 가입자번호, 기계번호 /  / * 전화번호의 경우 ""-"" 제외 / * IP의 경우 ""."" 제외 / * 반대매매주문의 경우에는 ""BANDAE"", /   ARS주문의 경우에는 ""ARS"",  /   대량거래(K-BLOX협상)의 경우에만 /   ""BLOCK"" 으로 입력  / * 선물옵션기본예탁금액 관련하여 회원의 고객주문 직권취소의 경우에는 ""OVER"" / * Kill Switch 입력 시 ""KILLSWITCH"" / * 소수단위 주식거래의 경우에는 ""SOSU""",
매매,TTRODP41301,TTRODP41301;TTRODP41302;TTRODP41303,채권일반처리호가,DATA,31,MAC주소,MAC_ADDR,String,12,,"* PC, 스마트폰, 태블릿PC 등 주문 단말에 동시 장착된 유무선 LAN 카드의 MAC 주소 (LAN 카드가 복수인 경우 1. 유선→무선, 2. 오름차순으로 정렬하여 순서가 가장 빠른 주소 / * 무선단말중 LAN카드 미장착 등 MAC 입력이 불가능한 경우 : “000000000000” / * 통칭 DMA : 실제 위탁자(자기 포함)의 IP, MAC 주소 입력이 원칙임. 단, 위탁자(자기 포함) IP, MAC 주소 수집이 불가능한 경우, ‘통칭 DMA 서버’를 통해서  혹은 다른 수단으로 수집이 가능한 IP, MAC 주소 반드시 ",
매매,TTRODP41301,TTRODP41301;TTRODP41302;TTRODP41303,채권일반처리호가,DATA,32,호가일자,ORDER_DATE,String,8,,YYYYMMDD,
매매,TTRODP41301,TTRODP41301;TTRODP41302;TTRODP41303,채권일반처리호가,DATA,33,회원사주문시각,MEMBER FIRM_ORDER_ / TIME,String,9,,회원 대외계 시스템(FEP)에 도달한 시각 / (HHMMSSsss : 1/1000초까지 표시),
매매,TTRODP41301,TTRODP41301;TTRODP41302;TTRODP41303,채권일반처리호가,DATA,34,회원사용영역,MEMBER_USE_ / AREA,String,60,,거래소 회원 사용 입력 영역,
매매,TTRODP41301,TTRODP41301;TTRODP41302;TTRODP41303,채권일반처리호가,DATA,35,호가접수시각,MEMBER FIRM_ORDER_ / TIME,String,9,,매칭 매매거래 접수시각,
매매,TTRODP41301,TTRODP41301;TTRODP41302;TTRODP41303,채권일반처리호가,DATA,36,거래원번호,Trader_NO,String,5,,<KTS>  /  - GW 호가 : 90000~99999 범위의 값을 회원사 자율적으로 입력 가능 / <일반채권> /  - GW 호가 : 90000~99999 범위의 값을 회원사 자율적으로 입력 가능,
매매,TTRODP41301,TTRODP41301;TTRODP41302;TTRODP41303,채권일반처리호가,DATA,37,실정정취소호가수량,REAL_MODIFY  / OR CANCEL_ / ORDER_ / QUANTITY,Long,10,,,
매매,TTRODP41301,TTRODP41301;TTRODP41302;TTRODP41303,채권일반처리호가,DATA,38,자동취소처리구분코드,AUTOMATIC_ / CANCELLATION_ / PROCESS_ / TYPE_CODE,String,1,,0 : 해당없음 / 1 : 조건호가취소처리(코넥스는 해당없음) / 2 : 일괄취소처리 / 3 : KillSwitch 발동 / 4 : Cancel On Disconnect(파생만 해당됨)   / 5 : 실시간가격제한 취소처리(파생만 해당됨),
매매,TTRODP41301,TTRODP41301;TTRODP41302;TTRODP41303,채권일반처리호가,DATA,39,호가거부사유코드,ORD_REJ_RSN_CD,String,4,,호가거부사유코드 참조,
매매,TTRODP41301,TTRODP41301;TTRODP41302;TTRODP41303,채권일반처리호가,DATA,40,시장조성자호가구분번호,MM_ORD_TP_NO,Long,11,,"1) 현물 /     0 : 일반 /     1 : LP호가 / 2) 파생상품 /     0 : 일반 /     1~ : 시장조성자호가구분번호 / 3) 채권 /     0 : 일반 /     1 : PD /     2 : PD+인센티브 /     3 : 인센티브 /  / * 정정호가인 경우 원호가와 동일한 값이 입력되어야 함(원호가 정합성 체크) /  --> 파생의 경우 원호가가 0 아닌 값인 경우, 정정호가도 0 아닌 값이어야 하고 원호가가 0 인 경우, 정정호가도 0 이어야 함 /  / * 취소호가는 0으로 입력 / * 경쟁대량",
매매,TTRMOP41301,TTRMOP41301;TTRMOP41302;TTRMOP41303,채권조성처리호가,DATA,1,메세지일련번호,MESSAGE_ / SEQUENCE  / NUMBER,Long,11,,메세지일련번호,
매매,TTRMOP41301,TTRMOP41301;TTRMOP41302;TTRMOP41303,채권조성처리호가,DATA,2,트랜잭션코드,TRANSACTION_ / CODE,String,11,,처리호가 / (정상) : TTRMOP41301 / (거부) : TTRMOP41302 / (자동취소) : TTRMOP41303,
매매,TTRMOP41301,TTRMOP41301;TTRMOP41302;TTRMOP41303,채권조성처리호가,DATA,3,ME그룹번호,ME_GRP_NO,String,2,,매칭그룹별 일련번호,
매매,TTRMOP41301,TTRMOP41301;TTRMOP41302;TTRMOP41303,채권조성처리호가,DATA,4,시장ID,MARKET_ / IDENTIFICATION,String,3,,별첨-KRX 차세대 상품 ID체계 참고,
매매,TTRMOP41301,TTRMOP41301;TTRMOP41302;TTRMOP41303,채권조성처리호가,DATA,5,보드ID,BOARD_ID,String,2,,별첨_보드ID 매핑 참고,
매매,TTRMOP41301,TTRMOP41301;TTRMOP41302;TTRMOP41303,채권조성처리호가,DATA,6,회원번호,MEMBER_ / NUMBER,String,5,,거래소가 부여한 회원번호 / * 정정/취소 호가인 경우 원호가와 동일한 값이 입력되어야 함(원호가 정합성 체크),
매매,TTRMOP41301,TTRMOP41301;TTRMOP41302;TTRMOP41303,채권조성처리호가,DATA,7,지점번호,BRANCH_ / NUMBER,String,5,,회원이 거래소에 신고한 지점번호 / * 정정/취소 호가인 경우 원호가와 동일한 값이 입력되어야 함(원호가 정합성 체크) / * 90000~90999 사용불가 /  : 해당 범위의 지점번호는 거래소 내부적으로 사용,
매매,TTRMOP41301,TTRMOP41301;TTRMOP41302;TTRMOP41303,채권조성처리호가,DATA,8,주문ID,ORDER_ / IDENTIFICATION,String,10,,* 문자를 포함 / * 종목+회원+지점+주문ID가 Key (Unique),
매매,TTRMOP41301,TTRMOP41301;TTRMOP41302;TTRMOP41303,채권조성처리호가,DATA,9,원주문ID,ORIGINAL_ / ORDER_ / IDENTIFICATION,String,10,,* 신규호가는 SPACE로 입력,
매매,TTRMOP41301,TTRMOP41301;TTRMOP41302;TTRMOP41303,채권조성처리호가,DATA,10,종목코드,ISSUE_CODE,String,12,,현물/파생/채권/REPO 통합상품의 종목 코드(ISIN종목코드),
매매,TTRMOP41301,TTRMOP41301;TTRMOP41302;TTRMOP41303,채권조성처리호가,DATA,11,매도매수구분코드,ASK_BID_ / TYPE_CODE,String,1,,3. 매도수 / * 정정/취소 호가인 경우 원호가와 동일한 값이 입력되어야 함(원호가 정합성 체크),
매매,TTRMOP41301,TTRMOP41301;TTRMOP41302;TTRMOP41303,채권조성처리호가,DATA,12,정정취소구분코드,MODIFY OR CANCEL_TYPE_ / CODE,String,1,,1 신규 / 2 정정 / 3 취소,
매매,TTRMOP41301,TTRMOP41301;TTRMOP41302;TTRMOP41303,채권조성처리호가,DATA,13,채권호가종류코드,ORD_KIND_CD,String,1,,1:양방향호가만 입력허용,
매매,TTRMOP41301,TTRMOP41301;TTRMOP41302;TTRMOP41303,채권조성처리호가,DATA,14,계좌번호,ACCOUNT_ / NUMBER,String,12,,* 12자리 구성방법 제한없음. 12자리를 회원사별로 사용 /  / * 정정/취소 호가인 경우 원호가와 동일한 값이 입력되어야 함(원호가 정합성 체크),
매매,TTRMOP41301,TTRMOP41301;TTRMOP41302;TTRMOP41303,채권조성처리호가,DATA,15,매도호가수량,ASK_ORD_QTY,Long,10,,,
매매,TTRMOP41301,TTRMOP41301;TTRMOP41302;TTRMOP41303,채권조성처리호가,DATA,16,매도호가가격,ASK_ORD_PRC,Float,11,,소수점 미만 둘째 자리의 값은 0으로 고정,
매매,TTRMOP41301,TTRMOP41301;TTRMOP41302;TTRMOP41303,채권조성처리호가,DATA,17,매도호가수익률,ASK_ORD_YLD,Float,13,,부호/소수점 포함.,
매매,TTRMOP41301,TTRMOP41301;TTRMOP41302;TTRMOP41303,채권조성처리호가,DATA,18,매수호가수량,BID_ORD_QTY,Long,10,,,
매매,TTRMOP41301,TTRMOP41301;TTRMOP41302;TTRMOP41303,채권조성처리호가,DATA,19,매수호가가격,BID_ORD_PRC,Float,11,,소수점 미만 둘째 자리의 값은 0으로 고정,
매매,TTRMOP41301,TTRMOP41301;TTRMOP41302;TTRMOP41303,채권조성처리호가,DATA,20,매수호가수익률,BID_ORD_YLD,Float,13,,부호/소수점 포함.,
매매,TTRMOP41301,TTRMOP41301;TTRMOP41302;TTRMOP41303,채권조성처리호가,DATA,21,호가유형코드,ORDER_TYPE_ / CODE,String,1,,"1 시장가 (Market) / 2 지정가 (Limit) / 4 스톱지정가(StopLimit) / M 중간가(Midpoint) / T 가격제한시장가 / W 가격제한최유리지정가 / I 조건부지정가 (Limit To Market) / V 경쟁대량 (현물만 해당, 값 변경 : 3->V) / X 최유리지정가 / Y 최우선지정가 (현물만 해당) /  / * 취소호가는 SPACE로 입력 / * 코넥스 경매매는 2:지정가만 가능 / * 파생시장 1,X 불가 (T,W 으로 대체)",
매매,TTRMOP41301,TTRMOP41301;TTRMOP41302;TTRMOP41303,채권조성처리호가,DATA,22,호가조건코드,ORDER_ / CONDITION_ / CODE,String,1,,0 일반 (FAS) / 3 FAK(IOC) / 4 FOK /  / * 취소호가는 SPACE로 입력,
매매,TTRMOP41301,TTRMOP41301;TTRMOP41302;TTRMOP41303,채권조성처리호가,DATA,23,투자자구분코드,INVESTOR_ / TYPE_CODE,String,4,,"1000 금융투자회사 / 2000 보험회사 / 3000 자산운용회사 및 투자회사 / 3100 사모펀드 / 4000 은행 (자산운용회사의 신탁재산은 자산운용회사로 분류) / 5000 기타금융 / 6000 연금, 기금 및 공제회 / 7000 국가, 지자체 국제기구 및 공익기관 / 7100 기타법인 / 8000 개인 /  / * 7100 : 기존 7000번 분류를 세분화하여 추가확정  / * 파생 : 3100 사용불가 /   --> 기타 투자자분류코드(예 : 3000, 7100 등)에 맞게 입력함 / * 정정, 취소호가는 SPACE로 입",
매매,TTRMOP41301,TTRMOP41301;TTRMOP41302;TTRMOP41303,채권조성처리호가,DATA,24,효력정지재개구분코드,EFCT_STOP_REOPN_TP_CD,String,1,,0:해당없음 / 1:효력정지 / 2:거래원효력정지 / 3:효력재개 / 4:거래원효력재개,
매매,TTRMOP41301,TTRMOP41301;TTRMOP41302;TTRMOP41303,채권조성처리호가,DATA,25,주문매체구분코드,ORD_MEDIA_TP_CD,String,1,,"1 영업점단말 : 주문용단말, 비상주문단말, LP주문 / 2 유선단말 : 음성전화 / 3 무선단말 : 휴대폰, 스마트폰, PDA 등 / 4 HTS : 고객PC, 객장/사이버룸 단말 등 / 8 채권딜러서버 / 9 기타 : 특정위탁자전용주문(통칭 DMA), 반대매매, 선물옵션 주문, K-BLOX 등",
매매,TTRMOP41301,TTRMOP41301;TTRMOP41302;TTRMOP41303,채권조성처리호가,DATA,26,주문자식별정보,ORDER IDENTIFICATION INFORMATION,String,12,,"공인IP, 사설IP, 단말고유번호, 전화번호, 가입자번호, 기계번호 /  / * 전화번호의 경우 ""-"" 제외 / * IP의 경우 ""."" 제외 / * 반대매매주문의 경우에는 ""BANDAE"", /   ARS주문의 경우에는 ""ARS"",  /   대량거래(K-BLOX협상)의 경우에만 /   ""BLOCK"" 으로 입력  / * 선물옵션기본예탁금액 관련하여 회원의 고객주문 직권취소의 경우에는 ""OVER"" / * Kill Switch 입력 시 ""KILLSWITCH"" / * 소수단위 주식거래의 경우에는 ""SOSU""",
매매,TTRMOP41301,TTRMOP41301;TTRMOP41302;TTRMOP41303,채권조성처리호가,DATA,27,MAC주소,MAC_ADDR,String,12,,"* PC, 스마트폰, 태블릿PC 등 주문 단말에 동시 장착된 유무선 LAN 카드의 MAC 주소 (LAN 카드가 복수인 경우 1. 유선→무선, 2. 오름차순으로 정렬하여 순서가 가장 빠른 주소 / * 무선단말중 LAN카드 미장착 등 MAC 입력이 불가능한 경우 : “000000000000” / * 통칭 DMA : 실제 위탁자(자기 포함)의 IP, MAC 주소 입력이 원칙임. 단, 위탁자(자기 포함) IP, MAC 주소 수집이 불가능한 경우, ‘통칭 DMA 서버’를 통해서  혹은 다른 수단으로 수집이 가능한 IP, MAC 주소 반드시 ",
매매,TTRMOP41301,TTRMOP41301;TTRMOP41302;TTRMOP41303,채권조성처리호가,DATA,28,호가일자,ORDER_DATE,String,8,,YYYYMMDD,
매매,TTRMOP41301,TTRMOP41301;TTRMOP41302;TTRMOP41303,채권조성처리호가,DATA,29,회원사주문시각,MEMBER FIRM_ORDER_ / TIME,String,9,,회원 대외계 시스템(FEP)에 도달한 시각 / (HHMMSSsss : 1/1000초까지 표시),
매매,TTRMOP41301,TTRMOP41301;TTRMOP41302;TTRMOP41303,채권조성처리호가,DATA,30,회원사용영역,MEMBER_USE_ / AREA,String,60,,거래소 회원 사용 입력 영역,
매매,TTRMOP41301,TTRMOP41301;TTRMOP41302;TTRMOP41303,채권조성처리호가,DATA,31,호가접수시각,ORD_ACPT_TM,String,9,,매칭 매매거래 접수시각,
매매,TTRMOP41301,TTRMOP41301;TTRMOP41302;TTRMOP41303,채권조성처리호가,DATA,32,거래원번호,Trader_NO,String,5,,<KTS>  /  - GW 호가 : 90000~99999 범위의 값을 회원사 자율적으로 입력 가능 / <일반채권> /  - GW 호가 : 90000~99999 범위의 값을 회원사 자율적으로 입력 가능,
매매,TTRMOP41301,TTRMOP41301;TTRMOP41302;TTRMOP41303,채권조성처리호가,DATA,33,자동취소처리구분코드,AUTOMATIC_ / CANCELLATION_ / PROCESS_ / TYPE_CODE,String,1,,0 : 해당없음 / 1 : 조건호가취소처리(코넥스는 해당없음) / 2 : 일괄취소처리 / 3 : KillSwitch 발동 / 4 : Cancel On Disconnect(파생만 해당됨)   / 5 : 실시간가격제한 취소처리(파생만 해당됨),
매매,TTRMOP41301,TTRMOP41301;TTRMOP41302;TTRMOP41303,채권조성처리호가,DATA,34,호가거부사유코드,ORD_REJ_RSN_CD,String,4,,호가거부사유코드 참조,
매매,TTRMOP41301,TTRMOP41301;TTRMOP41302;TTRMOP41303,채권조성처리호가,DATA,35,시장조성자호가구분번호,MM_ORD_TP_NO,Long,11,,"1) 현물 /     0 : 일반 /     1 : LP호가 / 2) 파생상품 /     0 : 일반 /     1~ : 시장조성자호가구분번호 / 3) 채권 /     0 : 일반 /     1 : PD /     2 : PD+인센티브 /     3 : 인센티브 /  / * 정정호가인 경우 원호가와 동일한 값이 입력되어야 함(원호가 정합성 체크) /  --> 파생의 경우 원호가가 0 아닌 값인 경우, 정정호가도 0 아닌 값이어야 하고 원호가가 0 인 경우, 정정호가도 0 이어야 함 /  / * 취소호가는 0으로 입력 / * 경쟁대량",
매매,TTRMOP41301,TTRMOP41301;TTRMOP41302;TTRMOP41303,채권조성처리호가,DATA,36,계좌구분코드,ACCOUNT_ / TYPE_CODE,String,2,,1) 현물 / 00 : 일반 / 01 : 대표투자자계좌(외국인) / 02 : 증권회사통합계좌(외국인) / 03 : FP계좌-복수일임형랩계좌 / 04 : FP계좌-단일일임형랩계좌 / 05 : FP아닌일임형랩계좌 / 06 : Buy-In매수전용계좌 / 07:  복수신탁계좌-대표계좌 이용 / 08:  단일신탁계좌-대표계좌미이용 / 09 : 기타 / 10: 시장조성헤지계좌(파생연계) / 11: 시장조성계좌(현물) / 12: 비과세해외주식투자전용ETF계좌 / 13 : 소액투자전용계좌(코넥스) / 14 : 외국인통합계좌 / 15 : 차익거래전,
매매,TTRBTP22301,TTRBTP22301,회원대량체결결과,DATA,1,메세지일련번호,MESSAGE_ / SEQUENCE NUMBER,Long,11,,메세지일련번호,
매매,TTRBTP22301,TTRBTP22301,회원대량체결결과,DATA,2,트랜잭션코드,TRANSACTION_ / CODE,String,11,,대량체결 : TTRBTP22301,
매매,TTRBTP22301,TTRBTP22301,회원대량체결결과,DATA,3,ME그룹번호,ME_GRP_NO,String,2,,매칭그룹별 일련번호 / 대량의 경우 '01'로 회원사 전달,
매매,TTRBTP22301,TTRBTP22301,회원대량체결결과,DATA,4,보드ID,BOARD_ID,String,2,,별첨_보드ID 매핑 참고,
매매,TTRBTP22301,TTRBTP22301,회원대량체결결과,DATA,5,회원번호,MEMBER_NUMBER,String,5,,,
매매,TTRBTP22301,TTRBTP22301,회원대량체결결과,DATA,6,지점번호,BRANCH_NUMBER,String,5,,,
매매,TTRBTP22301,TTRBTP22301,회원대량체결결과,DATA,7,주문ID,ORDER_ / IDENTIFICATION,String,10,,* 문자를 포함 / * 종목+회원+지점+주문ID가 Key (Unique),
매매,TTRBTP22301,TTRBTP22301,회원대량체결결과,DATA,8,종목코드,ISSUE_CODE,String,12,,현물/파생/채권/REPO 통합상품의 종목 코드(ISIN종목코드),
매매,TTRBTP22301,TTRBTP22301,회원대량체결결과,DATA,9,체결번호,TRADING_NUMBER,Long,11,,"호가장 관리 원칙에 따라 부여되는 회원기준 체결 일련번호 / * 보드ID, 종목별로 새로운 번호 부여 -> 종목, 체결번호를 Key로 사용하면 안됨 (중복가능)",
매매,TTRBTP22301,TTRBTP22301,회원대량체결결과,DATA,10,체결가격,TRADING_PRICE,Float,11,,매도 매수 호가간의 거래성사된 가격,
매매,TTRBTP22301,TTRBTP22301,회원대량체결결과,DATA,11,체결수량,TRADING VOLUMN,Long,10,,매도 매수 호가간의 거래성사 수량,
매매,TTRBTP22301,TTRBTP22301,회원대량체결결과,DATA,12,세션ID,SESS_ID,String,2,,별첨-세션ID 매핑 참고,
매매,TTRBTP22301,TTRBTP22301,회원대량체결결과,DATA,13,체결일자,TRADING_DATE,String,8,,YYYYMMDD / * 파생야간은 RDS 파생종목정보 영업일자,
매매,TTRBTP22301,TTRBTP22301,회원대량체결결과,DATA,14,체결시각,TRADING_TIME,String,9,,"현물(유가증권, 코스닥)  1/1000 초 제공 (파생은 기제공됨)",
매매,TTRBTP22301,TTRBTP22301,회원대량체결결과,DATA,15,매도매수구분코드,ASK_BID_TYPE_ / CODE,String,1,,1 매도 / 2 매수,
매매,TTRBTP22301,TTRBTP22301,회원대량체결결과,DATA,16,계좌번호,ACCOUNT_NUMBER,String,12,,* 12자리 구성방법 제한없음. 12자리를 회원사별로 사용,
매매,TTRBTP22301,TTRBTP22301,회원대량체결결과,DATA,17,협상번호,NEGOTIATION_ / NUMBER,Long,6,,,
매매,TTRBTP22301,TTRBTP22301,회원대량체결결과,DATA,18,협상상세번호,NEGOTIATION_ / DETAIL_NUMBER,Long,6,,,
매매,TTRBTP22301,TTRBTP22301,회원대량체결결과,DATA,19,협상자ID,NEGOTIATOR_ / IDENTIFICATION,String,10,,,
매매,TTRBTP22301,TTRBTP22301,회원대량체결결과,DATA,20,회원사용영역,MEMBER_USE_ / AREA,String,60,,거래소 회원 사용 입력 영역,
매매,TTRBTP22301,TTRBTP22301,회원대량체결결과,DATA,21,근월물체결가격,THE NEARBY  / MONTH_ / TRADING_ / PRICE,Float,11,,1) 월물간 스프레드 종목의 경우 근월물 체결가격 /    - 선물시장에서 거래되는 어느 특정상품에 대한 여러 만기일 중 현 시점에서 가장 짧은 만기일을 가진 결제월물 가격 / 2) 상품간 스프레드 종목의 경우 제1상품의 체결가격(기준상품의 체결가격),
매매,TTRBTP22301,TTRBTP22301,회원대량체결결과,DATA,22,원월물체결가격,THE FUTURE / MONTH_ / TRADING_ / PRICE,Float,11,,1) 월물간 스프레드 종목의 경우 원월물 체결가격 /     -선물시장에서 거래되는 어느 특정상품에 대한 여러 만기일 중 현 시점에서 두 번째로 짧은 만기일을 가진 결제월물 가격 / 2) 상품간 스프레드 종목의 경우 제2상품의 체결가격(부대상품의 체결가격),
매매,TTRBTP22301,TTRBTP22301,회원대량체결결과,DATA,23,위탁사번호,TRUST COMPANY_ / NUMBER,String,5,,"* 파생 : 회원의 위탁거래(위탁자기구분코드=13)인 경우 위탁사번호 입력, 위탁사가 없는 경우(위탁자기구분코드 11, 12, 31) SPACE로 입력 / * 현물 : 위탁사가 없는 경우 SPACE로 입력 / * 정정, 취소호가는 SPACE로 입력 / * 정정의 경우 원호가의 정보와 동일한 것으로 인정함",
매매,TTRBOP12301,TTRBOP12301;TTRBOP12321;TTRBOP12302;TTRBOP12322;TTRBOP12303,회원대량처리호가,DATA,1,메세지일련번호,MESSAGE_ / SEQUENCE NUMBER,Long,11,,메세지일련번호,
매매,TTRBOP12301,TTRBOP12301;TTRBOP12321;TTRBOP12302;TTRBOP12322;TTRBOP12303,회원대량처리호가,DATA,2,트랜잭션코드,TRANSACTION_ / CODE,String,11,,"회원대량처리호가 / 대량정상 : TTRBOP12301 / 대량거부 : TTRBOP12321 / 협의(협의대량, EFP, FLEX)정상 : TTRBOP12302 / 협의(협의대량, EFP, FLEX)거부 : TTRBOP12322 / 협의(협의대량, EFP, FLEX)자동취소처리 : TTRBOP12303",
매매,TTRBOP12301,TTRBOP12301;TTRBOP12321;TTRBOP12302;TTRBOP12322;TTRBOP12303,회원대량처리호가,DATA,3,ME그룹번호,ME_GRP_NO,String,2,,매칭그룹별 일련번호 / 대량의 경우 '01'로 회원사 전달,
매매,TTRBOP12301,TTRBOP12301;TTRBOP12321;TTRBOP12302;TTRBOP12322;TTRBOP12303,회원대량처리호가,DATA,4,보드ID,BOARD_ID,String,2,,별첨_보드ID 매핑 참고,
매매,TTRBOP12301,TTRBOP12301;TTRBOP12321;TTRBOP12302;TTRBOP12322;TTRBOP12303,회원대량처리호가,DATA,5,회원번호,MEMBER_NUMBER,String,5,,,
매매,TTRBOP12301,TTRBOP12301;TTRBOP12321;TTRBOP12302;TTRBOP12322;TTRBOP12303,회원대량처리호가,DATA,6,지점번호,BRANCH_NUMBER,String,5,,,
매매,TTRBOP12301,TTRBOP12301;TTRBOP12321;TTRBOP12302;TTRBOP12322;TTRBOP12303,회원대량처리호가,DATA,7,주문ID,ORDER_ / IDENTIFICATION,String,10,,* 문자를 포함 / * 종목+회원+지점+주문ID가 Key (Unique),
매매,TTRBOP12301,TTRBOP12301;TTRBOP12321;TTRBOP12302;TTRBOP12322;TTRBOP12303,회원대량처리호가,DATA,8,원주문ID,ORIGINAL_ / ORDER_ / IDENTIFICATION,String,10,,,
매매,TTRBOP12301,TTRBOP12301;TTRBOP12321;TTRBOP12302;TTRBOP12322;TTRBOP12303,회원대량처리호가,DATA,9,종목코드,ISSUE_CODE,String,12,,현물/파생/채권/REPO 통합상품의 종목 코드(ISIN종목코드),
매매,TTRBOP12301,TTRBOP12301;TTRBOP12321;TTRBOP12302;TTRBOP12322;TTRBOP12303,회원대량처리호가,DATA,10,매도매수구분코드,ASK_BID_TYPE_ / CODE,String,1,,1 매도 / 2 매수,
매매,TTRBOP12301,TTRBOP12301;TTRBOP12321;TTRBOP12302;TTRBOP12322;TTRBOP12303,회원대량처리호가,DATA,11,정정취소구분코드,MODIFY OR CANCEL_TYPE_ / CODE,String,1,,1 신규 / 2 정정 / 3 취소,
매매,TTRBOP12301,TTRBOP12301;TTRBOP12321;TTRBOP12302;TTRBOP12322;TTRBOP12303,회원대량처리호가,DATA,12,계좌번호,ACCOUNT_NUMBER,String,12,,* 12자리 구성방법 제한없음. 12자리를 회원사별로 사용,
매매,TTRBOP12301,TTRBOP12301;TTRBOP12321;TTRBOP12302;TTRBOP12322;TTRBOP12303,회원대량처리호가,DATA,13,호가수량,ORDER_QUANTITY,Long,10,,,
매매,TTRBOP12301,TTRBOP12301;TTRBOP12321;TTRBOP12302;TTRBOP12322;TTRBOP12303,회원대량처리호가,DATA,14,호가가격,ORDER_PRICE,Float,11,,,
매매,TTRBOP12301,TTRBOP12301;TTRBOP12321;TTRBOP12302;TTRBOP12322;TTRBOP12303,회원대량처리호가,DATA,15,자사주신고서ID,TREASURY  / STOCK_ / STATEMENT_ / IDENTIFICATION,String,5,,"0 해당없음(0    ) / N 자사주직접일반(N    ) / S 자사주직접스탁옵션(S    ) / 1 ~ 99999 자사주신탁(신고서일련번호) /  / * 파생상품은 0 해당없음 사용 / * 유가증권은 자사주신탁일경우 신청서 입력시마다 발행되는 자사주신고서ID를 입력 / * 정정, 취소호가는 SPACE로 입력 / * 정정호가의 경우 원호가의 정보와 동일한 것으로 인정함 / * 경쟁대량매매호가는 SPACE로 입력",
매매,TTRBOP12301,TTRBOP12301;TTRBOP12321;TTRBOP12302;TTRBOP12322;TTRBOP12303,회원대량처리호가,DATA,16,자사주매매방법코드,TREASURY STOCK_TRADING_ / METHOD_CODE,String,1,,"0 해당없음 / 1 자사주일반 / 2 한은등 자사주 / 3 정부등 자사주 /  / * 파생상품은 0 해당없음 사용 / * 2,3 : 장종료후시간외대량 매수만 가능, 당일거래(매매거래의 종류) 관련 사용 / -> 자사주일반은 시간외대량 매수 불가 (매도만 가능) / * 3 : 장종료후시간외대량 매수시 상/하한가 제한 없음 / * 정정, 취소호가는 SPACE로 입력 / * 정정호가의 경우 원호가의 정보와 동일한 것으로 인정함 / * 경쟁대량매매호가는 SPACE로 입력",
매매,TTRBOP12301,TTRBOP12301;TTRBOP12321;TTRBOP12302;TTRBOP12322;TTRBOP12303,회원대량처리호가,DATA,17,매도유형코드,ASK_TYPE_CODE,String,2,,"00 해당없음 / 01 일반매도 / 02 차입증권매도 / 06 기타매도 /  / * 매수호가 및 파생상품은 00 해당없음 사용 / * 공매도 가격제한 대상 : 02 차입증권매도 / * 정정, 취소호가는 SPACE로 입력 / * 정정호가의 경우 원호가의 정보와 동일한 것으로 인정함 /  / * 03, 04, 05 삭제 --> 06으로 통합 / * 06 명칭변경",
매매,TTRBOP12301,TTRBOP12301;TTRBOP12321;TTRBOP12302;TTRBOP12322;TTRBOP12303,회원대량처리호가,DATA,18,신용구분코드,CREDIT_TYPE_CODE,String,2,,"10 보통(일반) / 21 자기융자매수 / 22 자기융자매도상환 / 23 자기대주매도 / 24 자기대주매수상환 / 31 유통융자매수 / 32 유통융자매도상환 / 33 유통대주매도 / 34 유통대주매수상환 / 41 CFD연계매매 /  / * 파생상품은 10 보통 사용 / * 정정, 취소호가는 SPACE로 입력 / * 정정의 경우 원호가의 정보와 동일한 것으로 인정함",
매매,TTRBOP12301,TTRBOP12301;TTRBOP12321;TTRBOP12302;TTRBOP12322;TTRBOP12303,회원대량처리호가,DATA,19,위탁자기구분코드,TRUST_ / PRINCIPAL_TYPE_ / CODE,String,2,,1)현물 / 10 위탁매매 / 30 자기매매 /  / 2)파생상품 /   11 위탁거래 /   12 위탁주선거래 /   13 회원의 위탁거래  /   31 호가입력회원의 자기거래 /  / 3)채권 / 10 위탁매매 / 30 자기매매 / 33 매도대행사 반대매도 /  / * 현물 /  - 자기매매 : 증권업자가 자기계정으로 매매하는 경우 /  - 위탁매매 : 자기매매가 아닌 경우 / * 파생 /   - 신탁업 및 집합투자업을 겸영하는 투자매매업자의 신탁거래 및 집합투자거래는 위탁거래로 입력함 / * 취소호가는 SPACE로 입력 / *,
매매,TTRBOP12301,TTRBOP12301;TTRBOP12321;TTRBOP12302;TTRBOP12322;TTRBOP12303,회원대량처리호가,DATA,20,위탁사번호,TRUST COMPANY_ / NUMBER,String,5,,"* 파생 : 회원의 위탁거래(위탁자기구분코드=13)인 경우 위탁사번호 입력, 위탁사가 없는 경우(위탁자기구분코드 11, 12, 31) SPACE로 입력 / * 현물 : 위탁사가 없는 경우 SPACE로 입력 / * 정정, 취소호가는 SPACE로 입력 / * 정정의 경우 원호가의 정보와 동일한 것으로 인정함",
매매,TTRBOP12301,TTRBOP12301;TTRBOP12321;TTRBOP12302;TTRBOP12322;TTRBOP12303,회원대량처리호가,DATA,21,계좌구분코드,ACCOUNT_TYPE_CODE,String,2,,1) 현물 / 00 : 일반 / 01 : 대표투자자계좌(외국인) / 02 : 증권회사통합계좌(외국인) / 03 : FP계좌-복수일임형랩계좌 / 04 : FP계좌-단일일임형랩계좌 / 05 : FP아닌일임형랩계좌 / 06 : Buy-In매수전용계좌 / 07:  복수신탁계좌-대표계좌 이용 / 08:  단일신탁계좌-대표계좌미이용 / 09 : 기타 / 10: 시장조성헤지계좌(파생연계) / 11: 시장조성계좌(현물) / 12: 비과세해외주식투자전용ETF계좌 / 13 : 소액투자전용계좌(코넥스) / 14 : 외국인통합계좌 / 15 : 차익거래전,
매매,TTRBOP12301,TTRBOP12301;TTRBOP12321;TTRBOP12302;TTRBOP12322;TTRBOP12303,회원대량처리호가,DATA,22,계좌증거금유형코드,ACCOUNT_MARGIN_TYPE_CODE,String,2,,"1)현물 / 00 일반 / 01 동결계좌 / 02 Buy-In매수전용계좌 /  / 2)파생상품 / 10 사전증거금 일반 / 11 사후증거금 일반 / 12 사후증거금 할인 /  / * 정정, 취소호가는 SPACE로 입력 / * 정정의 경우 원호가의 정보와 동일한 것으로 인정함",
매매,TTRBOP12301,TTRBOP12301;TTRBOP12321;TTRBOP12302;TTRBOP12322;TTRBOP12303,회원대량처리호가,DATA,23,국가코드,COUNTRY_CODE,String,3,,"* 국가코드표 참조 ISO3166-1적용 (Number-3) 없으면 거부 /   - ISO에 없는 코드 추가 : 997, 998, 999 (대한민국국민인해외영주권자, 국제기구, 기타) /   - 기존코드에는 분류되어 있으나 ISO에는 구분없는 코드 신규 생성 : 991, 992 (말레이지아 라부안, 채널아일랜드) /  / * 정정, 취소호가는 SPACE로 입력",
매매,TTRBOP12301,TTRBOP12301;TTRBOP12321;TTRBOP12302;TTRBOP12322;TTRBOP12303,회원대량처리호가,DATA,24,투자자구분코드,INVESTOR_TYPE_CODE,String,4,,"1000 금융투자회사 / 2000 보험회사 / 3000 자산운용회사 및 투자회사 / 3100 사모펀드 / 4000 은행 (자산운용회사의 신탁재산은 자산운용회사로 분류) / 5000 기타금융 / 6000 연금, 기금 및 공제회 / 7000 국가, 지자체 국제기구 및 공익기관 / 7100 기타법인 / 8000 개인 /  / * 7100 : 기존 7000번 분류를 세분화하여 추가확정  / * 파생 : 3100 사용불가 /   --> 기타 투자자분류코드(예 : 3000, 7100 등)에 맞게 입력함 / * 정정, 취소호가는 SPACE로 입",
매매,TTRBOP12301,TTRBOP12301;TTRBOP12321;TTRBOP12302;TTRBOP12322;TTRBOP12303,회원대량처리호가,DATA,25,외국인투자자구분코드,FOREIGN  / INVESTOR_ / TYPE_CODE,String,2,,"1) 현물 / 00 외국인아님 / (10 외국인(거주)) /   11 식별번호 있는 외국인 (거주) /   12 식별번호 없는 외국인 (거주) / (20 외국인(비거주)) /   21 식별번호 있는 외국인 (비거주) /   22 식별번호 없는 외국인 (비거주) /  / 2) 파생상품 / 00 외국인아님 / 10 외국인(거주) / 20 외국인(비거주) /  / * 정정, 취소호가는 SPACE로 입력 / * 정정의 경우 원호가의 정보와 동일한 것으로 인정함",
매매,TTRBOP12301,TTRBOP12301;TTRBOP12321;TTRBOP12302;TTRBOP12322;TTRBOP12303,회원대량처리호가,DATA,26,주문매체구분코드,ORD_MEDIA_TP_CD,String,1,,"1 영업점단말 : 주문용단말, 비상주문단말, LP주문 / 2 유선단말 : 음성전화 / 3 무선단말 : 휴대폰, 스마트폰, PDA 등 / 4 HTS : 고객PC, 객장/사이버룸 단말 등 / 8 채권딜러서버 / 9 기타 : 특정위탁자전용주문(통칭 DMA), 반대매매, 선물옵션 주문, K-BLOX 등",
매매,TTRBOP12301,TTRBOP12301;TTRBOP12321;TTRBOP12302;TTRBOP12322;TTRBOP12303,회원대량처리호가,DATA,27,주문자식별정보,ORDER IDENTIFICATION INFORMATION,String,12,,"공인IP, 사설IP, 단말고유번호, 전화번호, 가입자번호, 기계번호 /  / * 전화번호의 경우 ""-"" 제외 / * IP의 경우 ""."" 제외 / * 반대매매주문의 경우에는 ""BANDAE"", /   ARS주문의 경우에는 ""ARS"",  /   대량거래(K-BLOX협상)의 경우에만 /   ""BLOCK"" 으로 입력  / * 선물옵션기본예탁금액 관련하여 회원의 고객주문 직권취소의 경우에는 ""OVER"" / * Kill Switch 입력 시 ""KILLSWITCH"" / * 소수단위 주식거래의 경우에는 ""SOSU""",
매매,TTRBOP12301,TTRBOP12301;TTRBOP12321;TTRBOP12302;TTRBOP12322;TTRBOP12303,회원대량처리호가,DATA,28,MAC주소,MAC_ADDR,String,12,,"* PC, 스마트폰, 태블릿PC 등 주문 단말에 동시 장착된 유무선 LAN 카드의 MAC 주소 (LAN 카드가 복수인 경우 1. 유선→무선, 2. 오름차순으로 정렬하여 순서가 가장 빠른 주소 / * 무선단말중 LAN카드 미장착 등 MAC 입력이 불가능한 경우 : “000000000000” / * 통칭 DMA : 실제 위탁자(자기 포함)의 IP, MAC 주소 입력이 원칙임. 단, 위탁자(자기 포함) IP, MAC 주소 수집이 불가능한 경우, ‘통칭 DMA 서버’를 통해서  혹은 다른 수단으로 수집이 가능한 IP, MAC 주소 반드시 ",
매매,TTRBOP12301,TTRBOP12301;TTRBOP12321;TTRBOP12302;TTRBOP12322;TTRBOP12303,회원대량처리호가,DATA,29,협상번호,NEGOTIATION_ / NUMBER,Long,6,,,
매매,TTRBOP12301,TTRBOP12301;TTRBOP12321;TTRBOP12302;TTRBOP12322;TTRBOP12303,회원대량처리호가,DATA,30,협상상세번호,BLOCK TRADE_ / NEGOTIATION_ / DETAIL_NUMBER,Long,6,,,
매매,TTRBOP12301,TTRBOP12301;TTRBOP12321;TTRBOP12302;TTRBOP12322;TTRBOP12303,회원대량처리호가,DATA,31,협상자ID,NEGOTIATOR_ / IDENTIFICATION,String,10,,,
매매,TTRBOP12301,TTRBOP12301;TTRBOP12321;TTRBOP12302;TTRBOP12322;TTRBOP12303,회원대량처리호가,DATA,32,상대회원번호,COUNTERPART_ / MEMBER_NUMBER,String,5,,,
매매,TTRBOP12301,TTRBOP12301;TTRBOP12321;TTRBOP12302;TTRBOP12322;TTRBOP12303,회원대량처리호가,DATA,33,상대계좌번호,COUNTERPART_ / ACCOUNT_NUMBER,String,12,,* 12자리 구성방법 제한없음. 12자리를 회원사별로 사용,
매매,TTRBOP12301,TTRBOP12301;TTRBOP12321;TTRBOP12302;TTRBOP12322;TTRBOP12303,회원대량처리호가,DATA,34,협의완료시각,NEGOTIATION_ / COMPLETION_TIME,String,9,,,
매매,TTRBOP12301,TTRBOP12301;TTRBOP12321;TTRBOP12302;TTRBOP12322;TTRBOP12303,회원대량처리호가,DATA,35,호가일자,ORDER_DATE,String,8,,YYYYMMDD,
매매,TTRBOP12301,TTRBOP12301;TTRBOP12321;TTRBOP12302;TTRBOP12322;TTRBOP12303,회원대량처리호가,DATA,36,회원사주문시각,MEMBER FIRM_ORDER_TIME,String,9,,,
매매,TTRBOP12301,TTRBOP12301;TTRBOP12321;TTRBOP12302;TTRBOP12322;TTRBOP12303,회원대량처리호가,DATA,37,회원사용영역,MEMBER_USE_AREA,String,60,,거래소 회원 사용 입력 영역,
매매,TTRBOP12301,TTRBOP12301;TTRBOP12321;TTRBOP12302;TTRBOP12322;TTRBOP12303,회원대량처리호가,DATA,38,호가접수시각,ORD_ACPT_TM,String,9,,매칭 매매거래 접수시각,
매매,TTRBOP12301,TTRBOP12301;TTRBOP12321;TTRBOP12302;TTRBOP12322;TTRBOP12303,회원대량처리호가,DATA,39,호가거부사유코드,ORD_REJ_RSN_CD,String,4,,거부사유코드 참조,
매매,TTRBOP12301,TTRBOP12301;TTRBOP12321;TTRBOP12302;TTRBOP12322;TTRBOP12303,회원대량처리호가,DATA,40,현물가격,SPOT_PRC,Float,11,,* EFP종목만 해당 (취소호가는 0으로 입력) / * 현물은 0으로 입력 / * 파생 EFP제외 종목은 0으로 입력,
매매,TTRBOP12301,TTRBOP12301;TTRBOP12321;TTRBOP12302;TTRBOP12322;TTRBOP12303,회원대량처리호가,DATA,41,PT구분코드,PT_TP_CD,String,2,,"1) 현물 /  00 일반 / (10 차익거래) /    11 지수차익거래, /    12 주식차익거래, /    13 ETF차익거래이면서 지수비차익거래인 경우 /    14 ETF차익거래이면서 지수비차익거래가 아닌 경우 /    15 DR차익거래 /    16 KDR차익거래 /    17 ETN차익거래이면서 지수비차익거래인 경우 /    18 ETN차익거래이면서 지수비차익거래가 아닌 경우 /    19 섹터지수차익거래 / (20 헤지거래) /    21 ELW LP 헤지거래 /    22 파생MM 헤지거래 /    23 ETF L",
매매,TTRBOP12301,TTRBOP12301;TTRBOP12321;TTRBOP12302;TTRBOP12322;TTRBOP12303,회원대량처리호가,DATA,42,거래시장선택구분코드,TRD_MKT_CHOIC_TP_CD,String,1,,"[유가/코스닥] /   0: 해당없음(거래시장 미선택) /   1: 해당있음(거래시장 선택) / * 위탁자/회원사 등이 거래시장을 선택한 경우 '해당있음', 그렇지 않은 경우 '해당없음' 설정 / [ETF, 코넥스, 파생] /   - '해당있음(1)'로 설정해서 송부",
매매,TTRBOP12301,TTRBOP12301;TTRBOP12321;TTRBOP12302;TTRBOP12322;TTRBOP12303,회원대량처리호가,DATA,43,공매도ID,SRTSELL_ID,String,10,,공매도 거래자에게 부여되는 고유 번호,
매매,TTRBOP12344,TTRBOP12344,장개시전 협의거래주문정보,DATA,1,메세지일련번호,MESSAGE_ / SEQUENCE NUMBER,Long,11,,메세지일련번호,
매매,TTRBOP12344,TTRBOP12344,장개시전 협의거래주문정보,DATA,2,트랜잭션코드,TRANSACTION_ / CODE,String,11,,TTRBOP12344,
매매,TTRBOP12344,TTRBOP12344,장개시전 협의거래주문정보,DATA,3,ME그룹번호,ME_GRP_NO,String,2,,매칭그룹별 일련번호 / 대량의 경우 '01'로 회원사 전달,
매매,TTRBOP12344,TTRBOP12344,장개시전 협의거래주문정보,DATA,4,상품ID,PROD_ID,String,11,,별첨-KRX 차세대 상품 ID체계 참고,
매매,TTRBOP12344,TTRBOP12344,장개시전 협의거래주문정보,DATA,5,거래리포트ID,TRD_RPT_ID,String,9,,Eurex가 부여한 거래리포트 Id / 회원별 전체건수 통보시 초기화,
매매,TTRBOP12344,TTRBOP12344,장개시전 협의거래주문정보,DATA,6,종목코드,ISU_CD,String,12,,현물/파생/채권/REPO 통합상품의 종목 코드(ISIN종목코드) / 회원별 전체건수 통보시 '9999999999'로 초기화,
매매,TTRBOP12344,TTRBOP12344,장개시전 협의거래주문정보,DATA,7,호가수량,ORD_QTY,Long,10,,회원별 전체건수 통보시 0으로 초기화,
매매,TTRBOP12344,TTRBOP12344,장개시전 협의거래주문정보,DATA,8,호가가격,ORD_PRC,Float,11,,회원별 전체건수 통보시 0으로 초기화,
매매,TTRBOP12344,TTRBOP12344,장개시전 협의거래주문정보,DATA,9,거래일자,TRD_DD,String,8,,YYYYMMDD / 회원별 전체건수 통보시 초기화,
매매,TTRBOP12344,TTRBOP12344,장개시전 협의거래주문정보,DATA,10,매도매수구분코드,ASK_BID_TP_CD,String,1,,1 매도 / 2 매수 / 회원별 전체건수 통보시 초기화,
매매,TTRBOP12344,TTRBOP12344,장개시전 협의거래주문정보,DATA,11,회원번호,MBR_NO,String,5,,거래소가 부여한 회원번호 / * 취소 호가인 경우 원호가와 동일한 값이 입력되어야 함(원호가 정합성 체크),
매매,TTRBOP12344,TTRBOP12344,장개시전 협의거래주문정보,DATA,12,계좌비밀번호,ACNT_PW,String,9,,거래소간에 협의한 계좌비밀번호 / * 취소 호가인 경우 원호가와 동일한 값이 입력되어야 함(원호가 정합성 체크) / 회원별 전체건수 통보시 초기화,
매매,TTRBOP12344,TTRBOP12344,장개시전 협의거래주문정보,DATA,13,최종처리일련번호,LST_PROCS_SEQ,Long,11,,회원별 전체건수 통보시 회원별 주문정보 전체건수 / (주문정보가 한 건도 없는 경우 0),
매매,TTRBOP12345,TTRBOP12345,장개시전 협의거래 ECAG계좌 주문정보,DATA,1,메세지일련번호,MESSAGE_ / SEQUENCE NUMBER,Long,11,,메세지일련번호,
매매,TTRBOP12345,TTRBOP12345,장개시전 협의거래 ECAG계좌 주문정보,DATA,2,트랜잭션코드,TRANSACTION_ / CODE,String,11,,TTRBOP12345,
매매,TTRBOP12345,TTRBOP12345,장개시전 협의거래 ECAG계좌 주문정보,DATA,3,ME그룹번호,ME_GRP_NO,String,2,,매칭그룹별 일련번호 / 대량의 경우 '01'로 회원사 전달,
매매,TTRBOP12345,TTRBOP12345,장개시전 협의거래 ECAG계좌 주문정보,DATA,4,상품ID,PROD_ID,String,11,,별첨-KRX 차세대 상품 ID체계 참고,
매매,TTRBOP12345,TTRBOP12345,장개시전 협의거래 ECAG계좌 주문정보,DATA,5,거래리포트ID,TRD_RPT_ID,String,9,,Eurex가 부여한 거래리포트 Id / 회원별 전체건수 통보시 초기화,
매매,TTRBOP12345,TTRBOP12345,장개시전 협의거래 ECAG계좌 주문정보,DATA,6,종목코드,ISU_CD,String,12,,현물/파생/채권/REPO 통합상품의 종목 코드(ISIN종목코드) / 회원별 전체건수 통보시 '9999999999'로 초기화,
매매,TTRBOP12345,TTRBOP12345,장개시전 협의거래 ECAG계좌 주문정보,DATA,7,호가수량,ORD_QTY,Long,10,,회원별 전체건수 통보시 0으로 초기화,
매매,TTRBOP12345,TTRBOP12345,장개시전 협의거래 ECAG계좌 주문정보,DATA,8,호가가격,ORD_PRC,Float,11,,회원별 전체건수 통보시 0으로 초기화,
매매,TTRBOP12345,TTRBOP12345,장개시전 협의거래 ECAG계좌 주문정보,DATA,9,거래일자,TRD_DD,String,8,,YYYYMMDD / 회원별 전체건수 통보시 초기화,
매매,TTRBOP12345,TTRBOP12345,장개시전 협의거래 ECAG계좌 주문정보,DATA,10,매도매수구분코드,ASKBID_TP_CD,String,1,,1 매도 / 2 매수 / 회원별 전체건수 통보시 초기화,
매매,TTRBOP12345,TTRBOP12345,장개시전 협의거래 ECAG계좌 주문정보,DATA,11,회원번호,MBR_NO,String,5,,거래소가 부여한 회원번호 / * 취소 호가인 경우 원호가와 동일한 값이 입력되어야 함(원호가 정합성 체크),
매매,TTRBOP12345,TTRBOP12345,장개시전 협의거래 ECAG계좌 주문정보,DATA,12,계좌비밀번호,ACNT_PW,String,9,,거래소간에 협의한 계좌비밀번호 / * 취소 호가인 경우 원호가와 동일한 값이 입력되어야 함(원호가 정합성 체크) / 회원별 전체건수 통보시 초기화,
매매,TTRBOP12345,TTRBOP12345,장개시전 협의거래 ECAG계좌 주문정보,DATA,13,최종처리일련번호,LST_PROCS_SEQ,Long,11,,회원별 전체건수 통보시 회원별 주문정보 전체건수,
매매,TTRBOP12305,TTRBOP12305;TTRBOP12323,장개시전 협의거래처리호가,DATA,1,메세지일련번호,MESSAGE_ / SEQUENCE NUMBER,Long,11,,메세지일련번호,
매매,TTRBOP12305,TTRBOP12305;TTRBOP12323,장개시전 협의거래처리호가,DATA,2,트랜잭션코드,TRANSACTION_ / CODE,String,11,,(장개시전 협의정상) : TTRBOP12305 / (장개시전 협의거부) : TTRBOP12323,
매매,TTRBOP12305,TTRBOP12305;TTRBOP12323,장개시전 협의거래처리호가,DATA,3,ME그룹번호,ME_GRP_NO,String,2,,매칭그룹별 일련번호 / 대량의 경우 '01'로 회원사 전달,
매매,TTRBOP12305,TTRBOP12305;TTRBOP12323,장개시전 협의거래처리호가,DATA,4,보드ID,BOARD_ID,String,2,,별첨_보드ID 매핑 참고,
매매,TTRBOP12305,TTRBOP12305;TTRBOP12323,장개시전 협의거래처리호가,DATA,5,회원번호,MBR_NO,String,5,,,
매매,TTRBOP12305,TTRBOP12305;TTRBOP12323,장개시전 협의거래처리호가,DATA,6,지점번호,BRN_NO,String,5,,,
매매,TTRBOP12305,TTRBOP12305;TTRBOP12323,장개시전 협의거래처리호가,DATA,7,주문ID,ORD_ID,String,10,,* 문자를 포함 / * 종목+회원+지점+주문ID가 Key (Unique),
매매,TTRBOP12305,TTRBOP12305;TTRBOP12323,장개시전 협의거래처리호가,DATA,8,원주문ID,ORGN_ORD_ID,String,10,,,
매매,TTRBOP12305,TTRBOP12305;TTRBOP12323,장개시전 협의거래처리호가,DATA,9,종목코드,ISU_CD,String,12,,현물/파생/채권/REPO 통합상품의 종목 코드(ISIN종목코드),
매매,TTRBOP12305,TTRBOP12305;TTRBOP12323,장개시전 협의거래처리호가,DATA,10,매도매수구분코드,ASK_BID_TP_CD,String,1,,1 매도 / 2 매수,
매매,TTRBOP12305,TTRBOP12305;TTRBOP12323,장개시전 협의거래처리호가,DATA,11,정정취소구분코드,MODCANCL_TP_CD,String,1,,1 신규 / 2 정정 / 3 취소,
매매,TTRBOP12305,TTRBOP12305;TTRBOP12323,장개시전 협의거래처리호가,DATA,12,계좌번호,ACNT_NO,String,12,,* 12자리 구성방법 제한없음. 12자리를 회원사별로 사용,
매매,TTRBOP12305,TTRBOP12305;TTRBOP12323,장개시전 협의거래처리호가,DATA,13,호가수량,ORD_QTY,Long,10,,,
매매,TTRBOP12305,TTRBOP12305;TTRBOP12323,장개시전 협의거래처리호가,DATA,14,호가가격,ORD_PRC,Float,11,,,
매매,TTRBOP12305,TTRBOP12305;TTRBOP12323,장개시전 협의거래처리호가,DATA,15,위탁자기구분코드,TRST_PRINC_TP_CD,String,2,,1)현물 / 10 위탁매매 / 30 자기매매 /  / 2)파생상품 /   11 위탁거래 /   12 위탁주선거래 /   13 회원의 위탁거래  /   31 호가입력회원의 자기거래 /  / 3)채권 / 10 위탁매매 / 30 자기매매 / 33 매도대행사 반대매도 /  / * 현물 /  - 자기매매 : 증권업자가 자기계정으로 매매하는 경우 /  - 위탁매매 : 자기매매가 아닌 경우 / * 파생 /   - 신탁업 및 집합투자업을 겸영하는 투자매매업자의 신탁거래 및 집합투자거래는 위탁거래로 입력함 / * 취소호가는 SPACE로 입력 / *,
매매,TTRBOP12305,TTRBOP12305;TTRBOP12323,장개시전 협의거래처리호가,DATA,16,위탁사번호,TRUST COMPANY_ / NUMBER,String,5,,"* 파생 : 회원의 위탁거래(위탁자기구분코드=13)인 경우 위탁사번호 입력, 위탁사가 없는 경우(위탁자기구분코드 11, 12, 31) SPACE로 입력 / * 현물 : 위탁사가 없는 경우 SPACE로 입력 / * 정정, 취소호가는 SPACE로 입력 / * 정정의 경우 원호가의 정보와 동일한 것으로 인정함",
매매,TTRBOP12305,TTRBOP12305;TTRBOP12323,장개시전 협의거래처리호가,DATA,17,계좌구분코드,ACNT_TP_CD,String,2,,1) 현물 / 00 : 일반 / 01 : 대표투자자계좌(외국인) / 02 : 증권회사통합계좌(외국인) / 03 : FP계좌-복수일임형랩계좌 / 04 : FP계좌-단일일임형랩계좌 / 05 : FP아닌일임형랩계좌 / 06 : Buy-In매수전용계좌 / 07:  복수신탁계좌-대표계좌 이용 / 08:  단일신탁계좌-대표계좌미이용 / 09 : 기타 / 10: 시장조성헤지계좌(파생연계) / 11: 시장조성계좌(현물) / 12: 비과세해외주식투자전용ETF계좌 / 13 : 소액투자전용계좌(코넥스) / 14 : 외국인통합계좌 / 15 : 차익거래전,
매매,TTRBOP12305,TTRBOP12305;TTRBOP12323,장개시전 협의거래처리호가,DATA,18,계좌증거금유형코드,ACNT_MRGN_TP_CD,String,2,,"1)현물 / 00 일반 / 01 동결계좌 / 02 Buy-In매수전용계좌 /  / 2)파생상품 / 10 사전증거금 일반 / 11 사후증거금 일반 / 12 사후증거금 할인 /  / * 정정, 취소호가는 SPACE로 입력 / * 정정의 경우 원호가의 정보와 동일한 것으로 인정함",
매매,TTRBOP12305,TTRBOP12305;TTRBOP12323,장개시전 협의거래처리호가,DATA,19,국가코드,CNTR_CD,String,3,,"* 국가코드표 참조 ISO3166-1적용 (Number-3) 없으면 거부 /   - ISO에 없는 코드 추가 : 997, 998, 999 (대한민국국민인해외영주권자, 국제기구, 기타) /   - 기존코드에는 분류되어 있으나 ISO에는 구분없는 코드 신규 생성 : 991, 992 (말레이지아 라부안, 채널아일랜드) /  / * 정정, 취소호가는 SPACE로 입력",
매매,TTRBOP12305,TTRBOP12305;TTRBOP12323,장개시전 협의거래처리호가,DATA,20,투자자구분코드,INVST_TP_CD,String,4,,"1000 금융투자회사 / 2000 보험회사 / 3000 자산운용회사 및 투자회사 / 3100 사모펀드 / 4000 은행 (자산운용회사의 신탁재산은 자산운용회사로 분류) / 5000 기타금융 / 6000 연금, 기금 및 공제회 / 7000 국가, 지자체 국제기구 및 공익기관 / 7100 기타법인 / 8000 개인 /  / * 7100 : 기존 7000번 분류를 세분화하여 추가확정  / * 파생 : 3100 사용불가 /   --> 기타 투자자분류코드(예 : 3000, 7100 등)에 맞게 입력함 / * 정정, 취소호가는 SPACE로 입",
매매,TTRBOP12305,TTRBOP12305;TTRBOP12323,장개시전 협의거래처리호가,DATA,21,외국인투자자구분코드,FORNINVST_TP_CD,String,2,,"1) 현물 / 00 외국인아님 / (10 외국인(거주)) /   11 식별번호 있는 외국인 (거주) /   12 식별번호 없는 외국인 (거주) / (20 외국인(비거주)) /   21 식별번호 있는 외국인 (비거주) /   22 식별번호 없는 외국인 (비거주) /  / 2) 파생상품 / 00 외국인아님 / 10 외국인(거주) / 20 외국인(비거주) /  / * 정정, 취소호가는 SPACE로 입력 / * 정정의 경우 원호가의 정보와 동일한 것으로 인정함",
매매,TTRBOP12305,TTRBOP12305;TTRBOP12323,장개시전 협의거래처리호가,DATA,22,주문매체구분코드,ORD_MEDIA_TP_CD,String,1,,"1 영업점단말 : 주문용단말, 비상주문단말, LP주문 / 2 유선단말 : 음성전화 / 3 무선단말 : 휴대폰, 스마트폰, PDA 등 / 4 HTS : 고객PC, 객장/사이버룸 단말 등 / 8 채권딜러서버 / 9 기타 : 특정위탁자전용주문(통칭 DMA), 반대매매, 선물옵션 주문, K-BLOX 등",
매매,TTRBOP12305,TTRBOP12305;TTRBOP12323,장개시전 협의거래처리호가,DATA,23,주문자식별정보,ORDER IDENTIFICATION INFORMATION,String,12,,"공인IP, 사설IP, 단말고유번호, 전화번호, 가입자번호, 기계번호 /  / * 전화번호의 경우 ""-"" 제외 / * IP의 경우 ""."" 제외 / * 반대매매주문의 경우에는 ""BANDAE"", /   ARS주문의 경우에는 ""ARS"",  /   대량거래(K-BLOX협상)의 경우에만 /   ""BLOCK"" 으로 입력  / * 선물옵션기본예탁금액 관련하여 회원의 고객주문 직권취소의 경우에는 ""OVER"" / * Kill Switch 입력 시 ""KILLSWITCH""",
매매,TTRBOP12305,TTRBOP12305;TTRBOP12323,장개시전 협의거래처리호가,DATA,24,MAC주소,MAC_ADDR,String,12,,"* PC, 스마트폰, 태블릿PC 등 주문 단말에 동시 장착된 유무선 LAN 카드의 MAC 주소 (LAN 카드가 복수인 경우 1. 유선→무선, 2. 오름차순으로 정렬하여 순서가 가장 빠른 주소 / * 무선단말중 LAN카드 미장착 등 MAC 입력이 불가능한 경우 : “000000000000” / * 통칭 DMA : 실제 위탁자(자기 포함)의 IP, MAC 주소 입력이 원칙임. 단, 위탁자(자기 포함) IP, MAC 주소 수집이 불가능한 경우, ‘통칭 DMA 서버’를 통해서  혹은 다른 수단으로 수집이 가능한 IP, MAC 주소 반드시 ",
매매,TTRBOP12305,TTRBOP12305;TTRBOP12323,장개시전 협의거래처리호가,DATA,25,호가일자,ORD_DD,String,8,,YYYYMMDD,
매매,TTRBOP12305,TTRBOP12305;TTRBOP12323,장개시전 협의거래처리호가,DATA,26,회원사주문시각,MBR_ORD_TM,String,9,,,
매매,TTRBOP12305,TTRBOP12305;TTRBOP12323,장개시전 협의거래처리호가,DATA,27,회원사용영역,MBR_USE_AREA,String,60,,거래소 회원 사용 입력 영역,
매매,TTRBOP12305,TTRBOP12305;TTRBOP12323,장개시전 협의거래처리호가,DATA,28,호가접수시각,ORD_ACPT_TM,String,9,,매칭 매매거래 접수시각,
매매,TTRBOP12305,TTRBOP12305;TTRBOP12323,장개시전 협의거래처리호가,DATA,29,거래리포트ID,TRD_RPT_ID,String,9,,Trade Report Id,
매매,TTRBOP12305,TTRBOP12305;TTRBOP12323,장개시전 협의거래처리호가,DATA,30,계좌비밀번호,ACNT_PW,String,9,,거래소간에 협의한 계좌비밀번호,
매매,TTRBOP12305,TTRBOP12305;TTRBOP12323,장개시전 협의거래처리호가,DATA,31,호가거부사유코드,ORD_REJ_RSN_CD,String,4,,호가거부사유코드 참조,
매매,TTRBOP12305,TTRBOP12305;TTRBOP12323,장개시전 협의거래처리호가,DATA,32,실정정취소호가수량,REAL_MODCANCL_ORD_QTY,Long,10,,실정정취소호가수량,
매매,TTRBOP12343,TTRBOP12343,장개시전 협의거래수탁거부신고통보,DATA,1,메세지일련번호,MESSAGE_ / SEQUENCE NUMBER,Long,11,,메세지일련번호,
매매,TTRBOP12343,TTRBOP12343,장개시전 협의거래수탁거부신고통보,DATA,2,트랜잭션코드,TRANSACTION_ / CODE,String,11,,TTRBOP12343,
매매,TTRBOP12343,TTRBOP12343,장개시전 협의거래수탁거부신고통보,DATA,3,ME그룹번호,ME_GRP_NO,String,2,,매칭그룹별 일련번호 / 대량의 경우 '01'로 회원사 전달,
매매,TTRBOP12343,TTRBOP12343,장개시전 협의거래수탁거부신고통보,DATA,4,보드ID,BOARD_ID,String,2,,별첨_보드ID 매핑 참고,
매매,TTRBOP12343,TTRBOP12343,장개시전 협의거래수탁거부신고통보,DATA,5,상품ID,PROD_ID,String,11,,별첨-KRX 차세대 상품 ID체계 참고,
매매,TTRBOP12343,TTRBOP12343,장개시전 협의거래수탁거부신고통보,DATA,6,회원번호,MBR_NO,String,5,,,
매매,TTRBOP12343,TTRBOP12343,장개시전 협의거래수탁거부신고통보,DATA,7,종목코드,ISU_CD,String,12,,현물/파생/채권/REPO 통합상품의 종목 코드(ISIN종목코드),
매매,TTRBOP12343,TTRBOP12343,장개시전 협의거래수탁거부신고통보,DATA,8,매도매수구분코드,ASKBID_TP_CD,String,1,,매도매수구분코드,
매매,TTRBOP12343,TTRBOP12343,장개시전 협의거래수탁거부신고통보,DATA,9,정정취소구분코드,MODCANCL_TP_CD,String,1,,1 신규 / 2 정정 / 3 취소,
매매,TTRBOP12343,TTRBOP12343,장개시전 협의거래수탁거부신고통보,DATA,10,호가일자,ORD_DD,String,8,,YYYYMMDD,
매매,TTRBOP12343,TTRBOP12343,장개시전 협의거래수탁거부신고통보,DATA,11,거래리포트ID,TRD_RPT_ID,String,9,,거래리포트ID,
매매,TTRBOP12343,TTRBOP12343,장개시전 협의거래수탁거부신고통보,DATA,12,계좌비밀번호,ACNT_PW,String,9,,거래소간에 협의한 계좌비밀번호,
매매,TTRBOP12343,TTRBOP12343,장개시전 협의거래수탁거부신고통보,DATA,13,실정정취소호가수량,REAL_MODCANCL_ORD_QTY,Long,10,,수탁거부신고/신고취소 처리수량,
매매,TTRBOP12343,TTRBOP12343,장개시전 협의거래수탁거부신고통보,DATA,14,호가거부사유코드,ORD_REJ_RSN_CD,String,4,,호가거부사유코드 참조,
매매,TTRBOP12341,TTRBOP12341,장개시전 협의거래미참여회원사통보,DATA,1,메세지일련번호,MESSAGE_ / SEQUENCE NUMBER,Long,11,,메세지일련번호,
매매,TTRBOP12341,TTRBOP12341,장개시전 협의거래미참여회원사통보,DATA,2,트랜잭션코드,TRANSACTION_ / CODE,String,11,,TTRBOP12341,
매매,TTRBOP12341,TTRBOP12341,장개시전 협의거래미참여회원사통보,DATA,3,ME그룹번호,ME_GRP_NO,String,2,,매칭그룹별 일련번호 / 대량의 경우 '01'로 회원사 전달,
매매,TTRBOP12341,TTRBOP12341,장개시전 협의거래미참여회원사통보,DATA,4,상품ID,PROD_ID,String,11,,별첨-KRX 차세대 상품 ID체계 참고,
매매,TTRBOP12341,TTRBOP12341,장개시전 협의거래미참여회원사통보,DATA,5,회원번호,MBR_NO,String,5,,,
매매,TTRBOP12342,TTRBOP12342,수탁거부미제출회원사통보,DATA,1,메세지일련번호,MESSAGE_ / SEQUENCE NUMBER,Long,11,,메세지일련번호,
매매,TTRBOP12342,TTRBOP12342,수탁거부미제출회원사통보,DATA,2,트랜잭션코드,TRANSACTION_ / CODE,String,11,,TTRBOP12342,
매매,TTRBOP12342,TTRBOP12342,수탁거부미제출회원사통보,DATA,3,ME그룹번호,ME_GRP_NO,String,2,,매칭그룹별 일련번호 / 대량의 경우 '01'로 회원사 전달,
매매,TTRBOP12342,TTRBOP12342,수탁거부미제출회원사통보,DATA,4,상품ID,PROD_ID,String,11,,별첨-KRX 차세대 상품 ID체계 참고,
매매,TTRBOP12342,TTRBOP12342,수탁거부미제출회원사통보,DATA,5,회원번호,MBR_NO,String,5,,,
매매,TTRKOP11301,TTRKOP11301;TTRKOP11302,Kill Switch 처리,DATA,1,메세지일련번호,MESSAGE_ / SEQUENCE NUMBER,Long,11,,메세지일련번호,
매매,TTRKOP11301,TTRKOP11301;TTRKOP11302,Kill Switch 처리,DATA,2,트랜잭션코드,TRANSACTION_ / CODE,String,11,,정상 : TTRKOP11301 / 거부 : TTRKOP11302,
매매,TTRKOP11301,TTRKOP11301;TTRKOP11302,Kill Switch 처리,DATA,3,ME그룹번호,ME_GRP_NO,String,2,,매칭그룹별 일련번호,
매매,TTRKOP11301,TTRKOP11301;TTRKOP11302,Kill Switch 처리,DATA,4,시장ID,MARKET_ / IDENTIFICATION,String,3,,별첨-KRX 차세대 상품 ID체계 참고,
매매,TTRKOP11301,TTRKOP11301;TTRKOP11302,Kill Switch 처리,DATA,5,회원번호,MBR_NO,String,5,,거래소가 부여한 회원번호 / * 정정/취소 호가인 경우 원호가와 동일한 값이 입력되어야 함(원호가 정합성 체크),
매매,TTRKOP11301,TTRKOP11301;TTRKOP11302,Kill Switch 처리,DATA,6,계좌번호,ACCOUNT_ / NUMBER,String,12,,* 12자리 구성방법 제한없음. 12자리를 회원사별로 사용,
매매,TTRKOP11301,TTRKOP11301;TTRKOP11302,Kill Switch 처리,DATA,7,제재해제구분코드,SANCTN_RELEAS_TP_CD,String,1,,1:제재 / 2:해제,
매매,TTRKOP11301,TTRKOP11301;TTRKOP11302,Kill Switch 처리,DATA,8,주문매체구분코드,ORD_MEDIA_TP_CD,String,1,,"1 영업점단말 : 주문용단말, 비상주문단말, LP주문 / 2 유선단말 : 음성전화 / 3 무선단말 : 휴대폰, 스마트폰, PDA 등 / 4 HTS : 고객PC, 객장/사이버룸 단말 등 / 8 채권딜러서버 / 9 기타 : 특정위탁자전용주문(통칭 DMA), 반대매매, 선물옵션 주문, K-BLOX 등",
매매,TTRKOP11301,TTRKOP11301;TTRKOP11302,Kill Switch 처리,DATA,9,주문자식별정보,ORDER IDENTIFICATION INFORMATION,String,12,,"공인IP, 사설IP, 단말고유번호, 전화번호, 가입자번호, 기계번호 /  / * 전화번호의 경우 ""-"" 제외 / * IP의 경우 ""."" 제외 / * 반대매매주문의 경우에는 ""BANDAE"", /   ARS주문의 경우에는 ""ARS"",  /   대량거래(K-BLOX협상)의 경우에만 /   ""BLOCK"" 으로 입력  / * 선물옵션기본예탁금액 관련하여 회원의 고객주문 직권취소의 경우에는 ""OVER"" / * Kill Switch 입력 시 ""KILLSWITCH"" / * 소수단위 주식거래의 경우에는 ""SOSU""",
매매,TTRKOP11301,TTRKOP11301;TTRKOP11302,Kill Switch 처리,DATA,10,MAC주소,MAC_ADDR,String,12,,"* PC, 스마트폰, 태블릿PC 등 주문 단말에 동시 장착된 유무선 LAN 카드의 MAC 주소 (LAN 카드가 복수인 경우 1. 유선→무선, 2. 오름차순으로 정렬하여 순서가 가장 빠른 주소 / * 무선단말중 LAN카드 미장착 등 MAC 입력이 불가능한 경우 : “000000000000” / * 통칭 DMA : 실제 위탁자(자기 포함)의 IP, MAC 주소 입력이 원칙임. 단, 위탁자(자기 포함) IP, MAC 주소 수집이 불가능한 경우, ‘통칭 DMA 서버’를 통해서  혹은 다른 수단으로 수집이 가능한 IP, MAC 주소 반드시 ",
매매,TTRKOP11301,TTRKOP11301;TTRKOP11302,Kill Switch 처리,DATA,11,신고일자,ORDER_DATE,String,8,,YYYYMMDD / * 파생야간은 RDS 파생종목정보 영업일자,
매매,TTRKOP11301,TTRKOP11301;TTRKOP11302,Kill Switch 처리,DATA,12,신고시각,MBR_ORD_TM,String,9,,회원 대외계 시스템(FEP)에 도달한 시각 / (HHMMSSsss : 1/1000초까지 표시),
매매,TTRKOP11301,TTRKOP11301;TTRKOP11302,Kill Switch 처리,DATA,13,회원사용영역,MEMBER_ / USE_AREA,String,60,,거래소 회원 사용 입력 영역,
매매,TTRKOP11301,TTRKOP11301;TTRKOP11302,Kill Switch 처리,DATA,14,발동시각,ORD_ACPT_TM,String,12,,발동시각,변경
매매,TTRKOP11301,TTRKOP11301;TTRKOP11302,Kill Switch 처리,DATA,15,거부코드,REJ_CD,String,2,,01 : Kill Switch 계좌미등록 거부 / 02 : Kill Switch 해제 불가시점 거부 / 03 : Kill Switch 발동 중 Kill Switch 발동 입력 / 04 : Kill Switch 미발동 중 Kill Switch 해제 입력 / 97 : 매칭엔진 그룹장애 오류 / 99 : 전문 항목 오류,
매매,TTRMCP11301,TTRMCP11301,일괄호가취소(MOC) 처리,DATA,1,메세지일련번호,MESSAGE_ / SEQUENCE NUMBER,Long,11,,메세지일련번호,신규
매매,TTRMCP11301,TTRMCP11301,일괄호가취소(MOC) 처리,DATA,2,트랜잭션코드,TRANSACTION_ / CODE,String,11,,정상 : TTRMCP11301 / 거부 : TTRMCP11302,신규
매매,TTRMCP11301,TTRMCP11301,일괄호가취소(MOC) 처리,DATA,3,ME그룹번호,ME_GRP_NO,String,2,,매칭그룹별 일련번호,신규
매매,TTRMCP11301,TTRMCP11301,일괄호가취소(MOC) 처리,DATA,4,회원번호,MEMBER_NUMBER,String,5,,,신규
매매,TTRMCP11301,TTRMCP11301,일괄호가취소(MOC) 처리,DATA,5,종목코드,ISSUE_CODE,String,12,,,신규
매매,TTRMCP11301,TTRMCP11301,일괄호가취소(MOC) 처리,DATA,6,상품ID,PROD_ID,String,11,,별첨-KRX 차세대 상품 ID체계 참고,신규
매매,TTRMCP11301,TTRMCP11301,일괄호가취소(MOC) 처리,DATA,7,권리유형코드,RGHT_TP_CD,String,1,,C 콜 / P 풋 / * ALL,신규
매매,TTRMCP11301,TTRMCP11301,일괄호가취소(MOC) 처리,DATA,8,거래자ID,TRDR_ID,String,6,,"일괄호가취소, 자전거래방지 등의 기능을 제공하기 위해 투자자에게 제공하는ID",신규
매매,TTRMCP11301,TTRMCP11301,일괄호가취소(MOC) 처리,DATA,9,매도매수구분코드,ASKBID_TP_CD,String,1,,,신규
매매,TTRMCP11301,TTRMCP11301,일괄호가취소(MOC) 처리,DATA,10,계좌번호,ACNT_NO,String,12,,,신규
매매,TTRMCP11301,TTRMCP11301,일괄호가취소(MOC) 처리,DATA,11,호가그룹번호,ORD_GRP_NO,String,2,,거래자ID를 부여받은 투자자가 사전에 그룹핑을 위해 지정한 호가의 그룹번호.,신규
매매,TTRMCP11301,TTRMCP11301,일괄호가취소(MOC) 처리,DATA,12,주문매체구분코드,ORD_MEDIA_TP_CD,String,1,,"1 영업점단말 : 주문용단말, 비상주문단말, LP주문 / 2 유선단말 : 음성전화 / 3 무선단말 : 휴대폰, 스마트폰, PDA 등 / 4 HTS : 고객PC, 객장/사이버룸 단말 등 / 8 채권딜러서버 / 9 기타 : 특정위탁자전용주문(통칭 DMA), 반대매매, 선물옵션 주문, K-BLOX 등",신규
매매,TTRMCP11301,TTRMCP11301,일괄호가취소(MOC) 처리,DATA,13,주문자식별정보,ORDER IDENTIFICATION INFORMATION,String,12,,"공인IP, 사설IP, 단말고유번호, 전화번호, 가입자번호, 기계번호",
매매,TTRMCP11301,TTRMCP11301,일괄호가취소(MOC) 처리,DATA,14,MAC주소,MAC_ADDR,String,12,,"* PC, 스마트폰, 태블릿PC 등 주문 단말에 동시 장착된 유무선 LAN 카드의 MAC 주소 (LAN 카드가 복수인 경우 1. 유선→무선, 2. 오름차순으로 정렬하여 순서가 가장 빠른 주소",신규
매매,TTRMCP11301,TTRMCP11301,일괄호가취소(MOC) 처리,DATA,15,신고일자,ORDER_DATE,String,8,,YYYYMMDD / * 파생야간은 RDS 파생종목정보 영업일자,신규
매매,TTRMCP11301,TTRMCP11301,일괄호가취소(MOC) 처리,DATA,16,신고시각,MBR_ORD_TM,String,9,,회원 대외계 시스템(FEP)에 도달한 시각 / (HHMMSSsss : 1/1000초까지 표시),신규
매매,TTRMCP11301,TTRMCP11301,일괄호가취소(MOC) 처리,DATA,17,회원사용영역,MEMBER_ / USE_AREA,String,60,,거래소 회원 사용 입력 영역,신규
매매,TTRMCP11301,TTRMCP11301,일괄호가취소(MOC) 처리,DATA,18,호가거부사유코드,ORD_REJ_RSN_CD,String,4,,거부사유코드 참조,신규
매매,TTRMCP11301,TTRMCP11301,일괄호가취소(MOC) 처리,DATA,19,발동시각,TG_MICR_TM,String,12,,,신규
매매,TTRCDP11301,TTRCDP11301,Cancel On Disconnect(COD) 처리,DATA,1,메세지일련번호,MESSAGE_ / SEQUENCE NUMBER,Long,11,,메세지일련번호,신규
매매,TTRCDP11301,TTRCDP11301,Cancel On Disconnect(COD) 처리,DATA,2,트랜잭션코드,TRANSACTION_ / CODE,String,11,,TTRCDP11301,신규
매매,TTRCDP11301,TTRCDP11301,Cancel On Disconnect(COD) 처리,DATA,3,ME그룹번호,ME_GRP_NO,String,2,,매칭그룹별 일련번호,신규
매매,TTRCDP11301,TTRCDP11301,Cancel On Disconnect(COD) 처리,DATA,4,COD발생사유코드,COD_OCCR_RSN_CD,String,2,,01 : SOCKET 오류 / 02 : TIMEOUT(15초간 회원사 데이터 미수신),신규
매매,TTRCDP11301,TTRCDP11301,Cancel On Disconnect(COD) 처리,DATA,5,발동시각,TG_MICR_TM,String,12,,,신규
주문협상,TCHBOP10001,TCHBOP10001,대량매매주문서거절,DATA,1,메세지일련번호,MESSAGE_ / SEQUENCE NUMBER,Long,11,,메세지일련번호,
주문협상,TCHBOP10001,TCHBOP10001,대량매매주문서거절,DATA,2,트랜잭션코드,TRANSACTION_ / CODE,String,11,,TCHBOP10001,
주문협상,TCHBOP10001,TCHBOP10001,대량매매주문서거절,DATA,3,시장ID,MARKET_ / IDENTIFICATION,String,3,,별첨-KRX 차세대 상품 ID체계 참고,
주문협상,TCHBOP10001,TCHBOP10001,대량매매주문서거절,DATA,4,보드ID,BOARD_ID,String,2,,별첨_보드ID 매핑 참고,
주문협상,TCHBOP10001,TCHBOP10001,대량매매주문서거절,DATA,5,종목코드,ISSUE_CODE,String,12,,현물/파생/채권/REPO 통합상품의 종목 코드(ISIN종목코드),
주문협상,TCHBOP10001,TCHBOP10001,대량매매주문서거절,DATA,6,매도매수구분코드,ASK AND  / BID_TYPE_CODE,String,1,,"1 매도, 2 매수",
주문협상,TCHBOP10001,TCHBOP10001,대량매매주문서거절,DATA,7,자사주신고서ID,TREASURY  / STOCK_ / STATEMENT_ / IDENTIFICATION,String,5,,"0 해당없음(0    ) / N 자사주직접일반(N    ) / S 자사주직접스탁옵션(S    ) / 1 ~ 99999 자사주신탁(신고서일련번호) /  / * 파생상품은 0 해당없음 사용 / * 유가증권은 자사주신탁일경우 신청서 입력시마다 발행되는 자사주신고서ID를 입력 / * 정정, 취소호가는 SPACE로 입력 / * 정정호가의 경우 원호가의 정보와 동일한 것으로 인정함 / * 경쟁대량매매호가는 SPACE로 입력",
주문협상,TCHBOP10001,TCHBOP10001,대량매매주문서거절,DATA,8,자사주매매방법코드,TREASURY STOCK_TRADING_ / METHOD_CODE,String,1,,"0 해당없음 / 1 자사주일반 / 2 한은등 자사주 / 3 정부등 자사주 /  / * 파생상품은 0 해당없음 사용 / * 2,3 : 장종료후시간외대량 매수만 가능, 당일거래(매매거래의 종류) 관련 사용 / -> 자사주일반은 시간외대량 매수 불가 (매도만 가능) / * 3 : 장종료후시간외대량 매수시 상/하한가 제한 없음 / * 정정, 취소호가는 SPACE로 입력 / * 정정호가의 경우 원호가의 정보와 동일한 것으로 인정함 / * 경쟁대량매매호가는 SPACE로 입력",
주문협상,TCHBOP10001,TCHBOP10001,대량매매주문서거절,DATA,9,협상무효구분코드,NEGOTIATION_ / INVALID_TYPE_ / CODE,String,1,,"1 정상, / 2 무효",
주문협상,TCHBOP10001,TCHBOP10001,대량매매주문서거절,DATA,10,회원번호,MEMBER_NUMBER,String,5,,,
주문협상,TCHBOP10001,TCHBOP10001,대량매매주문서거절,DATA,11,계좌번호,ACCOUNT_NUMBER,String,12,,예금 ·자산 등의 계정번호.,
주문협상,TCHBOP10001,TCHBOP10001,대량매매주문서거절,DATA,12,주문수량,ORDER_QUANTITY,Long,10,,,
주문협상,TCHBOP10001,TCHBOP10001,대량매매주문서거절,DATA,13,주문가격,ORDER_PRICE,Float,11,,,
주문협상,TCHBOP10001,TCHBOP10001,대량매매주문서거절,DATA,14,협상번호,NEGOTIATION_ / NUMBER,Long,6,,대량매매 거래의 협상번호,
주문협상,TCHBOP10001,TCHBOP10001,대량매매주문서거절,DATA,15,협상상세번호,BLOCK TRADE_ / NEGOTIATION_ / DETAIL_NUMBER,Long,6,,대량거래 협상서에 대한 상세번호,
주문협상,TCHBOP10001,TCHBOP10001,대량매매주문서거절,DATA,16,협상자ID,NEGOTIATOR_ / IDENTIFICATION,String,10,,협상자ID,
주문협상,TCHBOP10001,TCHBOP10001,대량매매주문서거절,DATA,17,협상결과거부사유코드,NEGOTIATION_ / RESULT_ / REJECTED_ / REASON_CODE,String,2,,01:한도관리거부 / 02:주문불가계좌 / 03:매도수량부족 / 04:매수금액부족 / 05:계좌번호오류 / 06:장운영시각오류 / 07:외국인고유번호오류 / 08:공매도불가종목 / 09:자사주주문불가계좌 / 10:기본예탁금 미만 예탁 / 11:외국인투자자구분코드 / 99:기타,
주문협상,TCHBOP10001,TCHBOP10001,대량매매주문서거절,DATA,18,호가일자,ORDER_DATE,String,8,,호가 접수일자,
주문협상,TCHBOP10001,TCHBOP10001,대량매매주문서거절,DATA,19,회원사거부시각,MEMBER  / FIRM_REJECTED_ / TIME,String,9,,,
주문협상,TCHBOP10001,TCHBOP10001,대량매매주문서거절,DATA,20,회원사용영역,MEMBER_USE_AREA,String,60,,거래소 회원 사용 입력 영역,
주문협상,TTBSDP40002,TTBSDP40002,대량매매주문서,DATA,1,메세지일련번호,MESSAGE_ / SEQUENCE NUMBER,Long,11,,메세지일련번호,
주문협상,TTBSDP40002,TTBSDP40002,대량매매주문서,DATA,2,트랜잭션코드,TRANSACTION_ / CODE,String,11,,TTBSDP40002,
주문협상,TTBSDP40002,TTBSDP40002,대량매매주문서,DATA,3,시장ID,MARKET_ / IDENTIFICATION,String,3,,별첨-KRX 차세대 상품 ID체계 참고,
주문협상,TTBSDP40002,TTBSDP40002,대량매매주문서,DATA,4,보드ID,BOARD_ID,String,2,,별첨_보드ID 매핑 참고,
주문협상,TTBSDP40002,TTBSDP40002,대량매매주문서,DATA,5,회원번호,MEMBER_NUMBER,String,5,,,
주문협상,TTBSDP40002,TTBSDP40002,대량매매주문서,DATA,6,종목코드,ISSUE_CODE,String,12,,현물/파생/채권/REPO 통합상품의 종목 코드(ISIN종목코드),
주문협상,TTBSDP40002,TTBSDP40002,대량매매주문서,DATA,7,매도매수구분코드,ASK AND BID_TYPE_CODE,String,1,,"1 매도, 2 매수",
주문협상,TTBSDP40002,TTBSDP40002,대량매매주문서,DATA,8,자사주신고서ID,TREASURY  / STOCK_ / STATEMENT_ / IDENTIFICATION,String,5,,"0 해당없음(0    ) / N 자사주직접일반(N    ) / S 자사주직접스탁옵션(S    ) / 1 ~ 99999 자사주신탁(신고서일련번호) /  / * 파생상품은 0 해당없음 사용 / * 유가증권은 자사주신탁일경우 신청서 입력시마다 발행되는 자사주신고서ID를 입력 / * 정정, 취소호가는 SPACE로 입력 / * 정정호가의 경우 원호가의 정보와 동일한 것으로 인정함 / * 경쟁대량매매호가는 SPACE로 입력",
주문협상,TTBSDP40002,TTBSDP40002,대량매매주문서,DATA,9,자사주매매방법코드,TREASURY  / STOCK_TRADING_ / METHOD_CODE,String,1,,"0 해당없음 / 1 자사주일반 / 2 한은등 자사주 / 3 정부등 자사주 /  / * 파생상품은 0 해당없음 사용 / * 2,3 : 장종료후시간외대량 매수만 가능, 당일거래(매매거래의 종류) 관련 사용 / -> 자사주일반은 시간외대량 매수 불가 (매도만 가능) / * 3 : 장종료후시간외대량 매수시 상/하한가 제한 없음 / * 정정, 취소호가는 SPACE로 입력 / * 정정호가의 경우 원호가의 정보와 동일한 것으로 인정함 / * 경쟁대량매매호가는 SPACE로 입력",
주문협상,TTBSDP40002,TTBSDP40002,대량매매주문서,DATA,10,협상무효구분코드,NEGOTIATION_ / INVALID_TYPE_ / CODE,String,1,,"1 정상, / 2 무효",
주문협상,TTBSDP40002,TTBSDP40002,대량매매주문서,DATA,11,협상번호,NEGOTIATION_ / NUMBER,Long,6,,대량매매 거래의 협상번호,
주문협상,TTBSDP40002,TTBSDP40002,대량매매주문서,DATA,12,협상상세번호,BLOCK  / TRADE_ / NEGOTIATION_ / DETAIL_NUMBER,Long,6,,대량거래 협상서에 대한 상세번호,
주문협상,TTBSDP40002,TTBSDP40002,대량매매주문서,DATA,13,협상자ID,NEGOTIATOR_ / IDENTIFICATION,String,10,,협상자ID,
주문협상,TTBSDP40002,TTBSDP40002,대량매매주문서,DATA,14,계좌번호,ACCOUNT_NUMBER,String,12,,예금 ·자산 등의 계정번호.,
주문협상,TTBSDP40002,TTBSDP40002,대량매매주문서,DATA,15,주문수량,ORDER_QUANTITY,Long,10,,,
주문협상,TTBSDP40002,TTBSDP40002,대량매매주문서,DATA,16,주문가격,ORDER_PRICE,Float,11,,,
주문협상,TTBSDP40002,TTBSDP40002,대량매매주문서,DATA,17,상대자사주구분코드,COUNTERPART_ / TREASURY_ / STOCK_TYPE_ / CODE,String,1,,0:해당없음 / 1:자사주일반 / 2:자사주신탁,
주문협상,TTBSDP40002,TTBSDP40002,대량매매주문서,DATA,18,회원사용영역,MEMBER_USE_AREA,String,60,,거래소 회원 사용 입력 영역,
주문협상,TTBSDP40002,TTBSDP40002,대량매매주문서,DATA,19,매도유형코드,ASK_TYPE_CODE,String,2,,"00 해당없음 / 01 일반매도 / 02 차입증권매도 / 06 기타매도 /  / * 매수호가 및 파생상품은 00 해당없음 사용 / * 공매도 가격제한 대상 : 02 차입증권매도 / * 정정, 취소호가는 SPACE로 입력 / * 정정호가의 경우 원호가의 정보와 동일한 것으로 인정함 /  / * 03, 04, 05 삭제 --> 06으로 통합 / * 06 명칭변경",
주문협상,TTBSDP40002,TTBSDP40002,대량매매주문서,DATA,20,외국인투자자구분코드,FOREIGN INVESTOR_ / TYPE_CODE,String,2,,"1) 현물 / 00 외국인아님 / (10 외국인(거주)) /   11 식별번호 있는 외국인 (거주) /   12 식별번호 없는 외국인 (거주) / (20 외국인(비거주)) /   21 식별번호 있는 외국인 (비거주) /   22 식별번호 없는 외국인 (비거주) /  / 2) 파생상품 / 00 외국인아님 / 10 외국인(거주) / 20 외국인(비거주) /  / * 정정, 취소호가는 SPACE로 입력 / * 정정의 경우 원호가의 정보와 동일한 것으로 인정함",
주문협상,TTBSDP40002,TTBSDP40002,대량매매주문서,DATA,21,계좌정정여부,ACCOUNT_ / MODIFICATION_ / YES OR NO,String,1,,Y: 계좌정정 N: 정정없음,
주문협상,TTBSDP40002,TTBSDP40002,대량매매주문서,DATA,22,전송일자,TRANSMIT_DATE,String,8,,YYYYMMDD / 데이터 생성일자,
주문협상,TTBSDP40002,TTBSDP40002,대량매매주문서,DATA,23,주문서전송시각,ORDER SHEET_ / TRANSMIT_TIME,String,9,,,
주문협상,TTBSDP40002,TTBSDP40002,대량매매주문서,DATA,24,총협상수량,TOTAL_ / NEGOTIATION_ / QUANTITY,Long,12,,외국인한도종목에 대한 종목별 총협상수량,
주문협상,TTBSDP40002,TTBSDP40002,대량매매주문서,DATA,25,필러값,FILLER,String,998,,,
매매정보,TTSSDP20010,TTSSDP20010;TTSSDP90010,착오추정호가적출 회원사송신,DATA,1,메세지일련번호,MESSAGE_ / SEQUENCE NUMBER,Long,11,,메세지일련번호,
매매정보,TTSSDP20010,TTSSDP20010;TTSSDP90010,착오추정호가적출 회원사송신,DATA,2,트랜잭션코드,TRANSACTION_ / CODE,String,11,,TTSSDP20010,
매매정보,TTSSDP20010,TTSSDP20010;TTSSDP90010,착오추정호가적출 회원사송신,DATA,3,적출일자,DTEC_DD,String,8,,YYYYMMDD / * 파생야간은 RDS 파생종목정보 영업일자,
매매정보,TTSSDP20010,TTSSDP20010;TTSSDP90010,착오추정호가적출 회원사송신,DATA,4,"주문ID,호가ID",ORD_ID,String,10,,"주문ID,호가ID",
매매정보,TTSSDP20010,TTSSDP20010;TTSSDP90010,착오추정호가적출 회원사송신,DATA,5,호가접수번호,ORD_ACPT_NO,Long,11,,호가접수번호,
매매정보,TTSSDP20010,TTSSDP20010;TTSSDP90010,착오추정호가적출 회원사송신,DATA,6,"적출시각,적출시점",DTEC_TM,String,9,,"적출시각,적출시점",
매매정보,TTSSDP20010,TTSSDP20010;TTSSDP90010,착오추정호가적출 회원사송신,DATA,7,회원번호,MBR_NO,String,5,,회원번호,
매매정보,TTSSDP20010,TTSSDP20010;TTSSDP90010,착오추정호가적출 회원사송신,DATA,8,지점번호,BRN_NO,String,5,,지점번호,
매매정보,TTSSDP20010,TTSSDP20010;TTSSDP90010,착오추정호가적출 회원사송신,DATA,9,상품ID,PROD_ID,String,11,,상품ID,
매매정보,TTSSDP20010,TTSSDP20010;TTSSDP90010,착오추정호가적출 회원사송신,DATA,10,종목코드,ISU_CD,String,12,,종목코드,
매매정보,TTSSDP20010,TTSSDP20010;TTSSDP90010,착오추정호가적출 회원사송신,DATA,11,계좌번호,ACNT_NO,String,12,,계좌번호,
매매정보,TTSSDP20010,TTSSDP20010;TTSSDP90010,착오추정호가적출 회원사송신,DATA,12,위탁자기구분코드,TRST_PRINC_TP_CD,String,2,,10 : 위탁매매 / 11 : 위탁거래 / 12 : 위탁주선거래 / 20 : (신탁매매) / 30 : 자기매매 / 31 : 호가입력회원의 자기거래 / 32 : 비회원의 자기거래 / 33 : 매도대행서 반대매도 - 소액채권,
매매정보,TTSSDP20010,TTSSDP20010;TTSSDP90010,착오추정호가적출 회원사송신,DATA,13,매도매수구분코드,ASKBID_TP_CD,String,1,,1 : 매도 / 2 : 매수,
매매정보,TTSSDP20010,TTSSDP20010;TTSSDP90010,착오추정호가적출 회원사송신,DATA,14,정정취소구분코드,MODCANCL_TP_CD,String,1,,1 : 신규 / 2 : 정정 / 3 : 취소,
매매정보,TTSSDP20010,TTSSDP20010;TTSSDP90010,착오추정호가적출 회원사송신,DATA,15,"호가유형코드,주문유형코드",ORD_TP_CD,String,1,,1 : 시장가 / 2 : 지정가 / 3 : Stop Market / 4 : Stop Limit / B : Iceberg / I : 조건부지정가 / K : Market To Limit / P : Pegged / T : 가격제한시장가 / V : 경쟁대량 / W : 가격제한최유리지정가 / X : 최유리지정가 / Y : 최우선지정가,
매매정보,TTSSDP20010,TTSSDP20010;TTSSDP90010,착오추정호가적출 회원사송신,DATA,16,"호가가격,주문가격",ORD_PRC,Float,11,,"호가가격,주문가격",
매매정보,TTSSDP20010,TTSSDP20010;TTSSDP90010,착오추정호가적출 회원사송신,DATA,17,"호가수량,주문수량",ORD_QTY,Long,10,,"호가수량,주문수량",
매매정보,TTSSDP20010,TTSSDP20010;TTSSDP90010,착오추정호가적출 회원사송신,DATA,18,"기준가격,기준가액",BAS_PRC,Float,11,,"기준가격,기준가액",
매매정보,TTSSDP20010,TTSSDP20010;TTSSDP90010,착오추정호가적출 회원사송신,DATA,19,착오거래예상손실금액,ERRTRD_DEEM_LOSS_AMT,Float,22,,착오거래예상손실금액,
매매정보,TTSSDP20010,TTSSDP20010;TTSSDP90010,착오추정호가적출 회원사송신,DATA,20,필러값,FILLER,String,1036,,,
채널,TCHEDP99000,TCHEDP99000,회원사 체결 인터페이스 종료,DATA,1,메세지일련번호,MESSAGE_ / SEQUENCE NUMBER,Long,11,,메세지일련번호,
채널,TCHEDP99000,TCHEDP99000,회원사 체결 인터페이스 종료,DATA,2,트랜잭션코드,TRANSACTION_ / CODE,String,11,,TCHEDP99000,
채널,TCHEDP99000,TCHEDP99000,회원사 체결 인터페이스 종료,DATA,3,ME그룹번호,ME_GRP_NO,String,2,,01',
채널,TCHEDP99000,TCHEDP99000,회원사 체결 인터페이스 종료,DATA,4,ME그룹수,,Long,2,,,
채널,TCHEDP99000,TCHEDP99000,회원사 체결 인터페이스 종료,DATA,5,ME그룹#01 일련번호,,Long,11,,,
채널,TCHEDP99000,TCHEDP99000,회원사 체결 인터페이스 종료,DATA,6,ME그룹#02 일련번호,,Long,11,,,
채널,TCHEDP99000,TCHEDP99000,회원사 체결 인터페이스 종료,DATA,7,ME그룹#03 일련번호,,Long,11,,,
채널,TCHEDP99000,TCHEDP99000,회원사 체결 인터페이스 종료,DATA,8,ME그룹#04 일련번호,,Long,11,,,
채널,TCHEDP99000,TCHEDP99000,회원사 체결 인터페이스 종료,DATA,9,ME그룹#05 일련번호,,Long,11,,,
채널,TCHEDP99000,TCHEDP99000,회원사 체결 인터페이스 종료,DATA,10,ME그룹#06 일련번호,,Long,11,,,
채널,TCHEDP99000,TCHEDP99000,회원사 체결 인터페이스 종료,DATA,11,ME그룹#07 일련번호,,Long,11,,,
채널,TCHEDP99000,TCHEDP99000,회원사 체결 인터페이스 종료,DATA,12,ME그룹#08 일련번호,,Long,11,,,
채널,TCHEDP99000,TCHEDP99000,회원사 체결 인터페이스 종료,DATA,13,ME그룹#09 일련번호,,Long,11,,,
채널,TCHEDP99000,TCHEDP99000,회원사 체결 인터페이스 종료,DATA,14,ME그룹#10 일련번호,,Long,11,,,
채널,TCHEDP99000,TCHEDP99000,회원사 체결 인터페이스 종료,DATA,15,전송일자,TRANSACTION_ / DATE,String,8,,YYYYMMDD,
채널,TCHEDP99000,TCHEDP99000,회원사 체결 인터페이스 종료,DATA,16,전송시각,TRANSACTION_TIME,String,9,,시분초000,
매매정보,TTRTDP42311,TTRTDP42311,채권-체결 (DropCopy),DATA,1,메세지일련번호,MESSAGE_ / SEQUENCE NUMBER,Long,11,,메세지일련번호,
매매정보,TTRTDP42311,TTRTDP42311,채권-체결 (DropCopy),DATA,2,트랜잭션코드,TRANSACTION_ / CODE,String,11,,TTRTDP42311,
매매정보,TTRTDP42311,TTRTDP42311,채권-체결 (DropCopy),DATA,3,ME그룹번호,ME_GRP_NO,String,2,,매칭그룹별 일련번호,
매매정보,TTRTDP42311,TTRTDP42311,채권-체결 (DropCopy),DATA,4,시장ID,MARKET_ / IDENTIFICATION,String,3,,별첨-KRX 차세대 상품 ID체계 참고,
매매정보,TTRTDP42311,TTRTDP42311,채권-체결 (DropCopy),DATA,5,보드ID,BOARD_ID,String,2,,별첨_보드ID 매핑 참고,
매매정보,TTRTDP42311,TTRTDP42311,채권-체결 (DropCopy),DATA,6,회원번호,MEMBER_ / NUMBER,String,5,,,
매매정보,TTRTDP42311,TTRTDP42311,채권-체결 (DropCopy),DATA,7,지점번호,BRANCH_ / NUMBER,String,5,,,
매매정보,TTRTDP42311,TTRTDP42311,채권-체결 (DropCopy),DATA,8,주문ID,ORDER_ / IDENTIFICATION,String,10,,* 문자를 포함 / * 종목+회원+지점+주문ID가 Key (Unique),
매매정보,TTRTDP42311,TTRTDP42311,채권-체결 (DropCopy),DATA,9,원주문ID,ORIGINAL_ / ORDER_ / IDENTIFICATION,String,10,,,
매매정보,TTRTDP42311,TTRTDP42311,채권-체결 (DropCopy),DATA,10,종목코드,ISSUE_CODE,String,12,,현물/파생/채권/REPO 통합상품의 종목 코드(ISIN종목코드),
매매정보,TTRTDP42311,TTRTDP42311,채권-체결 (DropCopy),DATA,11,체결번호,TRADING_ / NUMBER,Long,11,,"호가장 관리 원칙에 따라 부여되는 회원기준 체결 일련번호 / * 보드ID, 종목별로 새로운 번호 부여 -> 종목, 체결번호를 Key로 사용하면 안됨 (중복가능)",
매매정보,TTRTDP42311,TTRTDP42311,채권-체결 (DropCopy),DATA,12,체결수익률,TRADING_YLD,Float,13,,부호/소수점 포함.,
매매정보,TTRTDP42311,TTRTDP42311,채권-체결 (DropCopy),DATA,13,체결가격,TRADING_ / PRICE,Float,11,,매도 매수 호가간의 거래성사된 가격 / WIT종목의 경우 가상단가임 /  / 소수점 미만 둘째 자리의 값은 0으로 고정,
매매정보,TTRTDP42311,TTRTDP42311,채권-체결 (DropCopy),DATA,14,체결수량,TRADING_ / VOLUMN,Long,10,,단위 천원,
매매정보,TTRTDP42311,TTRTDP42311,채권-체결 (DropCopy),DATA,15,세션ID,SESS_ID,String,2,,별첨-세션ID 매핑 참고,
매매정보,TTRTDP42311,TTRTDP42311,채권-체결 (DropCopy),DATA,16,체결일자,TRADING_ / DATE,String,8,,YYYYMMDD,
매매정보,TTRTDP42311,TTRTDP42311,채권-체결 (DropCopy),DATA,17,체결시각,TRADING_TIME,String,9,,"현물(유가증권, 코스닥)  1/1000 초 제공 (파생은 기제공됨)",
매매정보,TTRTDP42311,TTRTDP42311,채권-체결 (DropCopy),DATA,18,매도매수구분코드,ASK_BID_ / TYPE_CODE,String,1,,1 매도 / 2 매수,
매매정보,TTRTDP42311,TTRTDP42311,채권-체결 (DropCopy),DATA,19,매도유형코드,ASK_TYPE_ / CODE,String,2,,"00 해당없음 / 01 일반매도 / 02 차입증권매도 / 06 기타매도 /  / * 매수호가 및 파생상품은 00 해당없음 사용 / * 공매도 가격제한 대상 : 02 차입증권매도 / * 정정, 취소호가는 SPACE로 입력 / * 정정호가의 경우 원호가의 정보와 동일한 것으로 인정함 /  / * 03, 04, 05 삭제 --> 06으로 통합 / * 06 명칭변경",
매매정보,TTRTDP42311,TTRTDP42311,채권-체결 (DropCopy),DATA,20,계좌번호,ACCOUNT_ / NUMBER,String,12,,* 12자리 구성방법 제한없음. 12자리를 회원사별로 사용,
매매정보,TTRTDP42311,TTRTDP42311,채권-체결 (DropCopy),DATA,21,채권호가종류코드,ORD_KIND_CD,String,1,,1. 양방향호가  / 3. 매매호가,
매매정보,TTRTDP42311,TTRTDP42311,채권-체결 (DropCopy),DATA,22,호가수량,ORD_QTY,Long,10,,단위 천원,
매매정보,TTRTDP42311,TTRTDP42311,채권-체결 (DropCopy),DATA,23,호가가격,ORD_PRC,Float,11,,소수점 미만 둘째 자리의 값은 0으로 고정,
매매정보,TTRTDP42311,TTRTDP42311,채권-체결 (DropCopy),DATA,24,주문수익률,YLD,Float,13,,부호/소수점 포함.,
매매정보,TTRTDP42311,TTRTDP42311,채권-체결 (DropCopy),DATA,25,위탁자기구분코드,TRST_PRINC_TP_CD,String,2,,1)현물 / 10 위탁매매 / 30 자기매매 /  / 2)파생상품 /   11 위탁거래 /   12 위탁주선거래 /   13 회원의 위탁거래  /   31 호가입력회원의 자기거래 /  / 3)채권 / 10 위탁매매 / 30 자기매매 / 33 매도대행사 반대매도 /  / * 현물 /  - 자기매매 : 증권업자가 자기계정으로 매매하는 경우 /  - 위탁매매 : 자기매매가 아닌 경우 / * 파생 /   - 신탁업 및 집합투자업을 겸영하는 투자매매업자의 신탁거래 및 집합투자거래는 위탁거래로 입력함 / * 취소호가는 SPACE로 입력 / *,
매매정보,TTRTDP42311,TTRTDP42311,채권-체결 (DropCopy),DATA,26,위탁사번호,TRUST COMPANY_ / NUMBER,String,5,,,
매매정보,TTRTDP42311,TTRTDP42311,채권-체결 (DropCopy),DATA,27,계좌구분코드,ACCOUNT_ / TYPE_CODE,String,2,,1) 현물 / 00 : 일반 / 01 : 대표투자자계좌(외국인) / 02 : 증권회사통합계좌(외국인) / 03 : FP계좌-복수일임형랩계좌 / 04 : FP계좌-단일일임형랩계좌 / 05 : FP아닌일임형랩계좌 / 06 : Buy-In매수전용계좌 / 07:  복수신탁계좌-대표계좌 이용 / 08:  단일신탁계좌-대표계좌미이용 / 09 : 기타 / 10: 시장조성헤지계좌(파생연계) / 11: 시장조성계좌(현물) / 12: 비과세해외주식투자전용ETF계좌 / 13 : 소액투자전용계좌(코넥스) / 14 : 외국인통합계좌 / 15 : 차익거래전,
매매정보,TTRTDP42311,TTRTDP42311,채권-체결 (DropCopy),DATA,28,투자자구분코드,ASK_INVST_TP_CD,String,4,,"1000 금융투자회사 / 2000 보험회사 / 3000 자산운용회사 및 투자회사 / 3100 사모펀드 / 4000 은행 (자산운용회사의 신탁재산은 자산운용회사로 분류) / 5000 기타금융 / 6000 연금, 기금 및 공제회 / 7000 국가, 지자체 국제기구 및 공익기관 / 7100 기타법인 / 8000 개인 /  / * 7100 : 기존 7000번 분류를 세분화하여 추가확정  / * 파생 : 3100 사용불가 /   --> 기타 투자자분류코드(예 : 3000, 7100 등)에 맞게 입력함 / * 정정, 취소호가는 SPACE로 입",
매매정보,TTRTDP42311,TTRTDP42311,채권-체결 (DropCopy),DATA,29,필러값,FILLER,String,6,,,
매매정보,TTRTDP42311,TTRTDP42311,채권-체결 (DropCopy),DATA,30,외국인투자자구분코드,FOREIGN INVESTOR_ / TYPE_CODE,String,2,,1) 현물 / 00 외국인아님 / (10 외국인(거주)) /   11 식별번호 있는 외국인 (거주) /   12 식별번호 없는 외국인 (거주) / (20 외국인(비거주)) /   21 식별번호 있는 외국인 (비거주) /   22 식별번호 없는 외국인 (비거주) /  / 2) 파생상품 / 00 외국인아님 / 10 외국인(거주) / 20 외국인(비거주),
매매정보,TTRTDP42311,TTRTDP42311,채권-체결 (DropCopy),DATA,31,주문매체구분코드,ORD_MEDIA_TP_CD,String,1,,"1 영업점단말 : 주문용단말, 비상주문단말, LP주문 / 2 유선단말 : 음성전화 / 3 무선단말 : 휴대폰, 스마트폰, PDA 등 / 4 HTS : 고객PC, 객장/사이버룸 단말 등 / 8 채권딜러서버 / 9 기타 : 특정위탁자전용주문(통칭 DMA), 반대매매, 선물옵션 주문, K-BLOX 등",
매매정보,TTRTDP42311,TTRTDP42311,채권-체결 (DropCopy),DATA,32,주문자식별정보,ORDER IDENTIFICATION INFORMATION,String,12,,"공인IP, 사설IP, 단말고유번호, 전화번호, 가입자번호, 기계번호 /  / * 전화번호의 경우 ""-"" 제외 / * IP의 경우 ""."" 제외 / * 반대매매주문의 경우에는 ""BANDAE"", /   ARS주문의 경우에는 ""ARS"",  /   대량거래(K-BLOX협상)의 경우에만 /   ""BLOCK"" 으로 입력  / * 선물옵션기본예탁금액 관련하여 회원의 고객주문 직권취소의 경우에는 ""OVER"" / * Kill Switch 입력 시 ""KILLSWITCH"" / * 소수단위 주식거래의 경우에는 ""SOSU""",
매매정보,TTRTDP42311,TTRTDP42311,채권-체결 (DropCopy),DATA,33,MAC주소,MAC_ADDR,String,12,,"* PC, 스마트폰, 태블릿PC 등 주문 단말에 동시 장착된 유무선 LAN 카드의 MAC 주소 (LAN 카드가 복수인 경우 1. 유선→무선, 2. 오름차순으로 정렬하여 순서가 가장 빠른 주소 / * 무선단말중 LAN카드 미장착 등 MAC 입력이 불가능한 경우 : “000000000000” / * 통칭 DMA : 실제 위탁자(자기 포함)의 IP, MAC 주소 입력이 원칙임. 단, 위탁자(자기 포함) IP, MAC 주소 수집이 불가능한 경우, ‘통칭 DMA 서버’를 통해서  혹은 다른 수단으로 수집이 가능한 IP, MAC 주소 반드시 ",
매매정보,TTRTDP42311,TTRTDP42311,채권-체결 (DropCopy),DATA,34,효력정지재개구분코드,EFCT_STOP_REOPN_TP_CD,String,1,,0:해당없음 / 1:효력정지 / 2:거래원효력정지 / 3:효력재개 / 4:거래원효력재개,
매매정보,TTRTDP42311,TTRTDP42311,채권-체결 (DropCopy),DATA,35,회원사용영역,MEMBER_ / USE_AREA,String,60,,,
매매정보,TTRTDP42311,TTRTDP42311,채권-체결 (DropCopy),DATA,36,거래원번호,Trader_NO,String,5,,,
매매정보,TTRTDP42311,TTRTDP42311,채권-체결 (DropCopy),DATA,37,결제일자,SETL_DD,String,8,,YYYYMMDD,
매매정보,TTRTDP42312,TTRTDP42312,채권-체결 (DropCopy),DATA,38,시장조성자호가구분번호,MM_ORD_TP_NO,Long,11,,"1) 현물 /     0 : 일반 /     1 : LP호가 / 2) 파생상품 /     0 : 일반 /     1~ : 시장조성자호가구분번호 / 3) 채권 /     0 : 일반 /     1 : PD /     2 : PD+인센티브 /     3 : 인센티브 /  / * 정정호가인 경우 원호가와 동일한 값이 입력되어야 함(원호가 정합성 체크) /  --> 파생의 경우 원호가가 0 아닌 값인 경우, 정정호가도 0 아닌 값이어야 하고 원호가가 0 인 경우, 정정호가도 0 이어야 함 /  / * 취소호가는 0으로 입력 / * 경쟁대량",
매매정보,TTRTDP42311,TTRTDP42311,채권-체결 (DropCopy),DATA,39,최종매도매수구분코드,LST_ASKBID_TP_CD,String,1,,"1: 매도, 2: 매수 / * 체결된 호가 중 후행호가의 매도매수구분 / - 제출된 호가가 1(매도)인 경우: /   1: 해당호가가 후행호가 /   2: 해당호가가 선행호가 / - 제출된 호가가 2(매수)인 경우: /   1: 해당호가가 선행호가 /   2: 해당호가가 후행호가",
매매정보,TTRTDP42311,TTRTDP42311,채권-체결 (DropCopy),DATA,40,협상참여구분코드,NEGO_PARTC_TP_CD,String,1,,"1.요청자. 2.제안자 / 신고매매 (1.신청자, 2.응답자)",
매매정보,TTRRTP42311,TTRRTP42311,채권Repo-체결 (DropCopy),DATA,1,메세지일련번호,MSG_SEQ,Long,11,,메세지일련번호,
매매정보,TTRRTP42311,TTRRTP42311,채권Repo-체결 (DropCopy),DATA,2,트랜잭션코드,TR_CD,String,11,,TTRRTP42311,
매매정보,TTRRTP42311,TTRRTP42311,채권Repo-체결 (DropCopy),DATA,3,ME그룹번호,ME_GRP_NO,String,2,,매칭그룹별 일련번호,
매매정보,TTRRTP42311,TTRRTP42311,채권Repo-체결 (DropCopy),DATA,4,시장ID,MKT_ID,String,3,,별첨-KRX 차세대 상품 ID체계 참고,
매매정보,TTRRTP42311,TTRRTP42311,채권Repo-체결 (DropCopy),DATA,5,보드ID,BRD_ID,String,2,,별첨_보드ID 매핑 참고,
매매정보,TTRRTP42311,TTRRTP42311,채권Repo-체결 (DropCopy),DATA,6,회원번호,MBR_NO,String,5,,,
매매정보,TTRRTP42311,TTRRTP42311,채권Repo-체결 (DropCopy),DATA,7,지점번호,BRN_NO,String,5,,,
매매정보,TTRRTP42311,TTRRTP42311,채권Repo-체결 (DropCopy),DATA,8,주문ID,ORD_ID,String,10,,* 문자를 포함 / * 종목+회원+지점+주문ID가 Key (Unique),
매매정보,TTRRTP42311,TTRRTP42311,채권Repo-체결 (DropCopy),DATA,9,원주문ID,ORGN_ORD_ID,String,10,,,
매매정보,TTRRTP42311,TTRRTP42311,채권Repo-체결 (DropCopy),DATA,10,종목코드,ISU_CD,String,12,,* 표준종목코드 12자리,
매매정보,TTRRTP42311,TTRRTP42311,채권Repo-체결 (DropCopy),DATA,11,REPO분류코드,REPO_CLSS_CD,String,2,,,
매매정보,TTRRTP42311,TTRRTP42311,채권Repo-체결 (DropCopy),DATA,12,REPO기간,REPO_PD,Long,4,,,
매매정보,TTRRTP42311,TTRRTP42311,채권Repo-체결 (DropCopy),DATA,13,호가수량,ORD_QTY,Long,10,,주문잔량,
매매정보,TTRRTP42311,TTRRTP42311,채권Repo-체결 (DropCopy),DATA,14,호가가격,ORD_PRC,Float,11,,,
매매정보,TTRRTP42311,TTRRTP42311,채권Repo-체결 (DropCopy),DATA,15,체결번호,TRD_NO,Long,11,,"호가장 관리 원칙에 따라 부여되는 회원기준 체결 일련번호 / * 보드ID, 종목별로 새로운 번호 부여 -> 종목, 체결번호를 Key로 사용하면 안됨 (중복가능)",
매매정보,TTRRTP42311,TTRRTP42311,채권Repo-체결 (DropCopy),DATA,16,계약번호,CONTRT_NO,String,24,,계약번호 16자리+SPACE 8자리,
매매정보,TTRRTP42311,TTRRTP42311,채권Repo-체결 (DropCopy),DATA,17,체결가격,TRD_PRC,Float,11,,환매율(99999.99999),
매매정보,TTRRTP42311,TTRRTP42311,채권Repo-체결 (DropCopy),DATA,18,체결수량,TRDVOL,Long,10,,매도 매수 호가간의 거래성사된 수량,
매매정보,TTRRTP42311,TTRRTP42311,채권Repo-체결 (DropCopy),DATA,19,세션ID,SESS_ID,String,2,,별첨-세션ID 매핑 참고,
매매정보,TTRRTP42311,TTRRTP42311,채권Repo-체결 (DropCopy),DATA,20,거래대금,TRDVAL,Float,22,,단위:1원,
매매정보,TTRRTP42311,TTRRTP42311,채권Repo-체결 (DropCopy),DATA,21,체결일자,TRD_DD,String,8,,YYYYMMDD,
매매정보,TTRRTP42311,TTRRTP42311,채권Repo-체결 (DropCopy),DATA,22,체결시각,TRD_TM,String,9,,,
매매정보,TTRRTP42311,TTRRTP42311,채권Repo-체결 (DropCopy),DATA,23,매도매수구분코드,ASKBID_TP_CD,String,1,,1 매도 / 2 매수,
매매정보,TTRRTP42311,TTRRTP42311,채권Repo-체결 (DropCopy),DATA,24,계좌번호,ACNT_NO,String,12,,,
매매정보,TTRRTP42311,TTRRTP42311,채권Repo-체결 (DropCopy),DATA,25,위탁사번호,TRSTCOM_NO,String,5,,,
매매정보,TTRRTP42311,TTRRTP42311,채권Repo-체결 (DropCopy),DATA,26,계좌구분코드,ACNT_TP_CD,String,2,,1) 현물 / 00 : 일반 / 01 : 대표투자자계좌(외국인) / 02 : 증권회사통합계좌(외국인) / 03 : FP계좌-복수일임형랩계좌 / 04 : FP계좌-단일일임형랩계좌 / 05 : FP아닌일임형랩계좌 / 06 : Buy-In매수전용계좌 / 07:  복수신탁계좌-대표계좌 이용 / 08:  단일신탁계좌-대표계좌미이용 / 09 : 기타 / 10: 시장조성헤지계좌(파생연계) / 11: 시장조성계좌(현물) / 12: 비과세해외주식투자전용ETF계좌 / 13 : 소액투자전용계좌(코넥스) / 14 : 외국인통합계좌 / 15 : 차익거래전,
매매정보,TTRRTP42311,TTRRTP42311,채권Repo-체결 (DropCopy),DATA,27,결제회원번호,CLR_MBR_NO,String,5,,,
매매정보,TTRRTP42311,TTRRTP42311,채권Repo-체결 (DropCopy),DATA,28,펀드코드,FND_CD,String,12,,,
매매정보,TTRRTP42311,TTRRTP42311,채권Repo-체결 (DropCopy),DATA,29,투자자구분코드,INVST_TP_CD,String,4,,"1000 금융투자회사 / 2000 보험회사 / 3000 자산운용회사 및 투자회사 / 3100 사모펀드 / 4000 은행 (자산운용회사의 신탁재산은 자산운용회사로 분류) / 5000 기타금융 / 6000 연금, 기금 및 공제회 / 7000 국가, 지자체 국제기구 및 공익기관 / 7100 기타법인 / 8000 개인 /  / * 7100 : 기존 7000번 분류를 세분화하여 추가확정  / * 파생 : 3100 사용불가 /   --> 기타 투자자분류코드(예 : 3000, 7100 등)에 맞게 입력함 / * 정정, 취소호가는 SPACE로 입",
매매정보,TTRRTP42311,TTRRTP42311,채권Repo-체결 (DropCopy),DATA,30,거래원번호,TRDR_NO,String,5,,,
매매정보,TTRRTP42311,TTRRTP42311,채권Repo-체결 (DropCopy),DATA,31,위탁자기구분코드,TRST_PRINC_TP_CD,String,2,,1)현물 / 10 위탁매매 / 30 자기매매 /  / 2)파생상품 /   11 위탁거래 /   12 위탁주선거래 /   13 회원의 위탁거래  /   31 호가입력회원의 자기거래 /  / 3)채권 / 10 위탁매매 / 30 자기매매 / 33 매도대행사 반대매도 /  / * 현물 /  - 자기매매 : 증권업자가 자기계정으로 매매하는 경우 /  - 위탁매매 : 자기매매가 아닌 경우 / * 파생 /   - 신탁업 및 집합투자업을 겸영하는 투자매매업자의 신탁거래 및 집합투자거래는 위탁거래로 입력함 / * 취소호가는 SPACE로 입력 / *,
매매정보,TTRRTP42311,TTRRTP42311,채권Repo-체결 (DropCopy),DATA,32,환매일자,REPUR_DD,String,8,,,
매매정보,TTRRTP42311,TTRRTP42311,채권Repo-체결 (DropCopy),DATA,33,환매금액,REPUR_AMT,Float,22,,단위:1원,
매매정보,TTRRTP42311,TTRRTP42311,채권Repo-체결 (DropCopy),DATA,34,회원사용영역,MEMBER_USE_ / AREA,String,60,,거래소 회원 사용 입력 영역,
매매정보,TTRRTP42311,TTRRTP42311,채권Repo-체결 (DropCopy),DATA,35,최종매도매수구분코드,LST_ASKBID_TP_CD,String,1,,"1: 매도, 2: 매수 / * 체결된 호가 중 후행호가의 매도매수구분 / - 제출된 호가가 1(매도)인 경우: /   1: 해당호가가 후행호가 /   2: 해당호가가 선행호가 / - 제출된 호가가 2(매수)인 경우: /   1: 해당호가가 선행호가 /   2: 해당호가가 후행호가",
매매정보,TTRRTP42311,TTRRTP42311,채권Repo-체결 (DropCopy),DATA,36,협상참여구분코드,NEGO_PARTC_TP_CD,String,1,,"1.요청자. 2.제안자 / 신고매매 (1.신청자, 2.응답자)",
매매정보,TTSSDP10001,TTSSDP10001;TTSSDP12001;TTSSDP13001,불공정거래 모니터링 지원정보,DATA,1,메세지일련번호,MESSAGE_ / SEQUENCE NUMBER,Long,11,,메세지일련번호,
매매정보,TTSSDP10001,TTSSDP10001;TTSSDP12001;TTSSDP13001,불공정거래 모니터링 지원정보,DATA,2,트랜잭션코드,TRANSACTION_ / CODE,String,11,,유가 : TTSSDP10001 / 코스닥 : TTSSDP12001 / 코넥스 : TTSSDP13001,
매매정보,TTSSDP10001,TTSSDP10001;TTSSDP12001;TTSSDP13001,불공정거래 모니터링 지원정보,DATA,3,시장ID,MARKET_ / IDENTIFICATION,String,3,,별첨-KRX 차세대 상품 ID체계 참고,
매매정보,TTSSDP10001,TTSSDP10001;TTSSDP12001;TTSSDP13001,불공정거래 모니터링 지원정보,DATA,4,전송일자,TRANSMIT_DATE,String,8,,YYYYMMDD / 데이터 생성일자,
매매정보,TTSSDP10001,TTSSDP10001;TTSSDP12001;TTSSDP13001,불공정거래 모니터링 지원정보,DATA,5,거래일자,TRADING_DATE,String,8,,,
매매정보,TTSSDP10001,TTSSDP10001;TTSSDP12001;TTSSDP13001,불공정거래 모니터링 지원정보,DATA,6,종목코드,ISSUE_CODE,String,12,,현물/파생/채권/REPO 통합상품의 종목 코드(ISIN종목코드),
매매정보,TTSSDP10001,TTSSDP10001;TTSSDP12001;TTSSDP13001,불공정거래 모니터링 지원정보,DATA,7,장개시전시간외종가매수정상호가수량,PRE-OFF-HOURS SESSION_CLOSING  / PRICE_BID_NORMAL / QORDER_QUANTITY,Long,12,,* 코넥스 시장의 경우 경매매 내역,
매매정보,TTSSDP10001,TTSSDP10001;TTSSDP12001;TTSSDP13001,불공정거래 모니터링 지원정보,DATA,8,장개시전시간외종가매도정상호가수량,PRE-OFF-HOURS  / SESSION_CLOSING  / PRICE_ASK_NORMAL  / QORDER_QUANTITY,Long,12,,* 코넥스 시장의 경우 경매매 내역,
매매정보,TTSSDP10001,TTSSDP10001;TTSSDP12001;TTSSDP13001,불공정거래 모니터링 지원정보,DATA,9,장개시전시간외종가매수정정호가수량,PRE-OFF-HOURS SESSION_CLOSING PRICE_BID_MODIFIED ORDER_QUANTITY,Long,12,,"실제 정정된 수량, 이하동일 / * 코넥스 시장의 경우 경매매 내역",
매매정보,TTSSDP10001,TTSSDP10001;TTSSDP12001;TTSSDP13001,불공정거래 모니터링 지원정보,DATA,10,장개시전시간외종가매도정정호가수량,PRE-OFF-HOURS  / SESSION_CLOSING  / PRICE_ASK_ / MODIFIED  / ORDER_QUANTITY,Long,12,,"실제 정정된 수량, 이하동일 / * 코넥스 시장의 경우 경매매 내역",
매매정보,TTSSDP10001,TTSSDP10001;TTSSDP12001;TTSSDP13001,불공정거래 모니터링 지원정보,DATA,11,장개시전시간외종가매수취소호가수량,PRE-OFF-HOURS  / SESSION_CLOSING  / PRICE_BID_ / CANCELED  / ORDER_QUANTITY,Long,12,,"실제 취소된 수량, 이하동일 / * 코넥스 시장의 경우 경매매 내역",
매매정보,TTSSDP10001,TTSSDP10001;TTSSDP12001;TTSSDP13001,불공정거래 모니터링 지원정보,DATA,12,장개시전시간외종가매도취소호가수량,PRE-OFF-HOURS  / SESSION_CLOSING  / PRICE_ASK_ / CANCELED  / ORDER_QUANTITY,Long,12,,"실제 취소된 수량, 이하동일 / * 코넥스 시장의 경우 경매매 내역",
매매정보,TTSSDP10001,TTSSDP10001;TTSSDP12001;TTSSDP13001,불공정거래 모니터링 지원정보,DATA,13,시가단일가매수정상호가수량,OPEN PRICE  / SINGLE PRICE AUCTION_BID_ / NORMAL  / QORDER_QUANTITY,Long,12,,,
매매정보,TTSSDP10001,TTSSDP10001;TTSSDP12001;TTSSDP13001,불공정거래 모니터링 지원정보,DATA,14,시가단일가매도정상호가수량,OPEN PRICE  / SINGLE PRICE  / AUCTION_ASK_ / NORMAL  / QORDER_QUANTITY,Long,12,,,
매매정보,TTSSDP10001,TTSSDP10001;TTSSDP12001;TTSSDP13001,불공정거래 모니터링 지원정보,DATA,15,시가단일가매수정정호가수량,OPEN PRICE  / SINGLE PRICE  / AUCTION_BID_ / MODIFIED  / ORDER_QUANTITY,Long,12,,,
매매정보,TTSSDP10001,TTSSDP10001;TTSSDP12001;TTSSDP13001,불공정거래 모니터링 지원정보,DATA,16,시가단일가매도정정호가수량,OPEN PRICE  / SINGLE PRICE  / AUCTION_ASK_ / MODIFIED  / ORDER_QUANTITY,Long,12,,,
매매정보,TTSSDP10001,TTSSDP10001;TTSSDP12001;TTSSDP13001,불공정거래 모니터링 지원정보,DATA,17,시가단일가매수취소호가수량,OPEN PRICE  / SINGLE PRICE  / AUCTION_BID_ / CANCELED  / ORDER_QUANTITY,Long,12,,,
매매정보,TTSSDP10001,TTSSDP10001;TTSSDP12001;TTSSDP13001,불공정거래 모니터링 지원정보,DATA,18,시가단일가매도취소호가수량,OPEN PRICE  / SINGLE PRICE  / AUCTION_ASK_ / CANCELED  / ORDER_QUANTITY,Long,12,,,
매매정보,TTSSDP10001,TTSSDP10001;TTSSDP12001;TTSSDP13001,불공정거래 모니터링 지원정보,DATA,19,접속매매매수정상호가수량,CONTINOUS  / AUCTION_BID_ / NORMAL  / QORDER_QUANTITY,Long,12,,,
매매정보,TTSSDP10001,TTSSDP10001;TTSSDP12001;TTSSDP13001,불공정거래 모니터링 지원정보,DATA,20,접속매매매도정상호가수량,CONTINOUS  / AUCTION_ASK_ / NORMAL  / QORDER_QUANTITY,Long,12,,,
매매정보,TTSSDP10001,TTSSDP10001;TTSSDP12001;TTSSDP13001,불공정거래 모니터링 지원정보,DATA,21,접속매매매수정정호가수량,CONTINOUS  / AUCTION_BID_ / MODIFIED  / ORDER_QUANTITY,Long,12,,,
매매정보,TTSSDP10001,TTSSDP10001;TTSSDP12001;TTSSDP13001,불공정거래 모니터링 지원정보,DATA,22,접속매매매도정정호가수량,CONTINOUS  / AUCTION_ASK_ / MODIFIED  / ORDER_QUANTITY,Long,12,,,
매매정보,TTSSDP10001,TTSSDP10001;TTSSDP12001;TTSSDP13001,불공정거래 모니터링 지원정보,DATA,23,접속매매매수취소호가수량,CONTINOUS  / AUCTION_BID_ / CANCELED  / ORDER_QUANTITY,Long,12,,,
매매정보,TTSSDP10001,TTSSDP10001;TTSSDP12001;TTSSDP13001,불공정거래 모니터링 지원정보,DATA,24,접속매매매도취소호가수량,CONTINOUS  / AUCTION_ASK_ / CANCELED  / ORDER_QUANTITY,Long,12,,,
매매정보,TTSSDP10001,TTSSDP10001;TTSSDP12001;TTSSDP13001,불공정거래 모니터링 지원정보,DATA,25,종가단일가매수정상호가수량,CLOSING  / PRICE_SINGLE  / PRICE CALL AUCTION_BID_ / NORMAL  / QORDER_QUANTITY,Long,12,,,
매매정보,TTSSDP10001,TTSSDP10001;TTSSDP12001;TTSSDP13001,불공정거래 모니터링 지원정보,DATA,26,종가단일가매도정상호가수량,CLOSING  / PRICE_SINGLE  / PRICE CALL  / AUCTION_ASK_ / NORMAL  / QORDER_QUANTITY,Long,12,,,
매매정보,TTSSDP10001,TTSSDP10001;TTSSDP12001;TTSSDP13001,불공정거래 모니터링 지원정보,DATA,27,종가단일가매수정정호가수량,CLOSING  / PRICE_SINGLE  / PRICE CALL  / AUCTION_BID_ / MODIFIED  / ORDER_QUANTITY,Long,12,,,
매매정보,TTSSDP10001,TTSSDP10001;TTSSDP12001;TTSSDP13001,불공정거래 모니터링 지원정보,DATA,28,종가단일가매도정정호가수량,CLOSING  / PRICE_SINGLE  / PRICE CALL  / AUCTION_ASK_ / MODIFIED  / ORDER_QUANTITY,Long,12,,,
매매정보,TTSSDP10001,TTSSDP10001;TTSSDP12001;TTSSDP13001,불공정거래 모니터링 지원정보,DATA,29,종가단일가매수취소호가수량,CLOSING  / PRICE_SINGLE  / PRICE CALL  / AUCTION_BID_ / CANCELED  / ORDER_QUANTITY,Long,12,,,
매매정보,TTSSDP10001,TTSSDP10001;TTSSDP12001;TTSSDP13001,불공정거래 모니터링 지원정보,DATA,30,종가단일가매도취소호가수량,CLOSING  / PRICE_SINGLE  / PRICE CALL  / AUCTION_ASK_ / CANCELED  / ORDER_QUANTITY,Long,12,,,
매매정보,TTSSDP10001,TTSSDP10001;TTSSDP12001;TTSSDP13001,불공정거래 모니터링 지원정보,DATA,31,장종료후시간외종가매수정상호가수량,POST-OFF-HOURS  / SESSION_CLOSING  / PRICE_BID_NORMAL  / QORDER_QUANTITY,Long,12,,,
매매정보,TTSSDP10001,TTSSDP10001;TTSSDP12001;TTSSDP13001,불공정거래 모니터링 지원정보,DATA,32,장종료후시간외종가매도정상호가수량,POST-OFF-HOURS  / SESSION_CLOSING  / PRICE_ASK_NORMAL  / QORDER_QUANTITY,Long,12,,,
매매정보,TTSSDP10001,TTSSDP10001;TTSSDP12001;TTSSDP13001,불공정거래 모니터링 지원정보,DATA,33,장종료후시간외종가매수정정호가수량,POST-OFF-HOURS  / SESSION_CLOSING  / PRICE_BID_MODIFIED  / ORDER_QUANTITY,Long,12,,,
매매정보,TTSSDP10001,TTSSDP10001;TTSSDP12001;TTSSDP13001,불공정거래 모니터링 지원정보,DATA,34,장종료후시간외종가매도정정호가수량,POST-OFF-HOURS  / SESSION_CLOSING  / PRICE_ASK_MODIFIED  / ORDER_QUANTITY,Long,12,,,
매매정보,TTSSDP10001,TTSSDP10001;TTSSDP12001;TTSSDP13001,불공정거래 모니터링 지원정보,DATA,35,장종료후시간외종가매수취소호가수량,POST-OFF-HOURS  / SESSION_CLOSING  / PRICE_BID_CANCELED  / ORDER_QUANTITY,Long,12,,,
매매정보,TTSSDP10001,TTSSDP10001;TTSSDP12001;TTSSDP13001,불공정거래 모니터링 지원정보,DATA,36,장종료후시간외종가매도취소호가수량,POST-OFF-HOURS  / SESSION_CLOSING  / PRICE_ASK_CANCELED  / ORDER_QUANTITY,Long,12,,,
매매정보,TTSSDP10001,TTSSDP10001;TTSSDP12001;TTSSDP13001,불공정거래 모니터링 지원정보,DATA,37,시간외단일가애프터마켓매수정상호가수량,AFTER_MARKET_BID_NORMAL QORDER_QUANTITY,Long,12,,,
매매정보,TTSSDP10001,TTSSDP10001;TTSSDP12001;TTSSDP13001,불공정거래 모니터링 지원정보,DATA,38,시간외단일가애프터마켓매도정상호가수량,AFTER_MARKET_ASK_NORMAL QORDER_QUANTITY,Long,12,,,
매매정보,TTSSDP10001,TTSSDP10001;TTSSDP12001;TTSSDP13001,불공정거래 모니터링 지원정보,DATA,39,시간외단일가애프터마켓매수정정호가수량,AFTER_MARKET_BID_MODIFIED ORDER_QUANTITY,Long,12,,,
매매정보,TTSSDP10001,TTSSDP10001;TTSSDP12001;TTSSDP13001,불공정거래 모니터링 지원정보,DATA,40,시간외단일가애프터마켓매도정정호가수량,AFTER_MARKET_ASK_MODIFIED ORDER_QUANTITY,Long,12,,,
매매정보,TTSSDP10001,TTSSDP10001;TTSSDP12001;TTSSDP13001,불공정거래 모니터링 지원정보,DATA,41,시간외단일가애프터마켓매수취소호가수량,AFTER_MARKET_BID_CANCELED ORDER_QUANTITY,Long,12,,,
매매정보,TTSSDP10001,TTSSDP10001;TTSSDP12001;TTSSDP13001,불공정거래 모니터링 지원정보,DATA,42,시간외단일가애프터마켓매도취소호가수량,AFTER_MARKET_ASK_CANCELED ORDER_QUANTITY,Long,12,,,
매매정보,TTSSDP10001,TTSSDP10001;TTSSDP12001;TTSSDP13001,불공정거래 모니터링 지원정보,DATA,43,장개시전시간외종가체결수량,PRE-OFF-HOURS  / SESSION_CLOSING  / PRICE_TRADING  / VOLUMN,Long,12,,장개시전시간외종가 시장 체결수량 / * 코넥스 시장의 경우 경매매 내역,
매매정보,TTSSDP10001,TTSSDP10001;TTSSDP12001;TTSSDP13001,불공정거래 모니터링 지원정보,DATA,44,시가단일가체결수량,OPEN PRICE SINGLE  / PRICE  / AUCTION_TRADING  / VOLUMN,Long,12,,,
매매정보,TTSSDP10001,TTSSDP10001;TTSSDP12001;TTSSDP13001,불공정거래 모니터링 지원정보,DATA,45,접속매매체결수량,CONTINOUS AUCTION_TRADING VOLUMN,Long,12,,,
매매정보,TTSSDP10001,TTSSDP10001;TTSSDP12001;TTSSDP13001,불공정거래 모니터링 지원정보,DATA,46,종가단일가체결수량,CLOSING PRICE_ / SINGLE PRICE CALL  / AUCTION_TRADING  / VOLUMN,Long,12,,,
매매정보,TTSSDP10001,TTSSDP10001;TTSSDP12001;TTSSDP13001,불공정거래 모니터링 지원정보,DATA,47,장종료후시간외종가체결수량,POST-OFF-HOURS SESSION_CLOSING PRICE_TRADING VOLUMN,Long,12,,장종료후시간외종가 시장 체결수량,
매매정보,TTSSDP10001,TTSSDP10001;TTSSDP12001;TTSSDP13001,불공정거래 모니터링 지원정보,DATA,48,시간외단일가애프터마켓체결수량,AFTER_MARKET_TRADING VOLUMN,Long,12,,애프터마켓 체결수량,
매매정보,TTSSDP10001,TTSSDP10001;TTSSDP12001;TTSSDP13001,불공정거래 모니터링 지원정보,DATA,49,종가직전체결가격,CLOSING PRICE_ / LAST_ / TRADING_PRICE,Float,11,,정리매매종목의 경우 14:30 체결가,
매매정보,TTSSDP10001,TTSSDP10001;TTSSDP12001;TTSSDP13001,불공정거래 모니터링 지원정보,DATA,50,정규장애프터마켓매수정정호가건수,REGULSS_AFTER_MARKET_BID_MODORD_CNT,Long,16,,G1+G4,
매매정보,TTSSDP10001,TTSSDP10001;TTSSDP12001;TTSSDP13001,불공정거래 모니터링 지원정보,DATA,51,정규장애프터마켓매도정정호가건수,REGULSS_AFTER_MARKET_ASK_MODORD_CNT,Long,16,,G1+G4,
매매정보,TTSSDP10001,TTSSDP10001;TTSSDP12001;TTSSDP13001,불공정거래 모니터링 지원정보,DATA,52,정규장애프터마켓매수취소호가건수,REGULSS_AFTER_MARKET_BID_CANCLORD_CNT,Long,16,,G1+G4,
매매정보,TTSSDP10001,TTSSDP10001;TTSSDP12001;TTSSDP13001,불공정거래 모니터링 지원정보,DATA,53,정규장애프터마켓매도취소호가건수,REGULSS_AFTER_MARKET_ASK_CANCLORD_CNT,Long,16,,G1+G4,
매매정보,TTSSDP14001,TTSSDP14001;TTSSDP14002,시장조성자 매도 체결 증권거래세 면세 및 수수료 면제,DATA,1,메세지일련번호,MSG_SEQ,Long,11,,메세지일련번호,
매매정보,TTSSDP14001,TTSSDP14001;TTSSDP14002,시장조성자 매도 체결 증권거래세 면세 및 수수료 면제,DATA,2,트랜잭션코드,TR_CD,String,11,,유가 : TTSSDP14001 / 코스닥 : TTSSDP14002,
매매정보,TTSSDP14001,TTSSDP14001;TTSSDP14002,시장조성자 매도 체결 증권거래세 면세 및 수수료 면제,DATA,3,시장ID,MKT_ID,String,3,,별첨-KRX 차세대 상품 ID체계 참고,
매매정보,TTSSDP14001,TTSSDP14001;TTSSDP14002,시장조성자 매도 체결 증권거래세 면세 및 수수료 면제,DATA,4,전송일자,TRNSM_DD,String,8,,YYYYMMDD / 데이터 생성일자,
매매정보,TTSSDP14001,TTSSDP14001;TTSSDP14002,시장조성자 매도 체결 증권거래세 면세 및 수수료 면제,DATA,5,거래일자,TRD_DD,String,8,,,
매매정보,TTSSDP14001,TTSSDP14001;TTSSDP14002,시장조성자 매도 체결 증권거래세 면세 및 수수료 면제,DATA,6,종목코드,ISU_CD,String,12,,현선물 통합상품의 종목 코드(ISIN종목코드),
매매정보,TTSSDP14001,TTSSDP14001;TTSSDP14002,시장조성자 매도 체결 증권거래세 면세 및 수수료 면제,DATA,7,증권그룹ID,SECUGRP_ID,String,2,,,
매매정보,TTSSDP14001,TTSSDP14001;TTSSDP14002,시장조성자 매도 체결 증권거래세 면세 및 수수료 면제,DATA,8,보드ID,BRD_ID,String,2,,,
매매정보,TTSSDP14001,TTSSDP14001;TTSSDP14002,시장조성자 매도 체결 증권거래세 면세 및 수수료 면제,DATA,9,세션ID,SESS_ID,String,2,,,
매매정보,TTSSDP14001,TTSSDP14001;TTSSDP14002,시장조성자 매도 체결 증권거래세 면세 및 수수료 면제,DATA,10,체결번호,TRD_NO,Long,11,,,
매매정보,TTSSDP14001,TTSSDP14001;TTSSDP14002,시장조성자 매도 체결 증권거래세 면세 및 수수료 면제,DATA,11,체결시각,TRD_TM,String,9,,,
매매정보,TTSSDP14001,TTSSDP14001;TTSSDP14002,시장조성자 매도 체결 증권거래세 면세 및 수수료 면제,DATA,12,회원번호,MBR_NO,String,5,,,
매매정보,TTSSDP14001,TTSSDP14001;TTSSDP14002,시장조성자 매도 체결 증권거래세 면세 및 수수료 면제,DATA,13,계좌번호,ACNT_NO,String,12,,,
매매정보,TTSSDP14001,TTSSDP14001;TTSSDP14002,시장조성자 매도 체결 증권거래세 면세 및 수수료 면제,DATA,14,체결가격,TRD_PRC,Float,11,,,
매매정보,TTSSDP14001,TTSSDP14001;TTSSDP14002,시장조성자 매도 체결 증권거래세 면세 및 수수료 면제,DATA,15,체결수량,TRDVOL,Long,10,,,
매매정보,TTSSDP14001,TTSSDP14001;TTSSDP14002,시장조성자 매도 체결 증권거래세 면세 및 수수료 면제,DATA,16,거래대금,TRDVAL,Float,22,,,
매매정보,TTSSDP20003,TTSSDP20003;TTSSDP90003,일별 종목별 주문체결 수량송신,DATA,1,메세지일련번호,MESSAGE_ / SEQUENCE NUMBER,Long,11,,메세지일련번호,
매매정보,TTSSDP20003,TTSSDP20003;TTSSDP90003,일별 종목별 주문체결 수량송신,DATA,2,트랜잭션코드,TRANSACTION_ / CODE,String,11,,TTSSDP20003,
매매정보,TTSSDP20003,TTSSDP20003;TTSSDP90003,일별 종목별 주문체결 수량송신,DATA,3,시장ID,MARKET_ / IDENTIFICATION,String,3,,별첨-KRX 차세대 상품 ID체계 참고,
매매정보,TTSSDP20003,TTSSDP20003;TTSSDP90003,일별 종목별 주문체결 수량송신,DATA,4,전송일자,TRANSMIT_DATE,String,8,,YYYYMMDD / 시스템 날짜,
매매정보,TTSSDP20003,TTSSDP20003;TTSSDP90003,일별 종목별 주문체결 수량송신,DATA,5,매매일자,TRADING_DATE,String,8,,YYYYMMDD / * 파생야간은 RDS 파생종목정보 영업일자,
매매정보,TTSSDP20003,TTSSDP20003;TTSSDP90003,일별 종목별 주문체결 수량송신,DATA,6,상품ID,CLASS_ID,String,11,,별첨-KRX 차세대 상품 ID체계 참고,
매매정보,TTSSDP20003,TTSSDP20003;TTSSDP90003,일별 종목별 주문체결 수량송신,DATA,7,종목코드,ISSUE_CODE,String,12,,현물/파생/채권/REPO 통합상품의 종목 코드(ISIN종목코드),
매매정보,TTSSDP20003,TTSSDP20003;TTSSDP90003,일별 종목별 주문체결 수량송신,DATA,8,결제월번호,EXPMM_NO,Long,4,,"0001:최근월물,선물스프레드 / 0002:2째월물  / 0003:3째월물 / 0004:4째월물 / 0005:5째월물 / 0006:6째월물 / 0007:7째월물",
매매정보,TTSSDP20003,TTSSDP20003;TTSSDP90003,일별 종목별 주문체결 수량송신,DATA,9,매도정상호가수량,ASK_NMLORD_QTY,Long,12,,매도정상호가수량,
매매정보,TTSSDP20003,TTSSDP20003;TTSSDP90003,일별 종목별 주문체결 수량송신,DATA,10,매수정상호가수량,BID_NMLORD_QTY,Long,12,,매수정상호가수량,
매매정보,TTSSDP20003,TTSSDP20003;TTSSDP90003,일별 종목별 주문체결 수량송신,DATA,11,매도정정호가수량,ASK_MODORD_QTY,Long,12,,매도정정호가수량,
매매정보,TTSSDP20003,TTSSDP20003;TTSSDP90003,일별 종목별 주문체결 수량송신,DATA,12,매수정정호가수량,BID_MODORD_QTY,Long,12,,매수정정호가수량,
매매정보,TTSSDP20003,TTSSDP20003;TTSSDP90003,일별 종목별 주문체결 수량송신,DATA,13,매도취소호가수량,ASK_CANCLORD_QTY,Long,12,,매도 취소호가수량,
매매정보,TTSSDP20003,TTSSDP20003;TTSSDP90003,일별 종목별 주문체결 수량송신,DATA,14,매수취소호가수량,BID_CANCLORD_QTY,Long,12,,매수 취소호가수량,
매매정보,TTSSDP20003,TTSSDP20003;TTSSDP90003,일별 종목별 주문체결 수량송신,DATA,15,체결수량,TRDVOL,Long,10,,매도 매수 호가간의 거래성사 수량,
매매정보,TTSSDP20003,TTSSDP20003;TTSSDP90003,일별 종목별 주문체결 수량송신,DATA,16,시가단일가매수정상호가수량,OPEN PRICE  / SINGLE PRICE AUCTION_BID_ / NORMAL  / QORDER_QUANTITY,Long,12,,시가단일가매수정상호가수량,
매매정보,TTSSDP20003,TTSSDP20003;TTSSDP90003,일별 종목별 주문체결 수량송신,DATA,17,시가단일가매도정상호가수량,OPEN PRICE  / SINGLE PRICE  / AUCTION_ASK_ / NORMAL  / QORDER_QUANTITY,Long,12,,시가단일가매도정상호가수량,
매매정보,TTSSDP20003,TTSSDP20003;TTSSDP90003,일별 종목별 주문체결 수량송신,DATA,18,시가단일가매수정정호가수량,OPEN PRICE  / SINGLE PRICE  / AUCTION_BID_ / MODIFIED  / ORDER_QUANTITY,Long,12,,시가단일가매수정정호가수량,
매매정보,TTSSDP20003,TTSSDP20003;TTSSDP90003,일별 종목별 주문체결 수량송신,DATA,19,시가단일가매도정정호가수량,OPEN PRICE  / SINGLE PRICE  / AUCTION_ASK_ / MODIFIED  / ORDER_QUANTITY,Long,12,,시가단일가매도정정호가수량,
매매정보,TTSSDP20003,TTSSDP20003;TTSSDP90003,일별 종목별 주문체결 수량송신,DATA,20,시가단일가매수취소호가수량,OPEN PRICE  / SINGLE PRICE  / AUCTION_BID_ / CANCELED  / ORDER_QUANTITY,Long,12,,시가단일가매수취소호가수량,
매매정보,TTSSDP20003,TTSSDP20003;TTSSDP90003,일별 종목별 주문체결 수량송신,DATA,21,시가단일가매도취소호가수량,OPEN PRICE  / SINGLE PRICE  / AUCTION_ASK_ / CANCELED  / ORDER_QUANTITY,Long,12,,시가단일가매도취소호가수량,
매매정보,TTSSDP20003,TTSSDP20003;TTSSDP90003,일별 종목별 주문체결 수량송신,DATA,22,접속매매매수정상호가수량,CONTINOUS  / AUCTION_BID_ / NORMAL  / QORDER_QUANTITY,Long,12,,접속매매매수정상호가수량,
매매정보,TTSSDP20003,TTSSDP20003;TTSSDP90003,일별 종목별 주문체결 수량송신,DATA,23,접속매매매도정상호가수량,CONTINOUS  / AUCTION_ASK_ / NORMAL  / QORDER_QUANTITY,Long,12,,접속매매매도정상호가수량,
매매정보,TTSSDP20003,TTSSDP20003;TTSSDP90003,일별 종목별 주문체결 수량송신,DATA,24,접속매매매수정정호가수량,CONTINOUS  / AUCTION_BID_ / MODIFIED  / ORDER_QUANTITY,Long,12,,접속매매매수정정호가수량,
매매정보,TTSSDP20003,TTSSDP20003;TTSSDP90003,일별 종목별 주문체결 수량송신,DATA,25,접속매매매도정정호가수량,CONTINOUS  / AUCTION_ASK_ / MODIFIED  / ORDER_QUANTITY,Long,12,,접속매매매도정정호가수량,
매매정보,TTSSDP20003,TTSSDP20003;TTSSDP90003,일별 종목별 주문체결 수량송신,DATA,26,접속매매매수취소호가수량,CONTINOUS  / AUCTION_BID_ / CANCELED  / ORDER_QUANTITY,Long,12,,접속매매매수취소호가수량,
매매정보,TTSSDP20003,TTSSDP20003;TTSSDP90003,일별 종목별 주문체결 수량송신,DATA,27,접속매매매도취소호가수량,CONTINOUS  / AUCTION_ASK_ / CANCELED  / ORDER_QUANTITY,Long,12,,접속매매매도취소호가수량,
매매정보,TTSSDP20003,TTSSDP20003;TTSSDP90003,일별 종목별 주문체결 수량송신,DATA,28,종가단일가매수정상호가수량,CLOSING  / PRICE_SINGLE  / PRICE CALL AUCTION_BID_ / NORMAL  / QORDER_QUANTITY,Long,12,,종가단일가매수정상호가수량,
매매정보,TTSSDP20003,TTSSDP20003;TTSSDP90003,일별 종목별 주문체결 수량송신,DATA,29,종가단일가매도정상호가수량,CLOSING  / PRICE_SINGLE  / PRICE CALL  / AUCTION_ASK_ / NORMAL  / QORDER_QUANTITY,Long,12,,종가단일가매도정상호가수량,
매매정보,TTSSDP20003,TTSSDP20003;TTSSDP90003,일별 종목별 주문체결 수량송신,DATA,30,종가단일가매수정정호가수량,CLOSING  / PRICE_SINGLE  / PRICE CALL  / AUCTION_BID_ / MODIFIED  / ORDER_QUANTITY,Long,12,,종가단일가매수정정호가수량,
매매정보,TTSSDP20003,TTSSDP20003;TTSSDP90003,일별 종목별 주문체결 수량송신,DATA,31,종가단일가매도정정호가수량,CLOSING  / PRICE_SINGLE  / PRICE CALL  / AUCTION_ASK_ / MODIFIED  / ORDER_QUANTITY,Long,12,,종가단일가매도정정호가수량,
매매정보,TTSSDP20003,TTSSDP20003;TTSSDP90003,일별 종목별 주문체결 수량송신,DATA,32,종가단일가매수취소호가수량,CLOSING  / PRICE_SINGLE  / PRICE CALL  / AUCTION_BID_ / CANCELED  / ORDER_QUANTITY,Long,12,,종가단일가매수취소호가수량,
매매정보,TTSSDP20003,TTSSDP20003;TTSSDP90003,일별 종목별 주문체결 수량송신,DATA,33,종가단일가매도취소호가수량,CLOSING  / PRICE_SINGLE  / PRICE CALL  / AUCTION_ASK_ / CANCELED  / ORDER_QUANTITY,Long,12,,종가단일가매도취소호가수량,
매매정보,TTSSDP20003,TTSSDP20003;TTSSDP90003,일별 종목별 주문체결 수량송신,DATA,34,시가단일가체결수량,OPEN PRICE SINGLE  / PRICE  / AUCTION_TRADING  / VOLUMN,Long,12,,시가단일가체결수량,
매매정보,TTSSDP20003,TTSSDP20003;TTSSDP90003,일별 종목별 주문체결 수량송신,DATA,35,접속매매체결수량,CONTINOUS AUCTION_TRADING VOLUMN,Long,12,,접속매매체결수량,
매매정보,TTSSDP20003,TTSSDP20003;TTSSDP90003,일별 종목별 주문체결 수량송신,DATA,36,종가단일가체결수량,CLOSING PRICE_ / SINGLE PRICE CALL  / AUCTION_TRADING  / VOLUMN,Long,12,,종가단일가체결수량,
매매정보,TTSSDP10002,TTSSDP10002;TTSSDP12002;TTSSDP13002,회원별약정,DATA,1,메세지일련번호,MESSAGE_ / SEQUENCE NUMBER,Long,11,,메세지일련번호,
매매정보,TTSSDP10002,TTSSDP10002;TTSSDP12002;TTSSDP13002,회원별약정,DATA,2,트랜잭션코드,TRANSACTION_ / CODE,String,11,,유가 : TTSSDP10002 / 코스닥 : TTSSDP12002 / 코넥스 : TTSSDP13002,
매매정보,TTSSDP10002,TTSSDP10002;TTSSDP12002;TTSSDP13002,회원별약정,DATA,3,시장ID,MARKET_ / IDENTIFICATION,String,3,,별첨-KRX 차세대 상품 ID체계 참고,
매매정보,TTSSDP10002,TTSSDP10002;TTSSDP12002;TTSSDP13002,회원별약정,DATA,4,전송일자,TRANSMIT_DATE,String,8,,YYYYMMDD / 데이터 생성일자,
매매정보,TTSSDP10002,TTSSDP10002;TTSSDP12002;TTSSDP13002,회원별약정,DATA,5,거래일자,TRADING_DATE,String,8,,,
매매정보,TTSSDP10002,TTSSDP10002;TTSSDP12002;TTSSDP13002,회원별약정,DATA,6,회원번호,MEMBER_NUMBER,String,5,,,
매매정보,TTSSDP10002,TTSSDP10002;TTSSDP12002;TTSSDP13002,회원별약정,DATA,7,누적매도체결수량,ASK_ / TRADING VOLUMN,Long,12,,매도체결수량 / * 코넥스 시장의 경우 경매매 내역 포함,
매매정보,TTSSDP10002,TTSSDP10002;TTSSDP12002;TTSSDP13002,회원별약정,DATA,8,누적매수체결수량,BID_ / TRADING VOLUMN,Long,12,,매수체결수량 합 / * 코넥스 시장의 경우 경매매 내역 포함,
매매정보,TTSSDP10002,TTSSDP10002;TTSSDP12002;TTSSDP13002,회원별약정,DATA,9,누적매도거래대금,ASK_ / TRADING VALUE,Float,22,,매도거래대금(=체결가격 * 체결수량) / * 코넥스 시장의 경우 경매매 내역 포함,
매매정보,TTSSDP10002,TTSSDP10002;TTSSDP12002;TTSSDP13002,회원별약정,DATA,10,누적매수거래대금,BID_ / TRADING VALUE,Float,22,,매수거래대금(=체결가격 * 체결수량) / * 코넥스 시장의 경우 경매매 내역 포함,
매매정보,TTSSDP10004,TTSSDP10004;TTSSDP12004,회원별약정(프리마켓),DATA,1,메세지일련번호,MESSAGE_ / SEQUENCE NUMBER,Long,11,,메세지일련번호,
매매정보,TTSSDP10004,TTSSDP10004;TTSSDP12004,회원별약정(프리마켓),DATA,2,트랜잭션코드,TRANSACTION_ / CODE,String,11,,유가 : TTSSDP12004 / 코스닥 : TTSSDP12002,
매매정보,TTSSDP10004,TTSSDP10004;TTSSDP12004,회원별약정(프리마켓),DATA,3,시장ID,MARKET_ / IDENTIFICATION,String,3,,별첨-KRX 차세대 상품 ID체계 참고,
매매정보,TTSSDP10004,TTSSDP10004;TTSSDP12004,회원별약정(프리마켓),DATA,4,전송일자,TRANSMIT_DATE,String,8,,YYYYMMDD / 데이터 생성일자,
매매정보,TTSSDP10004,TTSSDP10004;TTSSDP12004,회원별약정(프리마켓),DATA,5,거래일자,TRADING_DATE,String,8,,,
매매정보,TTSSDP10004,TTSSDP10004;TTSSDP12004,회원별약정(프리마켓),DATA,6,회원번호,MEMBER_NUMBER,String,5,,,
매매정보,TTSSDP10004,TTSSDP10004;TTSSDP12004,회원별약정(프리마켓),DATA,7,누적매도체결수량,ASK_ / TRADING VOLUMN,Long,12,,매도체결수량,
매매정보,TTSSDP10004,TTSSDP10004;TTSSDP12004,회원별약정(프리마켓),DATA,8,누적매수체결수량,BID_ / TRADING VOLUMN,Long,12,,매수체결수량 합,
매매정보,TTSSDP10004,TTSSDP10004;TTSSDP12004,회원별약정(프리마켓),DATA,9,누적매도거래대금,ASK_ / TRADING VALUE,Float,22,,매도거래대금(=체결가격 * 체결수량),
매매정보,TTSSDP10004,TTSSDP10004;TTSSDP12004,회원별약정(프리마켓),DATA,10,누적매수거래대금,BID_ / TRADING VALUE,Float,22,,매수거래대금(=체결가격 * 체결수량),
매매정보,TTSSDP10004,TTSSDP10004;TTSSDP12004,회원별약정(프리마켓),DATA,11,필러값,FILLER,String,1086,,,
매매정보,TTSSDP10012,TTSSDP10012,ELW Knockout 평가기간 중 기초자산 고저가 정보,DATA,1,메세지일련번호,MESSAGE_SEQUENCE NUMBER,Long,11,,메세지일련번호,
매매정보,TTSSDP10012,TTSSDP10012,ELW Knockout 평가기간 중 기초자산 고저가 정보,DATA,2,트랜잭션코드,TRANSACTION_CODE,String,11,,TTSSDP10012,
매매정보,TTSSDP10012,TTSSDP10012,ELW Knockout 평가기간 중 기초자산 고저가 정보,DATA,3,전송일자,TRANSMIT_DATE,String,8,,,
매매정보,TTSSDP10012,TTSSDP10012,ELW Knockout 평가기간 중 기초자산 고저가 정보,DATA,4,기초자산매매일자,UNDERLYING ASSET_TRADING_DATE,String,8,,,
매매정보,TTSSDP10012,TTSSDP10012,ELW Knockout 평가기간 중 기초자산 고저가 정보,DATA,5,KO발생일자,KNOCKOUT _ OCCURRENCE _DATE,String,8,,,
매매정보,TTSSDP10012,TTSSDP10012,ELW Knockout 평가기간 중 기초자산 고저가 정보,DATA,6,오전오후구분코드,ANTE_MERIDIEM_POST_MERIDIEM_TYPE_CODE,String,1,,KO 오전발생의 경우 / A : KO시점부터 12시 / P: 12시부터 정규장마감 / KO 오후 발생의 경우 / P: KO시점부터 정규장마감 / KO 발생 후 익 영업일의 경우  / A: 장개시부터 12시 / P: 12시부터 정규장 마감,
매매정보,TTSSDP10012,TTSSDP10012,ELW Knockout 평가기간 중 기초자산 고저가 정보,DATA,7,KO종목코드,KNOCKOUT_ISSUE_CODE,String,12,,Knockout 발생 ELW 종목코드,
매매정보,TTSSDP10012,TTSSDP10012,ELW Knockout 평가기간 중 기초자산 고저가 정보,DATA,8,구성종목코드,COMPOSITION_ISSUE_CODE,String,12,,ELW를 구성하는 기초자산의 종목코드(ISIN종목코드),
매매정보,TTSSDP10012,TTSSDP10012,ELW Knockout 평가기간 중 기초자산 고저가 정보,DATA,9,지수ID,IDX_ID,string,12,,12자리 체계의 지수ID,신규
매매정보,TTSSDP10012,TTSSDP10012,ELW Knockout 평가기간 중 기초자산 고저가 정보,DATA,10,고가,HIGHEST PRICE,Float,11,,산출시간내의 기초자산의 고가,
매매정보,TTSSDP10012,TTSSDP10012,ELW Knockout 평가기간 중 기초자산 고저가 정보,DATA,11,저가,LOWEST PRICE,Float,11,,산출시간내의 기초자산의 저가,
매매정보,TTSSDP10012,TTSSDP10012,ELW Knockout 평가기간 중 기초자산 고저가 정보,DATA,12,필러값,FILLER,String,9,,,신규
매매정보,TCHDTR40001,TCHDTR40001,"일반,소액채권 채권신고매매",DATA,1,메세지일련번호,MESSAGE_ / SEQUENCE NUMBER,Long,11,,메세지일련번호,
매매정보,TCHDTR40001,TCHDTR40001,"일반,소액채권 채권신고매매",DATA,2,트랜잭션코드,TRANSACTION_ / CODE,String,11,,TCHDTR40001,
매매정보,TCHDTR40001,TCHDTR40001,"일반,소액채권 채권신고매매",DATA,3,채권신고매매구분코드,BND_DECL_TRD_TP_CD,String,3,,001:신규신고매매 (in) / 002:신규신고매매응답 (Out)  / 003:신고매매취소(in) / 004:신고매매취소응답(Out),
매매정보,TCHDTR40001,TCHDTR40001,"일반,소액채권 채권신고매매",DATA,4,매매일자,TRD_DD,String,8,,신고매매 당일자,
매매정보,TCHDTR40001,TCHDTR40001,"일반,소액채권 채권신고매매",DATA,5,회원번호,MBR_NO,String,5,,,
매매정보,TCHDTR40001,TCHDTR40001,"일반,소액채권 채권신고매매",DATA,6,지점번호,BRN_NO,String,5,,,
매매정보,TCHDTR40001,TCHDTR40001,"일반,소액채권 채권신고매매",DATA,7,계좌번호,ACNT_NO,String,12,,,
매매정보,TCHDTR40001,TCHDTR40001,"일반,소액채권 채권신고매매",DATA,8,종목코드,ISU_CD,String,12,,현물/파생/채권/REPO 통합상품의 종목 코드(ISIN종목코드),
매매정보,TCHDTR40001,TCHDTR40001,"일반,소액채권 채권신고매매",DATA,9,매매수량,TRD_QTY,Long,15,,"수량단위는 액면 1,000원 / (단, 외화표시채권 1,000 포인트)",
매매정보,TCHDTR40001,TCHDTR40001,"일반,소액채권 채권신고매매",DATA,10,수익률,YD,Float,13,,부호/소수점 포함. 소수점이하6자리,
매매정보,TCHDTR40001,TCHDTR40001,"일반,소액채권 채권신고매매",DATA,11,가격,PRC,Float,11,,정수 및 소수 전체 자리에 대해 '0~9' 입력 가능,
매매정보,TCHDTR40001,TCHDTR40001,"일반,소액채권 채권신고매매",DATA,12,매도매수구분코드,ASKBID_TP_CD,String,1,,1 매도 / 2 매수,
매매정보,TCHDTR40001,TCHDTR40001,"일반,소액채권 채권신고매매",DATA,13,거래시간,TRD_TM,String,9,,,
매매정보,TCHDTR40001,TCHDTR40001,"일반,소액채권 채권신고매매",DATA,14,위탁자기구분코드,TRST_PRINC_TP_CD,String,2,,1)현물 / 10 위탁매매 / 30 자기매매 /  / 2)파생상품 /   11 위탁거래 /   12 위탁주선거래 /   13 회원의 위탁거래  /   31 호가입력회원의 자기거래 /  / 3)채권 / 10 위탁매매 / 30 자기매매 / 33 매도대행사 반대매도 /  / * 현물 /  - 자기매매 : 증권업자가 자기계정으로 매매하는 경우 /  - 위탁매매 : 자기매매가 아닌 경우 / * 파생 /   - 신탁업 및 집합투자업을 겸영하는 투자매매업자의 신탁거래 및 집합투자거래는 위탁거래로 입력함 / * 취소호가는 SPACE로 입력 / *,
매매정보,TCHDTR40001,TCHDTR40001,"일반,소액채권 채권신고매매",DATA,15,외국인투자자구분코드,FORNINVST_TP_CD,String,2,,"1) 현물 / 00 외국인아님 / (10 외국인(거주)) /   11 식별번호 있는 외국인 (거주) /   12 식별번호 없는 외국인 (거주) / (20 외국인(비거주)) /   21 식별번호 있는 외국인 (비거주) /   22 식별번호 없는 외국인 (비거주) /  / 2) 파생상품 / 00 외국인아님 / 10 외국인(거주) / 20 외국인(비거주) /  / * 정정, 취소호가는 SPACE로 입력 / * 정정의 경우 원호가의 정보와 동일한 것으로 인정함",
매매정보,TCHDTR40001,TCHDTR40001,"일반,소액채권 채권신고매매",DATA,16,국가코드,ASK_CNTR_CD,String,3,,"* 국가코드표 참조 ISO3166-1적용 (Number-3) 없으면 거부 /   - ISO에 없는 코드 추가 : 997, 998, 999 (대한민국국민인해외영주권자, 국제기구, 기타) /   - 기존코드에는 분류되어 있으나 ISO에는 구분없는 코드 신규 생성 : 991, 992 (말레이지아 라부안, 채널아일랜드) /  / * 정정, 취소호가는 SPACE로 입력",
매매정보,TCHDTR40001,TCHDTR40001,"일반,소액채권 채권신고매매",DATA,17,매도투자자구분코드,ASK_INVST_TP_CD,String,4,,"1000 증권회사 및 선물회사 / 2000 보험회사 / 3000 자산운용회사 및 투자회사 / 3100 사모펀드 / 4000 은행 (자산운용회사의 신탁재산은 자산운용회사로 분류) / 5000 종합금융회사, 상호저축은행 / 6000 연금, 기금 및 공제회 / 7000 국가, 지방자치단체 및 국제기구 / 7100 기타법인 / 8000 개인 /  / * 7100 : 기존 7000번 분류를 세분화하여 추가확정  / * 파생 : 3100 사용불가 /   --> 기타 투자자분류코드(예 : 3000, 7100 등)에 맞게 입력함 / * 정정, 취",
매매정보,TCHDTR40001,TCHDTR40001,"일반,소액채권 채권신고매매",DATA,18,신고매매일련번호,DECL_TRD_SEQ,Long,11,,,
매매정보,TCHDTR40001,TCHDTR40001,"일반,소액채권 채권신고매매",DATA,19,신고매매원일련번호,DECL_TRD_ORGN_SEQ,Long,11,,취소할려는 원래 일련번호,
매매정보,TCHDTR40001,TCHDTR40001,"일반,소액채권 채권신고매매",DATA,20,매도대행계약거래여부,ASK_AGNC_CONTRT_TR_YN,String,1,,N: NO  / Y : YES,
매매정보,TCHDTR40001,TCHDTR40001,"일반,소액채권 채권신고매매",DATA,21,신고거부사유코드,DECL_REJ_RSN_CD,String,2,,00 정상 / 01:신고매매처리구분ERROR / 02:매매일자ERROR / 03:회원번호ERROR / 04:지점번호ERROR / 05:계좌번호ERROR / 06:종목코드ERROR / 07:매매수량ERROR / 08:수익률ERROR / 09:가격(단가)ERROR / 10:매도매수구분코드ERROR / 11:거래시간ERROR / 12:위탁자기구분코드ERROR / 13:외국인투자자구분코드ERROR / 14:국가코드ERROR / 15:매도투자자구분코드ERROR / 16:신고일련번호ERROR / 17:원거래일련번호ERROR / 18:매도대행계,
매매정보,TCHDTR40002,TCHDTR40002,소액채권 신고시장수익률 송수신,DATA,1,메세지일련번호,MSG_SEQ,Long,11,,메세지일련번호,
매매정보,TCHDTR40002,TCHDTR40002,소액채권 신고시장수익률 송수신,DATA,2,트랜잭션코드,TR_CD,String,11,,TCHDTR40002,
매매정보,TCHDTR40002,TCHDTR40002,소액채권 신고시장수익률 송수신,DATA,3,정정취소구분코드,MODCANCL_TP_CD,String,1,,1:신규 2: 정정 3:취소,
매매정보,TCHDTR40002,TCHDTR40002,소액채권 신고시장수익률 송수신,DATA,4,전송일자,TRNSM_DD,String,8,,YYYYMMDD  데이터 생성일자,
매매정보,TCHDTR40002,TCHDTR40002,소액채권 신고시장수익률 송수신,DATA,5,회원번호,MBR_NO,String,5,,,
매매정보,TCHDTR40002,TCHDTR40002,소액채권 신고시장수익률 송수신,DATA,6,I/F소액매매종류코드_1,IF_SMALL_TRD_KIND_CD_1,String,3,,,
매매정보,TCHDTR40002,TCHDTR40002,소액채권 신고시장수익률 송수신,DATA,7,I/F종가수익률_1,IF_CLSPRC_YD_1,Float,13,,,
매매정보,TCHDTR40002,TCHDTR40002,소액채권 신고시장수익률 송수신,DATA,8,I/F소액매매종류코드_2,IF_SMALL_TRD_KIND_CD_2,String,3,,,
매매정보,TCHDTR40002,TCHDTR40002,소액채권 신고시장수익률 송수신,DATA,9,I/F종가수익률_2,IF_CLSPRC_YD_2,Float,13,,,
매매정보,TCHDTR40002,TCHDTR40002,소액채권 신고시장수익률 송수신,DATA,10,I/F소액매매종류코드_3,IF_SMALL_TRD_KIND_CD_3,String,3,,,
매매정보,TCHDTR40002,TCHDTR40002,소액채권 신고시장수익률 송수신,DATA,11,I/F종가수익률_3,IF_CLSPRC_YD_3,Float,13,,,
매매정보,TCHDTR40002,TCHDTR40002,소액채권 신고시장수익률 송수신,DATA,12,I/F소액매매종류코드_4,IF_SMALL_TRD_KIND_CD_4,String,3,,,
매매정보,TCHDTR40002,TCHDTR40002,소액채권 신고시장수익률 송수신,DATA,13,I/F종가수익률_4,IF_CLSPRC_YD_4,Float,13,,,
매매정보,TCHDTR40002,TCHDTR40002,소액채권 신고시장수익률 송수신,DATA,14,I/F소액매매종류코드_5,IF_SMALL_TRD_KIND_CD_5,String,3,,,
매매정보,TCHDTR40002,TCHDTR40002,소액채권 신고시장수익률 송수신,DATA,15,I/F종가수익률_5,IF_CLSPRC_YD_5,Float,13,,,
매매정보,TCHDTR40002,TCHDTR40002,소액채권 신고시장수익률 송수신,DATA,16,I/F소액매매종류코드_6,IF_SMALL_TRD_KIND_CD_6,String,3,,,
매매정보,TCHDTR40002,TCHDTR40002,소액채권 신고시장수익률 송수신,DATA,17,I/F종가수익률_6,IF_CLSPRC_YD_6,Float,13,,,
매매정보,TCHDTR40002,TCHDTR40002,소액채권 신고시장수익률 송수신,DATA,18,I/F소액매매종류코드_7,IF_SMALL_TRD_KIND_CD_7,String,3,,,
매매정보,TCHDTR40002,TCHDTR40002,소액채권 신고시장수익률 송수신,DATA,19,I/F종가수익률_7,IF_CLSPRC_YD_7,Float,13,,,
매매정보,TCHDTR40002,TCHDTR40002,소액채권 신고시장수익률 송수신,DATA,20,I/F소액매매종류코드_8,IF_SMALL_TRD_KIND_CD_8,String,3,,,
매매정보,TCHDTR40002,TCHDTR40002,소액채권 신고시장수익률 송수신,DATA,21,I/F종가수익률_8,IF_CLSPRC_YD_8,Float,13,,,
매매정보,TCHDTR40002,TCHDTR40002,소액채권 신고시장수익률 송수신,DATA,22,I/F소액매매종류코드_9,IF_SMALL_TRD_KIND_CD_9,String,3,,,
매매정보,TCHDTR40002,TCHDTR40002,소액채권 신고시장수익률 송수신,DATA,23,I/F종가수익률_9,IF_CLSPRC_YD_9,Float,13,,,
매매정보,TCHDTR40002,TCHDTR40002,소액채권 신고시장수익률 송수신,DATA,24,I/F소액매매종류코드_10,IF_SMALL_TRD_KIND_CD_10,String,3,,,
매매정보,TCHDTR40002,TCHDTR40002,소액채권 신고시장수익률 송수신,DATA,25,I/F종가수익률_10,IF_CLSPRC_YD_10,Float,13,,,
매매정보,TCHDTR40002,TCHDTR40002,소액채권 신고시장수익률 송수신,DATA,26,I/F소액매매종류코드_11,IF_SMALL_TRD_KIND_CD_11,String,3,,,
매매정보,TCHDTR40002,TCHDTR40002,소액채권 신고시장수익률 송수신,DATA,27,I/F종가수익률_11,IF_CLSPRC_YD_11,Float,13,,,
매매정보,TCHDTR40002,TCHDTR40002,소액채권 신고시장수익률 송수신,DATA,28,I/F소액매매종류코드_12,IF_SMALL_TRD_KIND_CD_12,String,3,,,
매매정보,TCHDTR40002,TCHDTR40002,소액채권 신고시장수익률 송수신,DATA,29,I/F종가수익률_12,IF_CLSPRC_YD_12,Float,13,,,
매매정보,TCHDTR40002,TCHDTR40002,소액채권 신고시장수익률 송수신,DATA,30,I/F소액매매종류코드_13,IF_SMALL_TRD_KIND_CD_13,String,3,,,
매매정보,TCHDTR40002,TCHDTR40002,소액채권 신고시장수익률 송수신,DATA,31,I/F종가수익률_13,IF_CLSPRC_YD_13,Float,13,,,
매매정보,TCHDTR40002,TCHDTR40002,소액채권 신고시장수익률 송수신,DATA,32,I/F소액매매종류코드_14,IF_SMALL_TRD_KIND_CD_14,String,3,,,
매매정보,TCHDTR40002,TCHDTR40002,소액채권 신고시장수익률 송수신,DATA,33,I/F종가수익률_14,IF_CLSPRC_YD_14,Float,13,,,
매매정보,TCHDTR40002,TCHDTR40002,소액채권 신고시장수익률 송수신,DATA,34,I/F소액매매종류코드_15,IF_SMALL_TRD_KIND_CD_15,String,3,,,
매매정보,TCHDTR40002,TCHDTR40002,소액채권 신고시장수익률 송수신,DATA,35,I/F종가수익률_15,IF_CLSPRC_YD_15,Float,13,,,
매매정보,TCHDTR40002,TCHDTR40002,소액채권 신고시장수익률 송수신,DATA,36,I/F소액매매종류코드_16,IF_SMALL_TRD_KIND_CD_16,String,3,,,
매매정보,TCHDTR40002,TCHDTR40002,소액채권 신고시장수익률 송수신,DATA,37,I/F종가수익률_16,IF_CLSPRC_YD_16,Float,13,,,
매매정보,TCHDTR40002,TCHDTR40002,소액채권 신고시장수익률 송수신,DATA,38,신고수익률입력거부사유,DECL_YD_INPUT_REJ_RSN_CD,string,3,,000: 정상 / 301:비전담사수익률입력  / 302:소액매매종류오류  / 303:신고수익률오류  / 304:신고수익률입력시각오류  / 305:신규신고수익률중복  / 306:정취신고수익률오류 / 307:데이터타입 오류 / 307:데이터타입 오류   / 308:소액신고수익률 삭제오류   / 309:중목체크조회 오류   / 310:수익률 정합성 체크 조회오류   / 311:종가단일가마감체크 조회오류   / 312:회원번호 미입력 오류   / 313:회원정보 조회 오류   / 314:수익률 사이즈 오류 (정수부분)   / 315:수익률,
매매정보,TCHDTR40002,TCHDTR40002,소액채권 신고시장수익률 송수신,DATA,39,신고수익률입력자명,DECL_YD_OPERTR_NM,String,20,,,
매매정보,TCHDTR40002,TCHDTR40002,소액채권 신고시장수익률 송수신,DATA,40,연락처,CONTACTPNT,String,20,,"Left justified (단, '-'는 생략)",
매매정보,TCHATA10001,TCHATA10001;TCHASA10001;TCHASA20001,알고리즘거래계좌신고,DATA,1,메세지일련번호,MSG_SEQ,Long,11,,메세지일련번호,
매매정보,TCHATA10001,TCHATA10001;TCHASA10001;TCHASA20001,알고리즘거래계좌신고,DATA,2,트랜잭션코드,TR_CD,String,11,,TCHATA10001 : 파생 / TCHASA10001 : 유가 / TCHASA20001 : 코스닥 / TCHABA10001 : KTS,
매매정보,TCHATA10001,TCHATA10001;TCHASA10001;TCHASA20001,알고리즘거래계좌신고,DATA,3,전송일자,TRNSM_DD,String,8,,"YYYYMMDD / 전송일자는 당일일자이며 혹,당일일자로 입력하지 않을 경우 거래소 시장시스템에서 당일일자로 입력 처리함 / * 파생야간은 RDS 파생종목정보 영업일자",
매매정보,TCHATA10001,TCHATA10001;TCHASA10001;TCHASA20001,알고리즘거래계좌신고,DATA,4,시장ID,MKT_ID,String,3,,별첨-KRX 차세대 상품 ID체계 참고,
매매정보,TCHATA10001,TCHATA10001;TCHASA10001;TCHASA20001,알고리즘거래계좌신고,DATA,5,회원번호,MBR_NO,String,5,,,
매매정보,TCHATA10001,TCHATA10001;TCHASA10001;TCHASA20001,알고리즘거래계좌신고,DATA,6,계좌신고유형코드,ACNT_DECL_TP_CD,String,1,,1:신규 2: 해지 3:변경,
매매정보,TCHATA10001,TCHATA10001;TCHASA10001;TCHASA20001,알고리즘거래계좌신고,DATA,7,접수시각,ACPT_TM,String,9,,회원신고시 SPACE 입력 (응답용),
매매정보,TCHATA10001,TCHATA10001;TCHASA10001;TCHASA20001,알고리즘거래계좌신고,DATA,8,거부코드,REJ_CD,String,2,,회원신고시 SPACE 입력 (응답용) /  / 01:신고불가능시간 / 02:기등록 (신규시 계좌/IF프로세스ID 중복) / 03:미등록 (변경 및 해지일때) / 04:시장구분오류 / 05:회원번호오류 / 06:계좌신고유형코드 오류 / 07:I/F프로세스ID 오류 / 08:입력항목 누락 /  / * 특정계좌에 공용프로세스ID(9999999999)가 기 등록된경우 개별프로세스ID 신규등록시 02(기등록) 거부 발생 / * 특정계좌에 개별프로세스ID가 기 등록된경우 공용프로세스ID(9999999999)로 신규등록시 02(기등록) 거부 발,
매매정보,TCHATA10001,TCHATA10001;TCHASA10001;TCHASA20001,알고리즘거래계좌신고,DATA,9,신고계좌번호,ACNT_NO,String,12,,* 12자리 구성방법 제한없음. 12자리를 회원사별로 사용,
매매정보,TCHATA10001,TCHATA10001;TCHASA10001;TCHASA20001,알고리즘거래계좌신고,DATA,10,I/F프로세스정보,IF_PROCS_INFO,String,10,,,
매매정보,TCHATA10001,TCHATA10001;TCHASA10001;TCHASA20001,알고리즘거래계좌신고,DATA,11,담당자명,CHRG_NM,String,80,,,
매매정보,TCHATA10001,TCHATA10001;TCHASA10001;TCHASA20001,알고리즘거래계좌신고,DATA,12,담당자직위명,CHRG_JOBTITL_NM,String,100,,,
매매정보,TCHATA10001,TCHATA10001;TCHASA10001;TCHASA20001,알고리즘거래계좌신고,DATA,13,담당자부서명,CHRG_DEP_NM,String,100,,,
매매정보,TCHATA10001,TCHATA10001;TCHASA10001;TCHASA20001,알고리즘거래계좌신고,DATA,14,담당자전화번호,CHRG_TEL_NO,String,40,,,
매매정보,TCHATA10001,TCHATA10001;TCHASA10001;TCHASA20001,알고리즘거래계좌신고,DATA,15,담당자휴대폰번호,CHRG_CELLPHONE_NO,String,20,,,
매매정보,TCHATA10001,TCHATA10001;TCHASA10001;TCHASA20001,알고리즘거래계좌신고,DATA,16,담당자이메일,CHRG_EMAIL,String,100,,,
매매정보,TCHATA10001,TCHATA10001;TCHASA10001;TCHASA20001,알고리즘거래계좌신고,DATA,17,위탁자기구분코드,TRST_PRINC_TP_CD,String,2,,1)현물 / 10 위탁매매 / 30 자기매매 /  / 2)파생상품 /   11 위탁거래 /   12 위탁주선거래 /   13 회원의 위탁거래  /   31 호가입력회원의 자기거래 /  / 3)채권 / 10 위탁매매 / 30 자기매매 / 33 매도대행사 반대매도 /  / * 현물 /  - 자기매매 : 증권업자가 자기계정으로 매매하는 경우 /  - 위탁매매 : 자기매매가 아닌 경우 / * 파생 /   - 신탁업 및 집합투자업을 겸영하는 투자매매업자의 신탁거래 및 집합투자거래는 위탁거래로 입력함 / * 취소호가는 SPACE로 입력 / *,
매매정보,TCHATA10001,TCHATA10001;TCHASA10001;TCHASA20001,알고리즘거래계좌신고,DATA,18,국가코드,CNTR_CD,String,3,,,
매매정보,TCHATA10001,TCHATA10001;TCHASA10001;TCHASA20001,알고리즘거래계좌신고,DATA,19,투자자구분코드,INVST_TP_CD,String,4,,"1000 금융투자회사 / 2000 보험회사 / 3000 자산운용회사 및 투자회사 / 3100 사모펀드 / 4000 은행 (자산운용회사의 신탁재산은 자산운용회사로 분류) / 5000 기타금융 / 6000 연금, 기금 및 공제회 / 7000 국가, 지자체 국제기구 및 공익기관 / 7100 기타법인 / 8000 개인 /  / * 7100 : 기존 7000번 분류를 세분화하여 추가확정  / * 파생 : 3100 사용불가 /   --> 기타 투자자분류코드(예 : 3000, 7100 등)에 맞게 입력함 / * 정정, 취소호가는 SPACE로 입",
매매정보,TCHATA10001,TCHATA10001;TCHASA10001;TCHASA20001,알고리즘거래계좌신고,DATA,20,외국인투자자구분코드,FORNINVST_TP_CD,String,2,,"1) 현물 / 00 외국인아님 / (10 외국인(거주)) /   11 식별번호 있는 외국인 (거주) /   12 식별번호 없는 외국인 (거주) / (20 외국인(비거주)) /   21 식별번호 있는 외국인 (비거주) /   22 식별번호 없는 외국인 (비거주) /  / 2) 파생상품 / 00 외국인아님 / 10 외국인(거주) / 20 외국인(비거주) /  / * 정정, 취소호가는 SPACE로 입력 / * 정정의 경우 원호가의 정보와 동일한 것으로 인정함",
매매정보,TTSSDP20008,TTSSDP20008;TTSSDP90008,알고리즘거래계좌신고대상,DATA,1,메세지일련번호,MSG_SEQ,Long,11,,메세지일련번호,
매매정보,TTSSDP20008,TTSSDP20008;TTSSDP90008,알고리즘거래계좌신고대상,DATA,2,트랜잭션코드,TR_CD,String,11,,TTSSDP20008,
매매정보,TTSSDP20008,TTSSDP20008;TTSSDP90008,알고리즘거래계좌신고대상,DATA,3,전송일자,TRNSM_DD,String,8,,YYYYMMDD / * 파생야간은 RDS 파생종목정보 영업일자,
매매정보,TTSSDP20008,TTSSDP20008;TTSSDP90008,알고리즘거래계좌신고대상,DATA,4,시장ID,MKT_ID,String,3,,별첨-KRX 차세대 상품 ID체계 참고,
매매정보,TTSSDP20008,TTSSDP20008;TTSSDP90008,알고리즘거래계좌신고대상,DATA,5,회원번호,MBR_NO,String,5,,,
매매정보,TTSSDP20008,TTSSDP20008;TTSSDP90008,알고리즘거래계좌신고대상,DATA,6,계좌번호,ACNT_NO,String,12,,* 12자리 구성방법 제한없음. 12자리를 회원사별로 사용,
매매정보,TTSSDP20008,TTSSDP20008;TTSSDP90008,알고리즘거래계좌신고대상,DATA,7,총호가건수,TOT_ORD_CNT,Long,16,,,
매매정보,TTSSDP20008,TTSSDP20008;TTSSDP90008,알고리즘거래계좌신고대상,DATA,8,외국인통합계좌포함여부,FOREIGN_INTEG_ACNT_INCLD_YN,String,1,,"Y, N",
매매정보,TTSTDP18001,TTSTDP18001,채권-회원WIT확정결과,DATA,1,메세지일련번호,MESSAGE_ / SEQUENCE NUMBER,Long,11,,메세지일련번호,
매매정보,TTSTDP18001,TTSTDP18001,채권-회원WIT확정결과,DATA,2,트랜잭션코드,TRANSACTION_ / CODE,String,11,,TTSTDP18001,
매매정보,TTSTDP18001,TTSTDP18001,채권-회원WIT확정결과,DATA,3,ME그룹번호,ME_GRP_NO,String,2,,매칭그룹별 일련번호,
매매정보,TTSTDP18001,TTSTDP18001,채권-회원WIT확정결과,DATA,4,시장ID,MARKET_ / IDENTIFICATION,String,3,,별첨-KRX 차세대 상품 ID체계 참고,
매매정보,TTSTDP18001,TTSTDP18001,채권-회원WIT확정결과,DATA,5,보드ID,BOARD_ID,String,2,,별첨_보드ID 매핑 참고,
매매정보,TTSTDP18001,TTSTDP18001,채권-회원WIT확정결과,DATA,6,회원번호,MEMBER_ / NUMBER,String,5,,,
매매정보,TTSTDP18001,TTSTDP18001,채권-회원WIT확정결과,DATA,7,지점번호,BRANCH_ / NUMBER,String,5,,,
매매정보,TTSTDP18001,TTSTDP18001,채권-회원WIT확정결과,DATA,8,주문ID,ORDER_ / IDENTIFICATION,String,10,,* 문자를 포함 / * 종목+회원+지점+주문ID가 Key (Unique),
매매정보,TTSTDP18001,TTSTDP18001,채권-회원WIT확정결과,DATA,9,원주문ID,ORIGINAL_ / ORDER_ / IDENTIFICATION,String,10,,,
매매정보,TTSTDP18001,TTSTDP18001,채권-회원WIT확정결과,DATA,10,종목코드,ISSUE_CODE,String,12,,현물/파생/채권/REPO 통합상품의 종목 코드(ISIN종목코드),
매매정보,TTSTDP18001,TTSTDP18001,채권-회원WIT확정결과,DATA,11,체결번호,TRADING_ / NUMBER,Long,11,,"호가장 관리 원칙에 따라 부여되는 회원기준 체결 일련번호 / * 보드ID, 종목별로 새로운 번호 부여 -> 종목, 체결번호를 Key로 사용하면 안됨 (중복가능)",
매매정보,TTSTDP18001,TTSTDP18001,채권-회원WIT확정결과,DATA,12,체결수익률,TRADING_YLD,Float,13,,부호/소수점 포함.,
매매정보,TTSTDP18001,TTSTDP18001,채권-회원WIT확정결과,DATA,13,체결가격,TRADING_ / PRICE,Float,11,,발행정보 확정에 의한 단가산출 / 소수점 미만 둘째 자리의 값은 0으로 고정,
매매정보,TTSTDP18001,TTSTDP18001,채권-회원WIT확정결과,DATA,14,체결수량,TRADING_ / VOLUMN,Long,10,,단위 천원,
매매정보,TTSTDP18001,TTSTDP18001,채권-회원WIT확정결과,DATA,15,세션ID,SESS_ID,String,2,,별첨-세션ID 매핑 참고,
매매정보,TTSTDP18001,TTSTDP18001,채권-회원WIT확정결과,DATA,16,체결일자,TRADING_ / DATE,String,8,,YYYYMMDD,
매매정보,TTSTDP18001,TTSTDP18001,채권-회원WIT확정결과,DATA,17,체결시각,TRADING_TIME,String,9,,"현물(유가증권, 코스닥)  1/1000 초 제공 (파생은 기제공됨)",
매매정보,TTSTDP18001,TTSTDP18001,채권-회원WIT확정결과,DATA,18,매도매수구분코드,ASK_BID_ / TYPE_CODE,String,1,,1 매도 / 2 매수,
매매정보,TTSTDP18001,TTSTDP18001,채권-회원WIT확정결과,DATA,19,매도유형코드,ASK_TYPE_ / CODE,String,2,,"00 해당없음 / 01 일반매도 / 02 차입증권매도 / 06 기타매도 /  / * 매수호가 및 파생상품은 00 해당없음 사용 / * 공매도 가격제한 대상 : 02 차입증권매도 / * 정정, 취소호가는 SPACE로 입력 / * 정정호가의 경우 원호가의 정보와 동일한 것으로 인정함 /  / * 03, 04, 05 삭제 --> 06으로 통합 / * 06 명칭변경",
매매정보,TTSTDP18001,TTSTDP18001,채권-회원WIT확정결과,DATA,20,계좌번호,ACCOUNT_ / NUMBER,String,12,,* 12자리 구성방법 제한없음. 12자리를 회원사별로 사용,
매매정보,TTSTDP18001,TTSTDP18001,채권-회원WIT확정결과,DATA,21,채권호가종류코드,ORD_KIND_CD,String,1,,1. 양방향호가  / 3. 매매호가,
매매정보,TTSTDP18001,TTSTDP18001,채권-회원WIT확정결과,DATA,22,호가수량,ORD_QTY,Long,10,,단위 천원,
매매정보,TTSTDP18001,TTSTDP18001,채권-회원WIT확정결과,DATA,23,호가가격,ORD_PRC,Float,11,,"소수점 미만 첫째, 둘째의 값은 0으로 고정",
매매정보,TTSTDP18001,TTSTDP18001,채권-회원WIT확정결과,DATA,24,주문수익률,YLD,Float,13,,부호/소수점 포함.,
매매정보,TTSTDP18001,TTSTDP18001,채권-회원WIT확정결과,DATA,25,위탁자기구분코드,TRST_PRINC_TP_CD,String,2,,1)현물 / 10 위탁매매 / 30 자기매매 /  / 2)파생상품 /   11 위탁거래 /   12 위탁주선거래 /   13 회원의 위탁거래  /   31 호가입력회원의 자기거래 /  / 3)채권 / 10 위탁매매 / 30 자기매매 / 33 매도대행사 반대매도 /  / * 현물 /  - 자기매매 : 증권업자가 자기계정으로 매매하는 경우 /  - 위탁매매 : 자기매매가 아닌 경우 / * 파생 /   - 신탁업 및 집합투자업을 겸영하는 투자매매업자의 신탁거래 및 집합투자거래는 위탁거래로 입력함 / * 취소호가는 SPACE로 입력 / *,
매매정보,TTSTDP18001,TTSTDP18001,채권-회원WIT확정결과,DATA,26,위탁사번호,TRUST COMPANY_ / NUMBER,String,5,,,
매매정보,TTSTDP18001,TTSTDP18001,채권-회원WIT확정결과,DATA,27,계좌구분코드,ACCOUNT_ / TYPE_CODE,String,2,,1) 현물 / 00 : 일반 / 01 : 대표투자자계좌(외국인) / 02 : 증권회사통합계좌(외국인) / 03 : FP계좌-복수일임형랩계좌 / 04 : FP계좌-단일일임형랩계좌 / 05 : FP아닌일임형랩계좌 / 06 : Buy-In매수전용계좌 / 07:  복수신탁계좌-대표계좌 이용 / 08:  단일신탁계좌-대표계좌미이용 / 09 : 기타 / 10: 시장조성헤지계좌(파생연계) / 11: 시장조성계좌(현물) / 12: 비과세해외주식투자전용ETF계좌 / 13 : 소액투자전용계좌(코넥스) / 14 : 외국인통합계좌 / 15 : 차익거래전,
매매정보,TTSTDP18001,TTSTDP18001,채권-회원WIT확정결과,DATA,28,투자자구분코드,ASK_INVST_TP_CD,String,4,,"1000 금융투자회사 / 2000 보험회사 / 3000 자산운용회사 및 투자회사 / 3100 사모펀드 / 4000 은행 (자산운용회사의 신탁재산은 자산운용회사로 분류) / 5000 기타금융 / 6000 연금, 기금 및 공제회 / 7000 국가, 지자체 국제기구 및 공익기관 / 7100 기타법인 / 8000 개인 /  / * 7100 : 기존 7000번 분류를 세분화하여 추가확정  / * 파생 : 3100 사용불가 /   --> 기타 투자자분류코드(예 : 3000, 7100 등)에 맞게 입력함 / * 정정, 취소호가는 SPACE로 입",
매매정보,TTSTDP18001,TTSTDP18001,채권-회원WIT확정결과,DATA,29,필러값,FILLER,String,6,,,
매매정보,TTSTDP18001,TTSTDP18001,채권-회원WIT확정결과,DATA,30,외국인투자자구분코드,FOREIGN INVESTOR_ / TYPE_CODE,String,2,,1) 현물 / 00 외국인아님 / (10 외국인(거주)) /   11 식별번호 있는 외국인 (거주) /   12 식별번호 없는 외국인 (거주) / (20 외국인(비거주)) /   21 식별번호 있는 외국인 (비거주) /   22 식별번호 없는 외국인 (비거주) /  / 2) 파생상품 / 00 외국인아님 / 10 외국인(거주) / 20 외국인(비거주),
매매정보,TTSTDP18001,TTSTDP18001,채권-회원WIT확정결과,DATA,31,주문매체구분코드,ORD_MEDIA_TP_CD,String,1,,"1 영업점단말 : 주문용단말, 비상주문단말, LP주문 / 2 유선단말 : 음성전화 / 3 무선단말 : 휴대폰, 스마트폰, PDA 등 / 4 HTS : 고객PC, 객장/사이버룸 단말 등 / 8 채권딜러서버 / 9 기타 : 특정위탁자전용주문(통칭 DMA), 반대매매, 선물옵션 주문, K-BLOX 등",
매매정보,TTSTDP18001,TTSTDP18001,채권-회원WIT확정결과,DATA,32,주문자식별정보,ORDER IDENTIFICATION INFORMATION,String,12,,"공인IP, 사설IP, 단말고유번호, 전화번호, 가입자번호, 기계번호 /  / * 전화번호의 경우 ""-"" 제외 / * IP의 경우 ""."" 제외 / * 반대매매주문의 경우에는 ""BANDAE"", /   ARS주문의 경우에는 ""ARS"",  /   대량거래(K-BLOX협상)의 경우에만 /   ""BLOCK"" 으로 입력  / * 선물옵션기본예탁금액 관련하여 회원의 고객주문 직권취소의 경우에는 ""OVER"" / * Kill Switch 입력 시 ""KILLSWITCH"" / * 소수단위 주식거래의 경우에는 ""SOSU""",
매매정보,TTSTDP18001,TTSTDP18001,채권-회원WIT확정결과,DATA,33,MAC주소,MAC_ADDR,String,12,,"* PC, 스마트폰, 태블릿PC 등 주문 단말에 동시 장착된 유무선 LAN 카드의 MAC 주소 (LAN 카드가 복수인 경우 1. 유선→무선, 2. 오름차순으로 정렬하여 순서가 가장 빠른 주소 / * 무선단말중 LAN카드 미장착 등 MAC 입력이 불가능한 경우 : “000000000000” / * 통칭 DMA : 실제 위탁자(자기 포함)의 IP, MAC 주소 입력이 원칙임. 단, 위탁자(자기 포함) IP, MAC 주소 수집이 불가능한 경우, ‘통칭 DMA 서버’를 통해서  혹은 다른 수단으로 수집이 가능한 IP, MAC 주소 반드시 ",
매매정보,TTSTDP18001,TTSTDP18001,채권-회원WIT확정결과,DATA,34,효력정지재개구분코드,EFCT_STOP_REOPN_TP_CD,String,1,,0:해당없음 / 1:효력정지 / 2:거래원효력정지 / 3:효력재개 / 4:거래원효력재개,
매매정보,TTSTDP18001,TTSTDP18001,채권-회원WIT확정결과,DATA,35,회원사용영역,MEMBER_ / USE_AREA,String,60,,,
매매정보,TTSTDP18001,TTSTDP18001,채권-회원WIT확정결과,DATA,36,거래원번호,Trader_NO,String,5,,,
매매정보,TTSTDP18001,TTSTDP18001,채권-회원WIT확정결과,DATA,37,결제일자,SETL_DD,String,8,,YYYYMMDD,
매매정보,TTSTDP18001,TTSTDP18001,채권-회원WIT확정결과,DATA,38,시장조성자호가구분번호,MM_ORD_TP_NO,Long,11,,"1) 현물 /     0 : 일반 /     1 : LP호가 / 2) 파생상품 /     0 : 일반 /     1~ : 시장조성자호가구분번호 / 3) 채권 /     0 : 일반 /     1 : PD /     2 : PD+인센티브 /     3 : 인센티브 /  / * 정정호가인 경우 원호가와 동일한 값이 입력되어야 함(원호가 정합성 체크) /  --> 파생의 경우 원호가가 0 아닌 값인 경우, 정정호가도 0 아닌 값이어야 하고 원호가가 0 인 경우, 정정호가도 0 이어야 함 /  / * 취소호가는 0으로 입력 / * 경쟁대량",
매매정보,TTSTDP18001,TTSTDP18001,채권-회원WIT확정결과,DATA,39,최종매도매수구분코드,LST_ASKBID_TP_CD,String,1,,"1: 매도, 2: 매수 / * 체결된 호가 중 후행호가의 매도매수구분 / - 제출된 호가가 1(매도)인 경우: /   1: 해당호가가 후행호가 /   2: 해당호가가 선행호가 / - 제출된 호가가 2(매수)인 경우: /   1: 해당호가가 선행호가 /   2: 해당호가가 후행호가",
매매정보,TTSTDP18001,TTSTDP18001,채권-회원WIT확정결과,DATA,40,취소여부,CANCL_YN,String,1,,확정 : N / 직권취소 :Y,
RDS,TRDESP00301,TRDESP00301;TRDESP00302;TRDESP00303;TRDESP00304;TRDESP00305,선물기준가,DATA,1,메세지일련번호,MESSAGE_SEQUENCE,Long,11,,메세지일련번호,
RDS,TRDESP00301,TRDESP00301;TRDESP00302;TRDESP00303;TRDESP00304;TRDESP00305,선물기준가,DATA,2,트랜잭션코드,TRANSACTION_ / CODE,String,11,,지수파생 : TRDESP00301 / 주식파생 : TRDESP00302 / 상품파생(10년제외) : TRDESP00303 / 10년국채 : TRDESP00304 / 해외파생 : TRDESP00305,
RDS,TRDESP00301,TRDESP00301;TRDESP00302;TRDESP00303;TRDESP00304;TRDESP00305,선물기준가,DATA,3,시장ID,MARKET_ / IDENTIFICATION,String,3,,별첨-KRX 차세대 상품 ID체계 참고,
RDS,TRDESP00301,TRDESP00301;TRDESP00302;TRDESP00303;TRDESP00304;TRDESP00305,선물기준가,DATA,4,전송일자,TRANSMIT_DATE,String,8,,YYYYMMDD / 데이터 생성일자,
RDS,TRDESP00301,TRDESP00301;TRDESP00302;TRDESP00303;TRDESP00304;TRDESP00305,선물기준가,DATA,5,영업일자,BUSINESS_DATE,String,8,,영업일자,
RDS,TRDESP00301,TRDESP00301;TRDESP00302;TRDESP00303;TRDESP00304;TRDESP00305,선물기준가,DATA,6,증권그룹ID,SECURITIES GROUP_ / IDENTIFICATION,String,2,,별첨-KRX 차세대 상품 ID체계 참고,
RDS,TRDESP00301,TRDESP00301;TRDESP00302;TRDESP00303;TRDESP00304;TRDESP00305,선물기준가,DATA,7,기초자산ID,ULY_ID,String,3,,별첨-KRX 차세대 상품 ID체계 참고,
RDS,TRDESP00301,TRDESP00301;TRDESP00302;TRDESP00303;TRDESP00304;TRDESP00305,선물기준가,DATA,8,기초자산코드,UNDERLYING ASSET_CODE,String,2,,‘ISIN표준코드’ 체계의 ‘대상물코드’를 사용,
RDS,TRDESP00301,TRDESP00301;TRDESP00302;TRDESP00303;TRDESP00304;TRDESP00305,선물기준가,DATA,9,종목코드,ISSUE_CODE,String,12,,현물/파생/채권/REPO 통합상품의 종목 코드(ISIN종목코드),
RDS,TRDESP00301,TRDESP00301;TRDESP00302;TRDESP00303;TRDESP00304;TRDESP00305,선물기준가,DATA,10,거래승수,SETTLEMENT / MULTIPLIER,FLOAT,22,,"약정대금 및 결제시 사용하는 계산승수 / (KOSPI200선물:50만,  / KOSPI200옵션:10만, 국재선물:100만,  / CD선물:125만, 주식옵션:10, 주식선물:10)",
RDS,TRDESP00301,TRDESP00301;TRDESP00302;TRDESP00303;TRDESP00304;TRDESP00305,선물기준가,DATA,11,기준가격,BASE_PRICE,String,11,,기준가격,
RDS,TRDESP00301,TRDESP00301;TRDESP00302;TRDESP00303;TRDESP00304;TRDESP00305,선물기준가,DATA,12,기준가격구분코드,BASE_PRICE_ / TYPE_CODE,String,2,,"11 전일정산가 / 12 전일기준가(거래성립전 종가미형성) / 13 당일이론가(거래성립전 종가미형성, FLEX종목) / 14 전일기세(거래성립전 기세형성) / 15 당일이론가(거래성립전 기세형성) / 16 조정된 전일정산가 / 17 조정된 전일기준가(거래성립전 종가미형성) / 18 조정된 전일기세(거래성립전 기세형성) / 19 전일 대상자산 종가(이론가없는 상품) / 21 전일증거금기준가 / 22 전일기준가(거래성립전 종가미형성) / 23 당일이론가(거래성립전 종가미형성) / 24 전일기세(거래성립전 기세형성) / 25 조정된 전일",
RDS,TRDESP00401,TRDESP00401;TRDESP00402;TRDESP00403;TRDESP00404;TRDESP00405;TRDESP00406;TRDESP00407;TRDESP00408,선물옵션 상하한가,DATA,1,메세지일련번호,MESSAGE_SEQUENCE,Long,11,,메세지일련번호,
RDS,TRDESP00401,TRDESP00401;TRDESP00402;TRDESP00403;TRDESP00404;TRDESP00405;TRDESP00406;TRDESP00407;TRDESP00408,선물옵션 상하한가,DATA,2,트랜잭션코드,TRANSACTION_ / CODE,String,11,,지수파생선물: TRDESP00401 / 주식파생선물: TRDESP00402 / 지수파생옵션: TRDESP00403 / 주식파생옵션: TRDESP00404 / 상품파생선물(10제외): TRDESP00405 / 10년국태선물: TRDESP00406 / 상품파생옵션: TRDESP00407 / 해외파생선물: TRDESP00408,
RDS,TRDESP00401,TRDESP00401;TRDESP00402;TRDESP00403;TRDESP00404;TRDESP00405;TRDESP00406;TRDESP00407;TRDESP00408,선물옵션 상하한가,DATA,3,시장ID,MARKET_ / IDENTIFICATION,String,3,,별첨-KRX 차세대 상품 ID체계 참고,
RDS,TRDESP00401,TRDESP00401;TRDESP00402;TRDESP00403;TRDESP00404;TRDESP00405;TRDESP00406;TRDESP00407;TRDESP00408,선물옵션 상하한가,DATA,4,전송일자,TRANSMIT_DATE,String,8,,YYYYMMDD / 데이터 생성일자,
RDS,TRDESP00401,TRDESP00401;TRDESP00402;TRDESP00403;TRDESP00404;TRDESP00405;TRDESP00406;TRDESP00407;TRDESP00408,선물옵션 상하한가,DATA,5,영업일자,BUSINESS_DATE,String,8,,영업일자,
RDS,TRDESP00401,TRDESP00401;TRDESP00402;TRDESP00403;TRDESP00404;TRDESP00405;TRDESP00406;TRDESP00407;TRDESP00408,선물옵션 상하한가,DATA,6,증권그룹ID,SECURITIES GROUP_ / IDENTIFICATION,String,2,,별첨-KRX 차세대 상품 ID체계 참고,
RDS,TRDESP00401,TRDESP00401;TRDESP00402;TRDESP00403;TRDESP00404;TRDESP00405;TRDESP00406;TRDESP00407;TRDESP00408,선물옵션 상하한가,DATA,7,기초자산ID,ULY_ID,String,3,,별첨-KRX 차세대 상품 ID체계 참고,
RDS,TRDESP00401,TRDESP00401;TRDESP00402;TRDESP00403;TRDESP00404;TRDESP00405;TRDESP00406;TRDESP00407;TRDESP00408,선물옵션 상하한가,DATA,8,기초자산코드,UNDERLYING ASSET_CODE,String,2,,ISIN표준코드’ 체계의 ‘대상물코드’를 사용,
RDS,TRDESP00401,TRDESP00401;TRDESP00402;TRDESP00403;TRDESP00404;TRDESP00405;TRDESP00406;TRDESP00407;TRDESP00408,선물옵션 상하한가,DATA,9,종목코드,ISSUE_CODE,String,12,,현물/파생/채권/REPO 통합상품의 종목 코드(ISIN종목코드),
RDS,TRDESP00401,TRDESP00401;TRDESP00402;TRDESP00403;TRDESP00404;TRDESP00405;TRDESP00406;TRDESP00407;TRDESP00408,선물옵션 상하한가,DATA,10,가격제한단계,PRC_LMT_STEP,long,3,,가격제한의 단계번호,
RDS,TRDESP00401,TRDESP00401;TRDESP00402;TRDESP00403;TRDESP00404;TRDESP00405;TRDESP00406;TRDESP00407;TRDESP00408,선물옵션 상하한가,DATA,11,상한가(호가최고한도가격),UPLMTPRC,String,11,,,
RDS,TRDESP00401,TRDESP00401;TRDESP00402;TRDESP00403;TRDESP00404;TRDESP00405;TRDESP00406;TRDESP00407;TRDESP00408,선물옵션 상하한가,DATA,12,하한가(호가최저한도가격),LWLMTPRC,String,11,,선물SPD는 '-' 가능,
RDS,TRDESP00401,TRDESP00401;TRDESP00402;TRDESP00403;TRDESP00404;TRDESP00405;TRDESP00406;TRDESP00407;TRDESP00408,선물옵션 상하한가,DATA,13,가격제한확대여부,PLE_YN,string,1,,"가격제한의 단계확대를 판단해야할지 여부. 예컨데 1단계만 제공하는 상품은 N, 3단계를 제공하는 상품은 1단계 및 2단계에서는 Y, 3단계에서는 N",
RDS,TRDESP00501,TRDESP00501;TRDESP00502;TRDESP00503,옵션기준가,DATA,1,메세지일련번호,MESSAGE_SEQUENCE,Long,11,,메세지일련번호,
RDS,TRDESP00501,TRDESP00501;TRDESP00502;TRDESP00503,옵션기준가,DATA,2,트랜잭션코드,TRANSACTION_ / CODE,String,11,,지수파생 : TRDESP00501 / 주식파생 : TRDESP00502 / 상품파생 : TRDESP00503,
RDS,TRDESP00501,TRDESP00501;TRDESP00502;TRDESP00503,옵션기준가,DATA,3,시장ID,MARKET_ / IDENTIFICATION,String,3,,별첨-KRX 차세대 상품 ID체계 참고,
RDS,TRDESP00501,TRDESP00501;TRDESP00502;TRDESP00503,옵션기준가,DATA,4,전송일자,TRANSMIT_DATE,String,8,,YYYYMMDD / 데이터 생성일자,
RDS,TRDESP00501,TRDESP00501;TRDESP00502;TRDESP00503,옵션기준가,DATA,5,영업일자,BUSINESS_DATE,String,8,,영업일자,
RDS,TRDESP00501,TRDESP00501;TRDESP00502;TRDESP00503,옵션기준가,DATA,6,증권그룹ID,SECURITIES  / GROUP_ / IDENTIFICATION,String,2,,별첨-KRX 차세대 상품 ID체계 참고,
RDS,TRDESP00501,TRDESP00501;TRDESP00502;TRDESP00503,옵션기준가,DATA,7,기초자산ID,ULY_ID,String,3,,별첨-KRX 차세대 상품 ID체계 참고,
RDS,TRDESP00501,TRDESP00501;TRDESP00502;TRDESP00503,옵션기준가,DATA,8,기초자산코드,UNDERLYING ASSET_CODE,String,2,,‘ISIN표준코드’ 체계의 ‘대상물코드’를 사용,
RDS,TRDESP00501,TRDESP00501;TRDESP00502;TRDESP00503,옵션기준가,DATA,9,종목코드,ISSUE_CODE,String,12,,현물/파생/채권/REPO 통합상품의 종목 코드(ISIN종목코드),
RDS,TRDESP00501,TRDESP00501;TRDESP00502;TRDESP00503,옵션기준가,DATA,10,행사가격,EXERCISE_PRICE,Float,18,,옵션에서 권리를 행사할 때 적용되는 가격,
RDS,TRDESP00501,TRDESP00501;TRDESP00502;TRDESP00503,옵션기준가,DATA,11,거래승수,SETTLEMENT / MULTIPLIER,Float,22,,"약정대금 및 결제시 사용하는 계산승수 / (KOSPI200선물:50만, KOSPI옵션:10만, / 국채선물:100만, CD선물:125만,  / 주식옵션:10, 주식선물:10)",
RDS,TRDESP00501,TRDESP00501;TRDESP00502;TRDESP00503,옵션기준가,DATA,12,기준가격,BASE_PRICE,String,11,,기준가격,
RDS,TRDESP00501,TRDESP00501;TRDESP00502;TRDESP00503,옵션기준가,DATA,13,기준가격구분코드,BASE_PRICE_ / TYPE_CODE,String,2,,"11 전일정산가 / 12 전일기준가(거래성립전 종가미형성) / 13 당일이론가(거래성립전 종가미형성, FLEX종목) / 14 전일기세(거래성립전 기세형성) / 15 당일이론가(거래성립전 기세형성) / 16 조정된 전일정산가 / 17 조정된 전일기준가(거래성립전 종가미형성) / 18 조정된 전일기세(거래성립전 기세형성) / 19 전일 대상자산 종가(이론가없는 상품) / 21 전일증거금기준가 / 22 전일기준가(거래성립전 종가미형성) / 23 당일이론가(거래성립전 종가미형성) / 24 전일기세(거래성립전 기세형성) / 25 조정된 전일",
RDS,TRDESP00601,TRDESP00601,유동성공급자,DATA,1,메세지일련번호,MESSAGE_SEQUENCE,Long,11,,메세지일련번호,
RDS,TRDESP00601,TRDESP00601,유동성공급자,DATA,2,트랜잭션코드,TRANSACTION_ / CODE,String,11,,유동성공급자 : TRDESP00601,
RDS,TRDESP00601,TRDESP00601,유동성공급자,DATA,3,시장ID,MARKET_ / IDENTIFICATION,String,3,,별첨-KRX 차세대 상품 ID체계 참고,
RDS,TRDESP00601,TRDESP00601,유동성공급자,DATA,4,전송일자,TRANSMIT_DATE,String,8,,YYYYMMDD / 데이터 생성일자,
RDS,TRDESP00601,TRDESP00601,유동성공급자,DATA,5,영업일자,BUSINESS_DATE,String,8,,영업일자,
RDS,TRDESP00601,TRDESP00601,유동성공급자,DATA,6,증권그룹ID,SECURITIES  / GROUP_ / IDENTIFICATION,String,2,,별첨-KRX 차세대 상품 ID체계 참고,
RDS,TRDESP00601,TRDESP00601,유동성공급자,DATA,7,종목코드,ISSUE_CODE,String,12,,현물/파생/채권/REPO 통합상품의 종목 코드(ISIN종목코드),
RDS,TRDESP00601,TRDESP00601,유동성공급자,DATA,8,LP회원번호,LIQUID PROVIDER_ / MEMBER_float,String,5,,유동성 공급자 회원번호,
RDS,TRDESP00601,TRDESP00601,유동성공급자,DATA,9,보드ID,BOARD_ID,String,2,,별첨_보드ID 매핑 참고,
RDS,TRDESP00601,TRDESP00601,유동성공급자,DATA,10,시장조성LP구분코드,MARKET_MAKING LIQUID PROVIDER_TYPE_CODE,String,1,,해당계약이 시장조성인지 유동성공급인지에 대한 구분 / ▦▦코드값▦▦ / M: 시장조성 / L: 유동성공급,
RDS,TRDESP00601,TRDESP00601,유동성공급자,DATA,11,LP개시일자,LIQUID PROVIDER_ / START_DATE,String,8,,LP개시일자,
RDS,TRDESP00601,TRDESP00601,유동성공급자,DATA,12,LP종료일자,LIQUID PROVIDER_ / END_DATE,String,8,,LP종료일자,
RDS,TRDESP00601,TRDESP00601,유동성공급자,DATA,13,최소호가금액,MIN_ORD_AMT,float,22,,"MM(시장조성자) 호가의 최소금액 / ※ LP최소호가수량배수과 배타적으로 사용, LP최소호가수량배수에 값이 설정된 경우 해당 필드는 무시",
RDS,TRDESP00601,TRDESP00601,유동성공급자,DATA,14,LP최소호가수량배수,LP_MINIMUM_ / ORDER_ / QUANTITY_ / MULTIPLE,Long,11,,"시장조성을 할 매매수량단위의 최소배수. 예컨데, 값이 10이고 매매수량단위가 10주이면 시장조성호가는 100주 이상으로 호가해야함 / ※ 최소호가금액과 배타적으로 사용, 최소호가금액에 값이 설정된 경우 해당 필드는 무시",
RDS,TRDESP00601,TRDESP00601,유동성공급자,DATA,15,최우선호가스프레드단위코드,FIRST BEST ORDER_SPREAD_ / UNIT_CODE,String,1,,A:Absolute Value(절대값) / R:Rate (%) / T:Tick (호가가격단위배수),
RDS,TRDESP00601,TRDESP00601,유동성공급자,DATA,16,호가스프레드값,ORDER_SPREAD_ / VALUE,Float,22,,LP/MM 호가 제출할 의무가 발생하는 최우선호가스프레드 간격 또는 비율,
RDS,TRDESP00601,TRDESP00601,유동성공급자,DATA,17,휴장호가스프레드값,NON-TRADING ORDER_ / SPREAD_VALUE,Float,22,,해외지수 관련 시장이 휴장시간인 경우의 해외지수ELW 스프레드값,
RDS,TRDESP00601,TRDESP00601,유동성공급자,DATA,18,매도최소호가금액,ASK_ORDER MINIMUM_AMOUNT,Float,22,,LP 매도호가시 호가금액이 충족해야 할 최소값,
RDS,TRDESP00601,TRDESP00601,유동성공급자,DATA,19,매수최소호가금액,BID_ORDER MINIMUM_AMOUNT,Float,22,,LP 매수호가시 호가금액이 충족해야 할 최소값,
RDS,TRDESP00701,TRDESP00701,자사주 신청정보,DATA,1,메세지일련번호,MESSAGE_SEQUENCE,Long,11,,메세지일련번호,
RDS,TRDESP00701,TRDESP00701,자사주 신청정보,DATA,2,트랜잭션코드,TRANSACTION_ / CODE,String,11,,TRDESP00701,
RDS,TRDESP00701,TRDESP00701,자사주 신청정보,DATA,3,시장ID,MARKET_ / IDENTIFICATION,String,3,,별첨-KRX 차세대 상품 ID체계 참고,
RDS,TRDESP00701,TRDESP00701,자사주 신청정보,DATA,4,전송일자,TRANSMIT_DATE,String,8,,YYYYMMDD / 데이터 생성일자,
RDS,TRDESP00701,TRDESP00701,자사주 신청정보,DATA,5,자사주신청일자,TREASURY STOCK_ / APPLICATION_ / DATE,String,8,,자사주매매 신청일자,
RDS,TRDESP00701,TRDESP00701,자사주 신청정보,DATA,6,증권그룹ID,SECURITIES  / GROUP_ / IDENTIFICATION,String,2,,별첨-KRX 차세대 상품 ID체계 참고,
RDS,TRDESP00701,TRDESP00701,자사주 신청정보,DATA,7,종목코드,ISSUE_CODE,String,12,,현물/파생/채권/REPO 통합상품의 종목 코드(ISIN종목코드),
RDS,TRDESP00701,TRDESP00701,자사주 신청정보,DATA,8,자사주신고서ID,TREASURY  / STOCK_ / STATEMENT_ / IDENTIFICATION,String,5,,"0 해당없음(0    ) / N 자사주직접일반(N    ) / S 자사주직접스탁옵션(S    ) / 1 ~ 99999 자사주신탁(신고서일련번호) /  / * 파생상품은 0 해당없음 사용 / * 유가증권은 자사주신탁일경우 신청서 입력시마다 발행되는 자사주신고서ID를 입력 / * 정정, 취소호가는 SPACE로 입력 / * 정정호가의 경우 원호가의 정보와 동일한 것으로 인정함 / * 경쟁대량매매호가는 SPACE로 입력",
RDS,TRDESP00701,TRDESP00701,자사주 신청정보,DATA,9,매도매수구분코드,ASK AND BID_TYPE_CODE,String,1,,"1 매도, 2 매수",
RDS,TRDESP00701,TRDESP00701,자사주 신청정보,DATA,10,자사주매매방법코드,TREASURY STOCK_TRADING_ / METHOD_CODE,String,1,,"0 해당없음 / 1 자사주일반 / 2 한은등 자사주 / 3 정부등 자사주 /  / * 파생상품은 0 해당없음 사용 / * 2,3 : 장종료후시간외대량 매수만 가능, 당일거래(매매거래의 종류) 관련 사용 / -> 자사주일반은 시간외대량 매수 불가 (매도만 가능) / * 3 : 장종료후시간외대량 매수시 상/하한가 제한 없음 / * 정정, 취소호가는 SPACE로 입력 / * 정정호가의 경우 원호가의 정보와 동일한 것으로 인정함 / * 경쟁대량매매호가는 SPACE로 입력",
RDS,TRDESP00701,TRDESP00701,자사주 신청정보,DATA,11,자사주신청시장참가자번호,TREASURY STOCK_ / APPLICATION_ / MAKET  / PARTICIPANT_ / float,String,5,,익일 자사주호가를 제출할 회원번호. 신고서의 5개 시장참가자번호중의 하나,
RDS,TRDESP00701,TRDESP00701,자사주 신청정보,DATA,12,시가단일가자사주신청수량,OPENING PRICE_SINGLE / PRICE CALL AUCTION_ / TREASURY STOCK_ / APPLICATION_ / QUANTITY,Long,12,,신고기간중의 신청일 시가단일가 신청 수량,
RDS,TRDESP00701,TRDESP00701,자사주 신청정보,DATA,13,접속매매자사주신청수량,CONTINOUS AUCTION_ / TREASURY STOCK_ / APPLICATION_ / QUANTITY,Long,12,,접속장에서 자사주 신청수량,
RDS,TRDESP00701,TRDESP00701,자사주 신청정보,DATA,14,시간외대량매매자사주신청수량,OFF-HOURS SESSION_BLOCK TRADE_TREASURY STOCK_ / APPLICATION_ / QUANTITY,Long,12,,신고기간중의 신청일 시간외시장 신청 수량,
RDS,TRDESP00801,TRDESP00801;TRDESP90801,장운영정보,DATA,1,메세지일련번호,MESSAGE_SEQUENCE,Long,11,,메세지일련번호,
RDS,TRDESP00801,TRDESP00801,장운영정보,DATA,2,트랜잭션코드,TRANSACTION_ / CODE,String,11,,TRDESP00801,
RDS,TRDESP00801,TRDESP00801,장운영정보,DATA,3,시장ID,MARKET_ / IDENTIFICATION,String,3,,별첨-KRX 차세대 상품 ID체계 참고,
RDS,TRDESP00801,TRDESP00801,장운영정보,DATA,4,전송일자,TRANSMIT_DATE,String,8,,YYYYMMDD / 데이터 생성일자,
RDS,TRDESP00801,TRDESP00801,장운영정보,DATA,5,영업일자,BUSINESS_DATE,String,8,,영업일자 *파생야간시장은 당일 거래일(T+1일),
RDS,TRDESP00801,TRDESP00801,장운영정보,DATA,6,보드ID,BOARD_ID,String,2,,별첨_보드ID 매핑 참고,
RDS,TRDESP00801,TRDESP00801,장운영정보,DATA,7,장운영상품그룹ID,TSC_PROD_GRP_ID,String,3,,장운영상품그룹ID 참고,
RDS,TRDESP00801,TRDESP00801,장운영정보,DATA,8,보드이벤트ID,BRD_EVT_ID,String,3,,별첨_장운영구분코드 매핑 참고,
RDS,TRDESP00801,TRDESP00801,장운영정보,DATA,9,보드이벤트시작시각,BRD_EVT_STRT_TM,String,9,,이벤트 처리 예정시각,
RDS,TRDESP00901,TRDESP00901,주식파생상품 기초자산 코드정보,DATA,1,메세지일련번호,MESSAGE_SEQUENCE,Long,11,,메세지일련번호,
RDS,TRDESP00901,TRDESP00901,주식파생상품 기초자산 코드정보,DATA,2,트랜잭션코드,TRANSACTION_ / CODE,String,11,,TRDESP00901,
RDS,TRDESP00901,TRDESP00901,주식파생상품 기초자산 코드정보,DATA,3,시장ID,MARKET_ / IDENTIFICATION,String,3,,별첨-KRX 차세대 상품 ID체계 참고,
RDS,TRDESP00901,TRDESP00901,주식파생상품 기초자산 코드정보,DATA,4,전송일자,TRANSMIT_DATE,String,8,,YYYYMMDD / 데이터 생성일자,
RDS,TRDESP00901,TRDESP00901,주식파생상품 기초자산 코드정보,DATA,5,영업일자,BUSINESS_DATE,String,8,,영업일자,
RDS,TRDESP00901,TRDESP00901,주식파생상품 기초자산 코드정보,DATA,6,종목코드,ISSUE_CODE,String,12,,현물/파생/채권/REPO 통합상품의 종목 코드(ISIN종목코드),
RDS,TRDESP00901,TRDESP00901,주식파생상품 기초자산 코드정보,DATA,7,기초자산ID,UNDERLYING  / ASSET_ / IDENTIFICATION,String,3,,별첨-KRX 차세대 상품 ID체계 참고,
RDS,TRDESP00901,TRDESP00901,주식파생상품 기초자산 코드정보,DATA,8,기조자산코드,ULY_CD,String,2,,기초자산의 표준 코드값,
RDS,TRDESP01001,TRDESP01001;TRDESP91001,파생종목정보,DATA,1,메세지일련번호,MESSAGE_SEQUENCE,Long,11,,메세지일련번호,
RDS,TRDESP01001,TRDESP01001,파생종목정보,DATA,2,트랜잭션코드,TRANSACTION_ / CODE,String,11,,TRDESP01001,
RDS,TRDESP01001,TRDESP01001,파생종목정보,DATA,3,시장ID,MARKET_ / IDENTIFICATION,String,3,,별첨-KRX 차세대 상품 ID체계 참고,
RDS,TRDESP01001,TRDESP01001,파생종목정보,DATA,4,전송일자,TRANSMIT_DATE,String,8,,YYYYMMDD / 데이터 생성일자,
RDS,TRDESP01001,TRDESP01001,파생종목정보,DATA,5,영업일자,BUSINESS_DATE,String,8,,영업일자 (당일/익일) *파생야간시장은 전일(T일)/당일(T+1일),
RDS,TRDESP01001,TRDESP01001,파생종목정보,DATA,6,증권그룹ID,SECURITIES  / GROUP_ / IDENTIFICATION,String,2,,별첨-KRX 차세대 상품 ID체계 참고,
RDS,TRDESP01001,TRDESP01001,파생종목정보,DATA,7,기초자산ID,UNDERLYING  / ASSET_ / IDENTIFICATION,String,3,,별첨-KRX 차세대 상품 ID체계 참고,
RDS,TRDESP01001,TRDESP01001,파생종목정보,DATA,8,기초자산코드,UNDERLYING CODE,String,2,,ISIN표준코드’ 체계의 ‘대상물코드’를 사용,
RDS,TRDESP01001,TRDESP01001,파생종목정보,DATA,9,상품ID,CLASS_ID,String,11,,별첨-KRX 차세대 상품 ID체계 참고,
RDS,TRDESP01001,TRDESP01001,파생종목정보,DATA,10,종목코드,ISSUE_CODE,String,12,,현물/파생/채권/REPO 통합상품의 종목 코드(ISIN종목코드),
RDS,TRDESP01001,TRDESP01001,파생종목정보,DATA,11,시장한글명,MARKET_ / KOREAN_NAME,String,80,,시장의 한글 명칭,
RDS,TRDESP01001,TRDESP01001,파생종목정보,DATA,12,시장영문명,MARKET_ / ENGLISH_NAME,String,80,,시장의 영문 명칭,
RDS,TRDESP01001,TRDESP01001,파생종목정보,DATA,13,증권그룹한글명,SECURITIES  / GROUP_ / KOREAN_NAME,String,80,,증권그룹의 한글명칭,
RDS,TRDESP01001,TRDESP01001,파생종목정보,DATA,14,증권그룹영문명,SECURITIES  / GROUP_ / ENGLISH_NAME,String,80,,증권그룹의 영문명칭,
RDS,TRDESP01001,TRDESP01001,파생종목정보,DATA,15,기초자산한글명,UNDERLYING  / ASSET_ / KOREAN_NAME,String,80,,"대상자산의 한글 명칭(코스피200지수, 금, 미국달러), 종목인 경우 종목의 한글약명칭(삼성전자)",
RDS,TRDESP01001,TRDESP01001,파생종목정보,DATA,16,기초자산영문명,UNDERLYING  / ASSET_ / ENGLISH_NAME,String,80,,대상자산의 영문 명칭,
RDS,TRDESP01001,TRDESP01001,파생종목정보,DATA,17,종목단축코드,ISSUE_SHORTEN_ / CODE,String,9,,"12자리 표준코드에 대한 단축코드 / 주권,외국주권,KDR,증권투자회사,REITS,ETF,선박 : A로시작(7자리) / 수익증권 : F로시작(9자리), / 신주인수권증권,증서 : J로시작(9자리) / ELW: J로시작(7자리) / ETN: Q로시작(7자리) / 선물.옵션 : K로시작(9자리)",
RDS,TRDESP01001,TRDESP01001,파생종목정보,DATA,18,종목한글명,ISSUE_KOREAN_ / NAME,String,80,,종목의 한글명칭(삼성전자 보통주),
RDS,TRDESP01001,TRDESP01001,파생종목정보,DATA,19,종목영문명,ISSUE_ENGLISH_ / NAME,String,80,,종목의 영문명칭(Samsung Electronic Company),
RDS,TRDESP01001,TRDESP01001,파생종목정보,DATA,20,종목영문약명,ISSUE_ENGLISH_ / ABBREVIATION,String,40,,종목의 영문약명(Samsung Elec),
RDS,TRDESP01001,TRDESP01001,파생종목정보,DATA,21,상장일자,LISTING_DATE,String,8,,종목의 상장일자,
RDS,TRDESP01001,TRDESP01001,파생종목정보,DATA,22,상장유형코드,LISTING_TYPE_CODE,String,1,,"1 신규상장 , 2 추가설정, 3 기존종목 / 4 최초상장,  5 종목조정, 6 특별설정",
RDS,TRDESP01001,TRDESP01001,파생종목정보,DATA,23,ME그룹번호,ME_GRP_NO,string,2,,매칭엔진 그룹번호,신규
RDS,TRDESP01001,TRDESP01001,파생종목정보,DATA,24,결제월,EXPIRATION MONTH,String,6,,결제월(YYYYMM),
RDS,TRDESP01001,TRDESP01001,파생종목정보,DATA,25,최종거래일자,LAST TRADING_ / DATE,String,8,,최종거래일자,
RDS,TRDESP01001,TRDESP01001,파생종목정보,DATA,26,최종결제일자,LAST_ / SETTLEMENT_DATE,String,8,,최종결제일자,
RDS,TRDESP01001,TRDESP01001,파생종목정보,DATA,27,만기일자,EXPIRATION_DATE,String,8,,일반적으로 각 상품의 효력이 미치는 최종일  / 파생상품군 : 권리행사 가능한 최종일자  / 채권 : 채권 상환일자,
RDS,TRDESP01001,TRDESP01001,파생종목정보,DATA,28,거래단위,CONTRACT SIZE,Float,22,,"1계약에 해당하는 기초자산 수량(3년국채선물:1억원 달러선물:5만달러 엔선물:5백만엔, 주식옵션/주식선물 : 10주, RFR선물 : 10억원)",변경
RDS,TRDESP01001,TRDESP01001,파생종목정보,DATA,29,거래승수,SETTLEMENT MULTIPLIER,Float,22,,"약정대금 및 결제시 사용하는 계산승수(KOSPI200선물:50만, KOSPI200옵션:10만, 국채선물:100만, CD선물:125만, 주식옵션:10, 주식선물:10)",
RDS,TRDESP01001,TRDESP01001,파생종목정보,DATA,30,행사가격,EXERCISE_PRICE,Float,18,,옵션에서 권리를 행사할 때 적용되는 가격,
RDS,TRDESP01001,TRDESP01001,파생종목정보,DATA,31,ATM구분코드,AT THE MONEY_TYPE_CODE,String,1,,0:해당없음(선물) / 1:ATM / 2:ITM / 3:OTM,
RDS,TRDESP01001,TRDESP01001,파생종목정보,DATA,32,조회용행사가격,FOR INQUIRY_ / EXERCISE_PRICE,Float,18,,"주식옵션거래의 조정된 행사가격은 10원 단위에서 반올림하여 100원 단위로 표시. 이 경우 동일하게 표시되는 행사가격이 발생하는 때에는 표시되는 행사가격이 구분되는 때까지 1원 단위, 소수점 첫째자리 등에서 순차적으로 반올림하여 행사가격을 표시함",
RDS,TRDESP01001,TRDESP01001,파생종목정보,DATA,33,정리매매여부,ARRANGEMENT TRADE_YES OR NO,String,1,,"Y, N",
RDS,TRDESP01001,TRDESP01001,파생종목정보,DATA,34,거래정지여부,TRADING HALT_ / YES OR NO,String,1,,"Y, N",
RDS,TRDESP01001,TRDESP01001,파생종목정보,DATA,35,거래정지사유코드,HALT_RSN_CD,String,3,,"기초자산이 주식인 경우, 기초자산의 거래정지 사유코드",
RDS,TRDESP01001,TRDESP01001,파생종목정보,DATA,36,거래정지개시일자,HALT_STRT_DD,String,8,,거래정지가 시작된 일자,
RDS,TRDESP01001,TRDESP01001,파생종목정보,DATA,37,거래정지종료일자,HALT_END_DD,String,8,,거래정지가 종료되는 일자,
RDS,TRDESP01001,TRDESP01001,파생종목정보,DATA,38,최종결제방법코드,LAST_ / SETTLEMENT_ / METHOD_CODE,String,1,,C:현금결제 / D:실물인수도결제,
RDS,TRDESP01001,TRDESP01001,파생종목정보,DATA,39,권리유형코드,RIGHT_TYPE_CODE,String,1,,C 콜 / P 풋,
RDS,TRDESP01001,TRDESP01001,파생종목정보,DATA,40,권리행사유형코드,EXERCISE_ / TYPE_CODE,String,1,,A 미국형 / E 유럽형 / Z 기타,
RDS,TRDESP01001,TRDESP01001,파생종목정보,DATA,41,조정구분코드,ADJUSTMENT_ / TYPE_CODE,String,1,,C 거래승수조정 / N 조정없음 / O 미결제조정,
RDS,TRDESP01001,TRDESP01001,파생종목정보,DATA,42,월물구분코드,MONTH GOODS_ / TYPE_CODE,String,1,,"1:최근월물,선물스프레드 / 2:2째월물  / 3:3째월물 / 4:4째월물 / 5:5째월물 / 6:6째월물 / 7:7째월물 / 8:8째월물 / 9:9째월물 / A:10째월물 / B:11째월물 등",
RDS,TRDESP01001,TRDESP01001,파생종목정보,DATA,43,스프레드기준종목구분코드,SPREAD_BASE_ / ISSUE_TYPE_CODE,String,1,,스프레드의 기준이 되는 종목의 ISIN 표준코드. 시간스프레드와 가격스프레드별로 다르게 정의 / ▦▦코드값▦▦ / F: 원월물(시간스프레드) / N: 근월물(시간스프레드) / H: 고가물(가격스프레드) / L: 저가물(가격스프레드) / C: 단기물(상품간스프레드),
RDS,TRDESP01001,TRDESP01001,파생종목정보,DATA,44,스프레드구성종목코드1,SPD_COMPST_ISU_CD1,String,12,,"시간스프레드인 경우 근월물, 가격스프레드인 경우 ATM물, 상품간스프레드인 경우 기준상품 월물의 ISIN 표준코드",
RDS,TRDESP01001,TRDESP01001,파생종목정보,DATA,45,스프레드구성종목코드2,SPD_COMPST_ISU_CD2,String,12,,"시간스프레드인 경우 원월물, 가격스프레드인 경우 비ATM물, 상품간스프레드인 경우 부대상품 월물의 ISIN 표준코드",
RDS,TRDESP01001,TRDESP01001,파생종목정보,DATA,46,기초자산종목코드,UNDERLYING  / ASSET_ISSUE_ / CODE,String,12,,주식종목이 기초자산이 되는 종목코드,
RDS,TRDESP01001,TRDESP01001,파생종목정보,DATA,47,장운영상품그룹ID,MARKET / OPERATION_ / GROUP_CODE,String,3,,"동일한 장운영(TSC, Trading Schedule Control) 대상이 되는 상품들의 집합을 식별하기 위한 ID. 동일한 스케줄로 제어되는 논리적인 단위",
RDS,TRDESP01001,TRDESP01001,파생종목정보,DATA,48,잔존일수,REMAINING_DAYS,Long,8,,파생종목의 최종거래일전 남은 일수,
RDS,TRDESP01001,TRDESP01001,파생종목정보,DATA,49,시장조성구분코드,MARKET MAKING_TYPE_ / CODE,String,1,,0 미시장조성종목 / 1 시장조성종목,
RDS,TRDESP01001,TRDESP01001,파생종목정보,DATA,50,최종체결시각,LAST_TRADING_TIME,String,9,,최종체결시각,
RDS,TRDESP01001,TRDESP01001,파생종목정보,DATA,51,최초체결일자,FIRST_TRADING_ / DATE,String,8,,최초체결일자,
RDS,TRDESP01001,TRDESP01001,파생종목정보,DATA,52,지정가호가취소조건코드,LIMIT PRICE_ / ORDER_CONDITION_ / TYPE_CODE,Long,5,,호가의 체결 및 잔류조건. Bitwise 정의 / 1: FAS (Fill And Stay) / 2: FOK (Fill Or Kill) / 4: FAK (Fill And Kill),
RDS,TRDESP01001,TRDESP01001,파생종목정보,DATA,53,시장가호가취소조건코드,MARKET PRICE_ORDER_ / CONDITION_TYPE_ / CODE,Long,5,,호가의 체결 및 잔류조건. Bitwise 정의 / 1: FAS (Fill And Stay) / 2: FOK (Fill Or Kill) / 4: FAK (Fill And Kill),
RDS,TRDESP01001,TRDESP01001,파생종목정보,DATA,54,조건부지정가취소호가조건코드,CONDITIONAL  / LIMIT PRICE_ / ORDER_CONDITION_ / TYPE_CODE,Long,5,,호가의 체결 및 잔류조건. Bitwise 정의 / 1: FAS (Fill And Stay) / 2: FOK (Fill Or Kill) / 4: FAK (Fill And Kill),
RDS,TRDESP01001,TRDESP01001,파생종목정보,DATA,55,최유리지정가취소호가조건코드,BEST LIMIT PRICE_ORDER_ / CONDITION_TYPE_ / CODE,Long,5,,호가의 체결 및 잔류조건. Bitwise 정의 / 1: FAS (Fill And Stay) / 2: FOK (Fill Or Kill) / 4: FAK (Fill And Kill),
RDS,TRDESP01001,TRDESP01001,파생종목정보,DATA,56,최우선지정가취소호가조건코드,LIMIT PRICE OF / FIRST BEST ORDER_ORDER_ / CONDITION_TYPE_ / CODE,Long,5,,호가의 체결 및 잔류조건. Bitwise 정의 / 1: FAS (Fill And Stay) / 2: FOK (Fill Or Kill) / 4: FAK (Fill And Kill),
RDS,TRDESP01001,TRDESP01001,파생종목정보,DATA,57,상한가,UPPER LIMIT PRICE,String,11,,상한가격,
RDS,TRDESP01001,TRDESP01001,파생종목정보,DATA,58,하한가,LOWER LIMIT PRICE,String,11,,하한가격,
RDS,TRDESP01001,TRDESP01001,파생종목정보,DATA,59,기준가격,BASE PRICE,String,11,,"기준가격, 급격한 변동에 의해 입력되거나 계산되어 산출되는 값",
RDS,TRDESP01001,TRDESP01001,파생종목정보,DATA,60,기준가격구분코드,BASE_PRICE_TYPE_ / CODE,String,2,,"11 전일정산가 / 12 전일기준가(거래성립전 종가미형성) / 13 당일이론가(거래성립전 종가미형성, FLEX종목) / 14 전일기세(거래성립전 기세형성) / 15 당일이론가(거래성립전 기세형성) / 16 조정된 전일정산가 / 17 조정된 전일기준가(거래성립전 종가미형성) / 18 조정된 전일기세(거래성립전 기세형성) / 19 전일 대상자산 종가(이론가없는 상품) / 21 전일증거금기준가 / 22 전일기준가(거래성립전 종가미형성) / 23 당일이론가(거래성립전 종가미형성) / 24 전일기세(거래성립전 기세형성) / 25 조정된 전일",
RDS,TRDESP01001,TRDESP01001,파생종목정보,DATA,61,기준가격적용최대이론가격,BASE_PRICE_ / APPLICATION_ / MAXIMUM_ / THEORY_PRICE,Float,16,,기준가격적용최대이론가격,
RDS,TRDESP01001,TRDESP01001,파생종목정보,DATA,62,정산가격,SETTLEMENT_PRICE,Float,18,,선물종목의 정산가격,
RDS,TRDESP01001,TRDESP01001,파생종목정보,DATA,63,정산가격구분코드,SETTLEMENT_ / PRICE_TYPE_CODE,String,2,,[선물] / 10 정산가없음 / 11 당일종가 (실세) / 12 당일기세 (거래성립후기세) / 13 전일정산가(거래성립후 종가미형성) / 14 당일이론가(거래성립후 종가미형성) / 15 스프레드분 종가 / 16 조정된 전일 정산가 / 17 대상자산 종가 / 18:정산기준가격 / 19:차용정산가격 / 40:최우선매수호가 / 41:최우선매도호가,변경
RDS,TRDESP01001,TRDESP01001,파생종목정보,DATA,64,증거금기준가격,MARGIN_BASE_PRICE,Float,18,,옵션종목의 증거금기준가격,
RDS,TRDESP01001,TRDESP01001,파생종목정보,DATA,65,증거금기준가격구분코드,MARGIN_BASE_ / PRICE_TYPE_CODE,String,2,,[옵션] / 20 증거금 기준가 없음 / 21 당일종가(실세) / 22 당일기세(거래성립후기세) / 23 전일증거금기준가(거래성립후 종가미형성) / 24 당일이론가(거래성립후 종가미형성) / 25 조정전일증거금기준가(거래성립후 종가미형성),
RDS,TRDESP01001,TRDESP01001,파생종목정보,DATA,66,종가,CLOSING PRICE,String,11,,"파생야간 종가 /  - 종가구분코드 '3'(거래무)인 경우, /    종가는 0 임",
RDS,TRDESP01001,TRDESP01001,파생종목정보,DATA,67,종가구분코드,CLOSING PRICE_TYPE_CODE,String,1,,1:실세 / 2:기세 / 3:거래무 / 4:시가기준가종목의 기세,
RDS,TRDESP01001,TRDESP01001,파생종목정보,DATA,68,선물CIRCUIT_BREAKERS상한가,FUTURE CIRCUIT BREAKERS_UPPER LIMIT PRICE,String,11,,선물 CB 발동조건을 판단하기 위한 상한가격 (기준가대비 +/- 5 % CB 발동 조건인경우 +5% 계산한 가격),
RDS,TRDESP01001,TRDESP01001,파생종목정보,DATA,69,선물CIRCUIT_BREAKERS하한가,FUTURE CIRCUIT BREAKERS_LOWER LIMIT PRICE,String,11,,선물 CB 발동조건을 판단하기 위한 하한가격 (기준가대비 +/- 5 % CB 발동 조건인경우 -5% 계산한 가격),
RDS,TRDESP01001,TRDESP01001,파생종목정보,DATA,70,I/F가격부호사용여부,I/F PRICE_SIGN USE YES_OR_NO,String,1,,전문상의 가격에 '-' 사용가능여부,
RDS,TRDESP01001,TRDESP01001,파생종목정보,DATA,71,I/F가격정수유효자리수,I/F INTEGER VALID  / DIGIT,Long,3,,전문상의 가격에 정수부 최대 유효자리수,
RDS,TRDESP01001,TRDESP01001,파생종목정보,DATA,72,I/F가격소수유효자리수,I/F FRACTION VALID DIGIT,Long,3,,전문상의 가격에 소수부 최대 유효자리수,
RDS,TRDESP01001,TRDESP01001,파생종목정보,DATA,73,유동성관리여부,LIQU_ADM_YN,String,1,,"Y,N",
RDS,TRDESP01001,TRDESP01001,파생종목정보,DATA,74,휴장여부,NONTR_YN,String,1,,"Y, N",
RDS,TRDESP01001,TRDESP01001,파생종목정보,DATA,75,휴장사유코드,NONTR_RSN_CD,String,2,,01:축산물 도매시장 과반수 휴장 / 02:시장관리상,
RDS,TRDESP01001,TRDESP01001,파생종목정보,DATA,76,실시간가격제한여부,DYNMC_PRC_LMT_YN,String,1,,"Y,N / 직전 체결가격 대비 특정 범위를 초과하는 호가는 거부하도록 제한할지 여부",
RDS,TRDESP01001,TRDESP01001,파생종목정보,DATA,77,I/F실시간상한가간격,IF_DYNMC_UPLMTPRC_INTVAL,String,11,,직전 체결가격과 실시간상한가와의 간격. 실시간상한가 = 직전 체결가격 + 실시간상한가간격,
RDS,TRDESP01001,TRDESP01001,파생종목정보,DATA,78,I/F실시간하한가간격,IF_DYNMC_LWLMTPRC_INTVAL,String,11,,직전 체결가격과 실시간하한가와의 간격. 실시간하한가 = 직전 체결가격 + 실시간하한가간격 (음수 가능),
RDS,TRDESP01001,TRDESP01001,파생종목정보,DATA,79,협의대량매매기준종목코드,NEGO_BLKTRD_BAS_ISU_CD,String,12,,협의대량매매 호가가능범위 판단의 기준이 되는 종목여부,
RDS,TRDESP01001,TRDESP01001,파생종목정보,DATA,80,가격제한확대적용방향코드,PLE_APPL_DIRCT_CD,string,1,,가격제한이 다단계로 정의되는 경우 다음 단계로 확대되는 요건을 충족할 때 확대를 수행하는 방향 / ▦▦코드값▦▦ / X: 미적용 / F: 정방향 / B: 역방향 / T: 양방향,
RDS,TRDESP01001,TRDESP01001,파생종목정보,DATA,81,가격제한최종단계,PRC_LMT_LST_STEP,long,3,,가격제한이 다단계로 정의되는 경우 제한의 최종단계번호,
RDS,TRDESP01001,TRDESP01001,파생종목정보,DATA,82,I/F상한수량,IF_UPLMT_QTY,long,16,,호가상한수량 (메인보드),
RDS,TRDESP01001,TRDESP01001,파생종목정보,DATA,83,I/F하한수량,IF_LWLMT_QTY,long,16,,호가하한수량 (메인보드),
RDS,TRDESP01001,TRDESP01001,파생종목정보,DATA,84,I/F협의대량매매상한수량,IF_NEGO_BLKTRD_UPLMT_QTY,long,16,,협의대량매매호가상한수량,
RDS,TRDESP01001,TRDESP01001,파생종목정보,DATA,85,I/F협의대량매매하한수량,IF_NEGO_BLKTRD_LWLMT_QTY,long,16,,협의대량매매호가하한수량,
RDS,TRDESP01001,TRDESP01001,파생종목정보,DATA,86,결제주,EXPWW,String,2,,결제주(WN),
RDS,TRDESP01001,TRDESP01001,파생종목정보,DATA,87,기준상품ID,BAS_PROD_ID,string,11,,기준상품ID,
RDS,TRDESP01001,TRDESP01001,파생종목정보,DATA,88,부대상품ID,SUB_PROD_ID,string,11,,부대상품ID,
RDS,TRDESP01001,TRDESP01001,파생종목정보,DATA,89,기준상품 종목수,BAS_PROD_ISU_CNT,long,6,,상품간 스프레드 1계약 구성상품중 기준상품의 계약수,
RDS,TRDESP01001,TRDESP01001,파생종목정보,DATA,90,부대상품 종목수,SUB_PROD_ISU_CNT,long,6,,상품간 스프레드 1계약 구성상품중 부대상품의 계약수,
RDS,TRDESP01001,TRDESP01001,파생종목정보,DATA,91,휴면여부,DORM_YN,String,1,,휴면여부,
RDS,TRDESP01001,TRDESP01001,파생종목정보,DATA,92,휴면지정일자,DORM_DESIGN_DD,String,8,,휴면지정일자,
RDS,TRDESP01001,TRDESP01001,파생종목정보,DATA,93,가격단위규칙ID,PRC_UNIT_RULE_ID,String,10,,호가를 제출할 수 있는 가격의 최소단위를 제한하는 규칙을 식별하기 위한 ID,
RDS,TRDESP01101,TRDESP01101,파생종목 조정,DATA,1,메세지일련번호,MESSAGE_SEQUENCE,Long,11,,메세지일련번호,
RDS,TRDESP01101,TRDESP01101,파생종목 조정,DATA,2,트랜잭션코드,TRANSACTION_ / CODE,String,11,,TRDESP01101,
RDS,TRDESP01101,TRDESP01101,파생종목 조정,DATA,3,시장ID,MARKET_ / IDENTIFICATION,String,3,,별첨-KRX 차세대 상품 ID체계 참고,
RDS,TRDESP01101,TRDESP01101,파생종목 조정,DATA,4,전송일자,TRANSMIT_DATE,String,8,,YYYYMMDD / 데이터 생성일자,
RDS,TRDESP01101,TRDESP01101,파생종목 조정,DATA,5,영업일자,BUSINESS_DATE,String,8,,영업일자,
RDS,TRDESP01101,TRDESP01101,파생종목 조정,DATA,6,종목코드,ISSUE_CODE,String,12,,현물/파생/채권/REPO 통합상품의 종목 코드(ISIN종목코드),
RDS,TRDESP01101,TRDESP01101,파생종목 조정,DATA,7,조정계수1,ADJ_FACTR_1,Float,22,,조정전 가격계수(Old Contract Price factor),
RDS,TRDESP01101,TRDESP01101,파생종목 조정,DATA,8,조정계수2,ADJ_FACTR_2,Float,22,,조정후 가격계수(Adjusted Contract Price factor),
RDS,TRDESP01101,TRDESP01101,파생종목 조정,DATA,9,조정전거래승수,BFADJ_SETLMULT,Float,22,,,
RDS,TRDESP01101,TRDESP01101,파생종목 조정,DATA,10,조정후거래승수,AFADJ_SETLMULT,Float,22,,조정전거래승수 × (조정계수1 ÷ 조정계수2),
RDS,TRDESP01101,TRDESP01101,파생종목 조정,DATA,11,조정전가격,BFADJ_PRC,Float,18,,"선물:정산가격, 옵션:행사가격",
RDS,TRDESP01101,TRDESP01101,파생종목 조정,DATA,12,조정후가격,AFADJ_PRC,Float,18,,"선물:정산가격, 옵션:행사가격 / 조정전가격 × (조정계수2 ÷ 조정계수1)",
RDS,TRDESP01101,TRDESP01101,파생종목 조정,DATA,13,미결제약정수량조정계수,OPNINT_QTY_ / ADJ_FACTR,Long,6,,ex) 값이 2일 경우 미결제잔고를 2배로 증가시킴(초기값 0),
RDS,TRDESP01201,TRDESP01201,현물종목이벤트,DATA,1,메세지일련번호,MESSAGE_SEQUENCE,Long,11,,메세지일련번호,
RDS,TRDESP01201,TRDESP01201,현물종목이벤트,DATA,2,트랜잭션코드,TRANSACTION_ / CODE,String,11,,TRDESP01201,
RDS,TRDESP01201,TRDESP01201,현물종목이벤트,DATA,3,시장ID,MARKET_ / IDENTIFICATION,String,3,,별첨-KRX 차세대 상품 ID체계 참고,
RDS,TRDESP01201,TRDESP01201,현물종목이벤트,DATA,4,전송일자,TRANSMIT_DATE,String,8,,YYYYMMDD / 데이터 생성일자,
RDS,TRDESP01201,TRDESP01201,현물종목이벤트,DATA,5,영업일자,BUSINESS_DATE,String,8,,영업일자,
RDS,TRDESP01201,TRDESP01201,현물종목이벤트,DATA,6,증권그룹ID,SECURITIES  / GROUP_ / IDENTIFICATION,String,2,,별첨-KRX 차세대 상품 ID체계 참고,
RDS,TRDESP01201,TRDESP01201,현물종목이벤트,DATA,7,종목코드,ISSUE_CODE,String,12,,현물/파생/채권/REPO 통합상품의 종목 코드(ISIN종목코드),
RDS,TRDESP01201,TRDESP01201,현물종목이벤트,DATA,8,이벤트종류코드,EVENT_KIND_CODE,String,2,,"거래정지, 관리종목 등 이벤트의 종류 / ▦▦코드값▦▦ / 01: 거래정지 / 02: 관리종목 / 03: 불성실공시법인 / 04: 정리매매 / 05: 우회상장 / 06: 대용증권효력정지 / 07: 지배구조우량기업 / 09: Regulation S / 11: 투자주의환기종목 / 12: 단기과열종목 / 13. 휴장 / 14. 초저유동성종목 / 15: 투자유의채권 / 16: 이상급등종목 / 17: 공매도과열종목 / 18: LP의무소멸종목 / 19: 투자유의종목 / 20: 상장주식수부족종목 / 21: 저PBR종목",
RDS,TRDESP01201,TRDESP01201,현물종목이벤트,DATA,9,이벤트발생사유코드,EVENT_OCCURRENCE_REASON_CODE,String,4,,"이벤트종류코드 03, 04, 07, 09, 14, 17, 21에 대해서는 '0000' SET",
RDS,TRDESP01201,TRDESP01201,현물종목이벤트,DATA,10,이벤트개시일자,EVENT_START_ / DATE,String,8,,종목 이벤트 시작일자,
RDS,TRDESP01201,TRDESP01201,현물종목이벤트,DATA,11,이벤트종료일자,EVENT_END_DATE,String,8,,종목 이벤트 종료일자,
RDS,TRDESP01302,TRDESP01302,현물종목정보,DATA,1,메세지일련번호,MESSAGE_SEQUENCE,Long,11,,메세지일련번호,
RDS,TRDESP01301,TRDESP01301,현물종목정보,DATA,2,트랜잭션코드,TRANSACTION_ / CODE,String,11,,TRDESP01301,
RDS,TRDESP01301,TRDESP01301,현물종목정보,DATA,3,시장ID,MARKET_ / IDENTIFICATION,String,3,,별첨-KRX 차세대 상품 ID체계 참고,
RDS,TRDESP01301,TRDESP01301,현물종목정보,DATA,4,전송일자,TRANSMIT_DATE,String,8,,YYYYMMDD / 데이터 생성일자,
RDS,TRDESP01301,TRDESP01301,현물종목정보,DATA,5,영업일자,BUSINESS_DATE,String,8,,영업일자 (당일/익일),
RDS,TRDESP01301,TRDESP01301,현물종목정보,DATA,6,증권그룹ID,SECURITIES  / GROUP_ / IDENTIFICATION,String,2,,별첨-KRX 차세대 상품 ID체계 참고,
RDS,TRDESP01301,TRDESP01301,현물종목정보,DATA,7,종목코드,ISSUE_CODE,String,12,,현물/파생/채권/REPO 통합상품의 종목 코드(ISIN종목코드),
RDS,TRDESP01301,TRDESP01301,현물종목정보,DATA,8,시장한글명,MARKET_ / KOREAN_NAME,String,80,,시장의 한글 명칭,
RDS,TRDESP01301,TRDESP01301,현물종목정보,DATA,9,시장영문명,MARKET_ / ENGLISH_NAME,String,80,,시장의 영문 명칭,
RDS,TRDESP01301,TRDESP01301,현물종목정보,DATA,10,증권그룹한글명,SECURITIES  / GROUP_ / KOREAN_NAME,String,80,,증권그룹의 한글명칭,
RDS,TRDESP01301,TRDESP01301,현물종목정보,DATA,11,증권그룹영문명,SECURITIES  / GROUP_ / ENGLISH_NAME,String,80,,증권그룹의 영문명칭,
RDS,TRDESP01301,TRDESP01301,현물종목정보,DATA,12,종목단축코드,ISSUE_SHORTEN_ / CODE,String,9,,"12자리 표준코드에 대한 단축코드 / 주권,외국주권,KDR,증권투자회사, REITS, ETF,선박 : A로시작(7자리) / 수익증권 : F로시작(9자리), / 신주인수권증권,증서 : J로시작(9자리) / ELW: J로시작(7자리) / ETN: Q로시작(7자리) / 선물.옵션 : K로시작(9자리)",
RDS,TRDESP01301,TRDESP01301,현물종목정보,DATA,13,종목한글명,ISSUE_KOREAN_ / NAME,String,80,,종목의 한글명칭(삼성전자 보통주),
RDS,TRDESP01301,TRDESP01301,현물종목정보,DATA,14,종목한글약명,ISSUE_KOREAN_ / ABBREVIATION,String,40,,종목의 한글약명(삼성전자),
RDS,TRDESP01301,TRDESP01301,현물종목정보,DATA,15,종목영문명,ISSUE_ENGLISH_ / NAME,String,80,,종목의 영문명칭(Samsung Electronic Company),
RDS,TRDESP01301,TRDESP01301,현물종목정보,DATA,16,종목영문약명,ISSUE_ENGLISH_ / ABBREVIATION,String,40,,종목의 영문약명(Samsung Elec),
RDS,TRDESP01301,TRDESP01301,현물종목정보,DATA,17,상장일자,LISTING_DATE,String,8,,종목의 상장일자,
RDS,TRDESP01301,TRDESP01301,현물종목정보,DATA,18,상장폐지일자,DELISTING_DATE,String,8,,종목의 상장폐지일자,
RDS,TRDESP01301,TRDESP01301,현물종목정보,DATA,19,장운영상품그룹ID,MARKET  / OPERATION_ / GROUP_CODE,String,3,,"동일한 장운영(TSC, Trading Schedule Control) 대상이 되는 상품들의 집합을 식별하기 위한 ID. 동일한 스케줄로 제어되는 논리적인 단위",
RDS,TRDESP01301,TRDESP01301,현물종목정보,DATA,20,ME그룹번호,ME_GRP_NO,string,2,,매칭엔진 그룹번호,
RDS,TRDESP01301,TRDESP01301,현물종목정보,DATA,21,중소기업여부,SMALL AND  / MEDIUM-SIZED COMPANY_ / YES OR NO,String,1,,"Y, N",
RDS,TRDESP01301,TRDESP01301,현물종목정보,DATA,22,표준산업코드,STANDARD_ / INDUSTRY_CODE,String,6,,표준산업코드,
RDS,TRDESP01301,TRDESP01301,현물종목정보,DATA,23,지배구조우량여부,GOVERNANCE_ / EXCELLENCE_ / YES OR NO,String,1,,"Y, N",
RDS,TRDESP01301,TRDESP01301,현물종목정보,DATA,24,상한가,UPPER LIMIT PRICE,String,11,,상한가격,
RDS,TRDESP01301,TRDESP01301,현물종목정보,DATA,25,하한가,LOWER LIMIT PRICE,String,11,,하한가격,
RDS,TRDESP01301,TRDESP01301,현물종목정보,DATA,26,기준가격,BASE_PRICE,String,11,,기준가격,
RDS,TRDESP01301,TRDESP01301,현물종목정보,DATA,27,LP주문가능여부,LIQUID  / PROVIDER_ / ORDER_ / POSSIBILITY_ / YES OR NO,String,1,,"Y, N",
RDS,TRDESP01301,TRDESP01301,현물종목정보,DATA,28,국가코드,COUNTRY_CODE,String,3,,"* 국가코드표 참조 ISO3166-1적용 (Number-3) 없으면 거부 /   - ISO에 없는 코드 추가 : 997, 998, 999 (대한민국국민인해외영주권자, 국제기구, 기타) /   - 기존코드에는 분류되어 있으나 ISO에는 구분없는 코드 신규 생성 : 991, 992 (말레이지아 라부안, 채널아일랜드) /  / * 정정, 취소호가는 SPACE로 입력",
RDS,TRDESP01301,TRDESP01301,현물종목정보,DATA,29,상장사종목코드,LISTED COMPANY_ / ISSUE_CODE,String,12,,상장사의 보통주 ISIN코드,
RDS,TRDESP01301,TRDESP01301,현물종목정보,DATA,30,영문심볼,ENGLISH_SYMBOL,String,40,,종목명칭 약자 / 예.삼성전자(SEC),
RDS,TRDESP01301,TRDESP01301,현물종목정보,DATA,31,우선주구분코드,PREFERRED  / STOCK_TYPE_ / CODE,String,1,,0 해당없음 / 1 구형우선주 / 2 신형우선주 / 9 종류주권,
RDS,TRDESP01301,TRDESP01301,현물종목정보,DATA,32,자본금,CAPITAL,Float,22,,"일반적으로 [상장주식수 x 액면가]이나, 이익소각 등의 사유로 자본금보정금액이 발생하면 이를 더함. MF는 입력값",
RDS,TRDESP01301,TRDESP01301,현물종목정보,DATA,33,자본금보정금액,CAPITAL_ / CORRECTION_ / AMOUNT,Float,22,,이익소각 등에 의해 소각이 발생한 자본금 총액,
RDS,TRDESP01301,TRDESP01301,현물종목정보,DATA,34,상장주선사시장참가자번호,LISTING_AGENCY COMPANY_MAKET PARTICIPANT_ / float,String,5,,시장참가자의 번호,
RDS,TRDESP01301,TRDESP01301,현물종목정보,DATA,35,재상장여부,RE-LISTING_ / YES OR NO,String,1,,"Y,N",
RDS,TRDESP01301,TRDESP01301,현물종목정보,DATA,36,국민주여부 등,PEOPLE'S STOCK_YES OR NO,String,1,,"Y, N",
RDS,TRDESP01301,TRDESP01301,현물종목정보,DATA,37,시가기준가격종목여부,OPENING PRICE_BASE_ / PRICE_ISSUE_ / YES OR NO,String,1,,시가기준가격종목여부,
RDS,TRDESP01301,TRDESP01301,현물종목정보,DATA,38,기준가격변경종목여부,BASE_PRICE_ / CHANGE_ISSUE_ / YES OR NO,String,1,,"액면가격변경,증자 등에 의한 기준가격 변경여부",
RDS,TRDESP01301,TRDESP01301,현물종목정보,DATA,39,액면가변경구분코드,PAR VALUE_ / CHANGE_TYPE_ / CODE,String,2,,00:해당없음 / 01:액면분할 / 02:액면병합 / 03:주식분할 / 04:주식병합 / 99:기타,
RDS,TRDESP01301,TRDESP01301,현물종목정보,DATA,40,재평가종목사유코드,RE-VALUATION_ / ISSUE_REASON_ / CODE,String,2,,재평가종목사유코드 / 00:해당없음 / 01:회사분할 / 02:자본감소 / 03:장기간정지 / 04:초과분배 / 05:대규모배당 / 06:회사분할합병 / 07:ETN증권병합분할 / 08:신종증권기세조정 / 99:기타,
RDS,TRDESP01301,TRDESP01301,현물종목정보,DATA,41,락구분코드,OFF_TYPE_CODE,String,2,,00 해당사항없음 / 01 권리락 / 02 배당락 / 03 분배락 / 04 권배락 / 05 중간(분기)배당락 / 06 권리중간배당락 / 07 권리분기배당락 / 99 기타,
RDS,TRDESP01301,TRDESP01301,현물종목정보,DATA,42,증자구분코드,CAPITAL INCREASE_ / TYPE_CODE,String,2,,00 해당사항없음 / 01 유상증자 / 02 무상증자 / 03 유무상증자 / 99 기타,
RDS,TRDESP01301,TRDESP01301,현물종목정보,DATA,43,주식배정구분코드,STOCK_ / ASSIGNMENT_ / TYPE_CODE,Long,5,,신주 발행시 주식의 배정 대상. Bitwise 정의 / ▦▦코드값▦▦ / 1: 보통주 / 2: 1우선주 / 4: 2우선주 / 8: 3우이상,
RDS,TRDESP01301,TRDESP01301,현물종목정보,DATA,44,액면가,PAR VALUE,String,11,,현물 종목의 액면가격 / 외국주권 :  /     무액면 주권에 대해서는 액면가/자본금 0 / 주식예탁증서(DR) : 자본금/액면가 항상 0,
RDS,TRDESP01301,TRDESP01301,현물종목정보,DATA,45,액면분할병합비율,STOCK SPLIT_ / CONSOLIDATION_ / RATIO,Float,20,,액면분할병합비율,
RDS,TRDESP01301,TRDESP01301,현물종목정보,DATA,46,상장주식수,LISTING_ / float OF SHARES,Long,16,,종목의 상장주식수,
RDS,TRDESP01301,TRDESP01301,현물종목정보,DATA,47,발행가격,ISSUE_PRICE,String,11,,공모에 의해 발행 가격,
RDS,TRDESP01301,TRDESP01301,현물종목정보,DATA,48,임의종료발동조건코드,RE_TG_COND_CD,String,1,,단일가세션에서 임의종료의 발동조건. 조건부발동(2)인 경우 기존의 가격요건을 충족하는지 판단 후 발동을 결정함 / ▦▦코드값▦▦ / 0: 미발동 / 1: 발동 / 2: 조건부발동(가격요건 판단),
RDS,TRDESP01301,TRDESP01301,현물종목정보,DATA,49,신용주문가능여부,CREDIT_ORDER_ / POSSIBILITY_ / YES OR NO,String,1,,"Y, N",
RDS,TRDESP01301,TRDESP01301,현물종목정보,DATA,50,리츠종류코드,REITS_KIND_CODE,String,1,,1 일반리츠 / 2 CRV리츠,
RDS,TRDESP01301,TRDESP01301,현물종목정보,DATA,51,목적주권종목코드,AIM STOCK_ / ISSUE_CODE,String,12,,"신주인수권(증권,증서)의 목적주권 종목코드",
RDS,TRDESP01301,TRDESP01301,현물종목정보,DATA,52,행사기간개시일자,EXERCISE_ / PERIOD_START_ / DATE,String,8,,"신주인수권증권, ELW 종목의 행사기간개시일자",
RDS,TRDESP01301,TRDESP01301,현물종목정보,DATA,53,행사기간종료일자,EXERCISE_ / PERIOD_END_DATE,String,8,,"신주인수권증권, ELW 종목의 행사기간 종료일자",
RDS,TRDESP01301,TRDESP01301,현물종목정보,DATA,54,발행시장참가자번호,ISSUE_ / MAKET PARTICIPANT_ / float,String,5,,"발행 회원사의 번호(상장사, 비상장사 구분없음)",
RDS,TRDESP01301,TRDESP01301,현물종목정보,DATA,55,ELW신주인수권증권행사가격,ELW_SUBSRIPTION WARRANT_ / EXERCISE_PRICE,Float,13,,"ELW, 신주인수권증권 종목의 행사가격",
RDS,TRDESP01301,TRDESP01301,현물종목정보,DATA,56,ELW권리유형코드,EQUITY LINKED WARRANT_RIGHT_ / TYPE_CODE,String,1,,C:콜 / P:풋 / Z:기타,
RDS,TRDESP01301,TRDESP01301,현물종목정보,DATA,57,ELW권리행사유형코드,EQUITY LINKED WARRANT_ / EXERCISE_TYPE_ / CODE,String,1,,A:미국형 / E:유럽형 / Z:기타,
RDS,TRDESP01301,TRDESP01301,현물종목정보,DATA,58,최종결제방법코드,LAST_ / SETTLEMENT_ / METHOD_CODE,String,1,,A 현금+실물인수도결제 / C 현금결제 / D 실물인수도결제,
RDS,TRDESP01301,TRDESP01301,현물종목정보,DATA,59,최종거래일자,LAST_ / TRADING_DATE,String,8,,종목의 최종거래일자,
RDS,TRDESP01301,TRDESP01301,현물종목정보,DATA,60,지급일자,PAYMENT_DATE,String,8,,권리행사로 인한 결제대금을 지급하는 일자. / ETN의 경우 만기상환지급일.,
RDS,TRDESP01301,TRDESP01301,현물종목정보,DATA,61,ELW기초자산기초가격,EQUITY LINKED WARRANT_ / UNDERLYING ASSET_BASE_PRICE,Float,13,,"행사가격, 발행가격 확정의 기준이 되는 기초자산의 가격",
RDS,TRDESP01301,TRDESP01301,현물종목정보,DATA,62,"ELW권리행사내용
->ELW만기권리행사내용",EQUITY LINKED WARRANT_ / EXERCISE_ / CONTENTS,String,200,,ELW만기권리행사내용,
RDS,TRDESP01301,TRDESP01301,현물종목정보,DATA,63,ELW전환비율,EQUITY LINKED WARRANT_CONVERSION_RATIO,Float,13,,ELW와 기초자산간의 주식수 비율 / (ELW 1워런트에 대한 현물주식수 비율),
RDS,TRDESP01301,TRDESP01301,현물종목정보,DATA,64,ELW가격상승참가율,EQUITY LINKED WARRANT_ / PRICE_UP_ / PARTICIPATION_ / RATE,Float,10,,기초자산의 가격상승에 대한 보장 비율,
RDS,TRDESP01301,TRDESP01301,현물종목정보,DATA,65,"ELW보상률
->ELW최소지급비율",EQUITY LINKED  / WARRANT_ / COMPENSATION_ / RATE,Float,10,,기초자산의 가격하락에 대한 보장 비율,
RDS,TRDESP01301,TRDESP01301,현물종목정보,DATA,66,ELW확정지급액,EQUITY LINKED  / WARRANT_FINAL_ / PAYMENT_VALUE,Float,22,,권리행사로 인한 결제대금,
RDS,TRDESP01301,TRDESP01301,현물종목정보,DATA,67,ELW지급대리인명,EQUITY LINKED WARRANT_ / PAYMENT_AGENT_ / NAME,String,80,,만기(권리행사)시 프리미엄에 대한 지급 대리인(국민은행 여의도지점),
RDS,TRDESP01301,TRDESP01301,현물종목정보,DATA,68,ELW만기평가가격방식,EQUITY LINKED WARRANT_EXPIRATION_ / VALUATION_ / PRICE_METHOD,String,200,,만시(권리행사)시 종목의 기준가격을 결정하는 방법에 대한 기술(최종거래일 5일간 종가평균),
RDS,TRDESP01301,TRDESP01301,현물종목정보,DATA,69,ELW이색옵션구분코드,EQUITY LINKED WARRANT_ / EXOTIC OPTION_ / TYPE_CODE,String,1,,0 표준옵션 / 1 디지털옵션 / 2 조기종료옵션,
RDS,TRDESP01301,TRDESP01301,현물종목정보,DATA,70,투자기구구분코드,INVESTMENT ORGANIZATION_ / TYPE_CODE,String,1,,0 해당없음 / 1 증권간접투자기구 / 2 파생상품간접투자기구 / 3 부동산간접투자기구 / 4 실물간접투자기구 / 5 단기금융간접투자기구 / 6 재간접투자기구 / 7 특별자산간접투자기구 / 8 기업성장투자회사 / 9 기업성장투자신탁수익증권,
RDS,TRDESP01301,TRDESP01301,현물종목정보,DATA,71,존립개시일자,EXISTENCE_ / START_DATE,String,8,,"투자회사, 부동산투자회사, 선박투자회사, 수익증권 종목의 존립개시일자",
RDS,TRDESP01301,TRDESP01301,현물종목정보,DATA,72,존립종료일자,EXISTENCE_ / END_DATE,String,8,,"투자회사, 부동산투자회사, 선박투자회사, 수익증권 종목의 존립종료일자",
RDS,TRDESP01301,TRDESP01301,현물종목정보,DATA,73,시장경보위험예고여부,MARKET_ / WARNING_RISK_NOTICE_ / YES OR NO,String,1,,"Y, N / (Y : 유가/코스닥 은 ""경고"", 코넥스 는 ""위험""을 의미함)",
RDS,TRDESP01301,TRDESP01301,현물종목정보,DATA,74,시장경보구분코드,MARKET_ / WARNING_TYPE_ / CODE,String,2,,00 해당없음 / 01 투자주의 / 02 투자경고 / 03 투자위험,
RDS,TRDESP01301,TRDESP01301,현물종목정보,DATA,75,지정가호가취소조건코드,LIMIT PRICE_ / ORDER_ / CONDITION_ / TYPE_CODE,Long,5,,호가의 체결 및 잔류조건. Bitwise 정의 / 1: FAS (Fill And Stay) / 2: FOK (Fill Or Kill) / 4: FAK (Fill And Kill),
RDS,TRDESP01301,TRDESP01301,현물종목정보,DATA,76,시장가호가취소조건코드,MARKET PRICE_ORDER_ / CONDITION_TYPE_ / CODE,Long,5,,호가의 체결 및 잔류조건. Bitwise 정의 / 1: FAS (Fill And Stay) / 2: FOK (Fill Or Kill) / 4: FAK (Fill And Kill),
RDS,TRDESP01301,TRDESP01301,현물종목정보,DATA,77,조건부지정가취소호가조건코드,CONDITIONAL LIMIT PRICE_ORDER_ / CONDITION_ / TYPE_CODE,Long,5,,호가의 체결 및 잔류조건. Bitwise 정의 / 1: FAS (Fill And Stay) / 2: FOK (Fill Or Kill) / 4: FAK (Fill And Kill),
RDS,TRDESP01301,TRDESP01301,현물종목정보,DATA,78,최유리지정가취소호가조건코드,BEST LIMIT PRICE_ORDER_ / CONDITION_ / TYPE_CODE,Long,5,,호가의 체결 및 잔류조건. Bitwise 정의 / 1: FAS (Fill And Stay) / 2: FOK (Fill Or Kill) / 4: FAK (Fill And Kill),
RDS,TRDESP01301,TRDESP01301,현물종목정보,DATA,79,최우선지정가취소호가조건코드,LIMIT PRICE OF FIRST BEST ORDER_ORDER_ / CONDITION_ / TYPE_CODE,Long,5,,호가의 체결 및 잔류조건. Bitwise 정의 / 1: FAS (Fill And Stay) / 2: FOK (Fill Or Kill) / 4: FAK (Fill And Kill),
RDS,TRDESP01301,TRDESP01301,현물종목정보,DATA,80,통화ISO코드,CURRENCY_ / INTERNATIONAL STANDARDIZATION / ORGANIZATION_ / CODE,String,3,,"AUD,호주달러 / CAD,캐나다달러 / CHF,스위스프랑 / CNY,중국위안 / EUR,유로 / GBP,영국파운드 / HKD,홍콩달러 / JPY,일본엔 / KRW,한국원 / SGD,싱가폴달러 / USC,미국센트 / USD,미국달러",
RDS,TRDESP01301,TRDESP01301,현물종목정보,DATA,81,평가가격,VALUATION_PRICE,String,11,,시가기준가종목의 시초가격산출시 상하한가 결정을 위한 기준이 되는 가격,
RDS,TRDESP01301,TRDESP01301,현물종목정보,DATA,82,최저호가가격,LOWEST_ORDER_ / PRICE,String,11,,시가기준가종목의 시초가격산출시 적용되는 하한가격,
RDS,TRDESP01301,TRDESP01301,현물종목정보,DATA,83,최고호가가격,HIGHEST_ORDER_ / PRICE,String,11,,시가기준가종목의 시초가격산출시 적용되는 상한가격,
RDS,TRDESP01301,TRDESP01301,현물종목정보,DATA,84,시가단일가자사주매수상한가,OPENING PRICE_SINGLE  / PRICE CALL AUCTION_ / TREASURY STOCK_BID_UPPER LIMIT PRICE,String,11,,시가동시 자사주 매수 상한가격,
RDS,TRDESP01301,TRDESP01301,현물종목정보,DATA,85,시가단일가자사주매수하한가,OPENING PRICE_SINGLE PRICE CALL AUCTION_TREASURY STOCK_BID_LOWER LIMIT PRICE,String,11,,시가동시 자사주 매수 하한가격,
RDS,TRDESP01301,TRDESP01301,현물종목정보,DATA,86,시가단일가자사주매도상한가,OPENING PRICE_SINGLE  / PRICE CALL AUCTION_ / TREASURY STOCK_ASK_ / UPPER LIMIT PRICE,String,11,,시가동시 자사주 매도 상한가격,
RDS,TRDESP01301,TRDESP01301,현물종목정보,DATA,87,시가단일가자사주매도하한가,OPENING PRICE_SINGLE  / PRICE CALL  / AUCTION_TREASURY STOCK_ASK_ / LOWER LIMIT PRICE,String,11,,시가동시 자사주 매도 하한가격,
RDS,TRDESP01301,TRDESP01301,현물종목정보,DATA,88,장개시전시간외대량매매자사주상한가,PRE-OFF-HOURS SESSION_BLOCK TRADE_TREASURY STOCK_UPPER LIMIT PRICE,String,11,,장개시전대량매매자사주상한가,
RDS,TRDESP01301,TRDESP01301,현물종목정보,DATA,89,장개시전시간외대량매매자사주하한가,PRE-OFF-HOURS SESSION_BLOCK TRADE_TREASURY STOCK_LOWER  / LIMIT PRICE,String,11,,장개시전대량매매자사주하한가,
RDS,TRDESP01301,TRDESP01301,현물종목정보,DATA,90,대용가격,SUBSTITUTE_PRICE,String,11,,위탁증거금으로 갈음할 수 있는 유가증권에 대한 대용가격,
RDS,TRDESP01301,TRDESP01301,현물종목정보,DATA,91,LP보유수량,LP_HOLDING_ / QUANTITY,Long,15,,종목의 LP 보유수량,
RDS,TRDESP01301,TRDESP01301,현물종목정보,DATA,92,거래정지여부,TRADING HALT_ / YES OR NO,String,1,,"Y, N",
RDS,TRDESP01301,TRDESP01301,현물종목정보,DATA,93,불성실공시여부,UNFAITHFUL DISCLOSURE_ / YES OR NO,String,1,,"Y, N",
RDS,TRDESP01301,TRDESP01301,현물종목정보,DATA,94,관리종목여부,ADMINISTRATIVE_ISSUE_YES OR NO,String,1,,"Y, N",
RDS,TRDESP01301,TRDESP01301,현물종목정보,DATA,95,정리매매여부,ARRANGEMENT TRADE_YES OR NO,String,1,,"Y, N",
RDS,TRDESP01301,TRDESP01301,현물종목정보,DATA,96,우회상장여부,BACKDOOR LISTING_YES OR NO,String,1,,"Y, N",
RDS,TRDESP01301,TRDESP01301,현물종목정보,DATA,97,대용증권효력정지여부,SUBSTITUTE_ / SECURITIES_ / EFFECT_STOP_ / YES OR NO,String,1,,"Y, N",
RDS,TRDESP01301,TRDESP01301,현물종목정보,DATA,98,정규시장매매수량단위,REGULAR SESSION_TRADING QUANTITY UNIT,Long,6,,정규시장의 호가수량 배수 규칙,
RDS,TRDESP01301,TRDESP01301,현물종목정보,DATA,99,시간외매매수량단위,OFF-HOURS SESSION_TRADING QUANTITY UNIT,Long,6,,시간외시장의 매매수량단위,
RDS,TRDESP01301,TRDESP01301,현물종목정보,DATA,100,발행시장참가자한글명,ISSUE_ / MAKET PARTICIPANT_ / KOREAN_NAME,String,80,,발행 시장참가자 한글명,
RDS,TRDESP01301,TRDESP01301,현물종목정보,DATA,101,발행시장참가자영문명,ISSUE_ / MAKET PARTICIPANT_ / ENGLISH_NAME,String,80,,발행 시장참가자 영문명,
RDS,TRDESP01301,TRDESP01301,현물종목정보,DATA,102,종가,CLOSING PRICE,String,11,,당일 종목정보의 종가구분코드가 '3'(거래무)인 경우의 종가 /  - 가격변경 조치가 없는 경우 : 최근일 종가 /  - 가격변경 조치가 있는 경우(시가기준가종목 포함) : 기준가격 또는 평가금액,
RDS,TRDESP01301,TRDESP01301,현물종목정보,DATA,103,종가구분코드,CLOSING PRICE_TYPE_CODE,String,1,,1 실세 / 2 기세 / 3 거래무 / 4:시가기준가종목의 기세,
RDS,TRDESP01301,TRDESP01301,현물종목정보,DATA,104,기준가격산출대표종목코드,BASE PRICE_ / CALCULATE_ / REPRESENTATIVE_ / ISSUE_CODE,String,12,,시가기준가산출종목이면서 주권 종류별로 여러종목 상장시 대표종목만 시가기준가를 산출하고 그 외 종목인 경우는 대표종목의 시가를 반영,
RDS,TRDESP01301,TRDESP01301,현물종목정보,DATA,105,발행시장참가자종목코드,ISSUE_ / MARKET_ / PARTICIPANT_ / ISSUE_CODE,String,12,,종목을 발행한 시장참가자의(상장사) 종목코드 (ISIN종목코드),
RDS,TRDESP01301,TRDESP01301,현물종목정보,DATA,106,공매도가능여부,SHORTSELL_ / POSSIBLE_ / YES OR NO,String,1,,"가격제한이 있는 공매도(차입공매도) 호가가능여부 (Y:가능, N:불가)",
RDS,TRDESP01301,TRDESP01301,현물종목정보,DATA,107,I/F가격부호사용여부,I/F PRICE_SIGN USE YES_OR_NO,String,1,,전문상의 가격에 '-' 사용가능여부,
RDS,TRDESP01301,TRDESP01301,현물종목정보,DATA,108,I/F가격정수유효자리수,I/F INTEGER VALID DIGIT,Long,3,,전문상의 가격에 정수부 최대 유효자리수,
RDS,TRDESP01301,TRDESP01301,현물종목정보,DATA,109,I/F가격소수유효자리수,I/F FRACTION VALID DIGIT,Long,3,,전문상의 가격에 소수부 최대 유효자리수,
RDS,TRDESP01301,TRDESP01301,현물종목정보,DATA,110,추적수익률배수,TRACKING EARNING_RATE MULTIPLIER,Float,13,,"기초지수(가격) 변동 대비 가격 변동 배수 / ※ 레버리지/인버스ETF의 경우 참고지수레버리지인버스구분코드에 해당하는 수익률배수, 일반ETF/ETN, 레버리지/인버스ETN의 경우 추적지수레버리지인버스구분코드에 해당하는 수익률배수를 의미",
RDS,TRDESP01301,TRDESP01301,현물종목정보,DATA,111,Regulation S여부,EXCHANGE  / TRADED FUND_ / REFERENCE_REGS_YN,String,1,,"Y,N",
RDS,TRDESP01301,TRDESP01301,현물종목정보,DATA,112,SPAC여부,Special_Purpose_Acquisition_Company,String,1,,"Y, N",
RDS,TRDESP01301,TRDESP01301,현물종목정보,DATA,113,과세유형코드,TAX_TYPE_CODE,String,1,,"과세의 유형. 증권거래세, 배당소득세 등이 있음 / ▦▦코드값▦▦ / 0: 해당없음 / 1: 비과세 / 2: 배당소득세(보유기간과세) / 3. 증권거래세(회사형ETF) / 4: 배당소득세(해외주식투자전용ETF) / 5. 배당소득세(분리과세부동산ETF) / 6. 증권거래세(BDC투자회사) / 7. 배당소득세(BDC수익증권) / 8: 비과세(분리과세부동산ETF)",
RDS,TRDESP01301,TRDESP01301,현물종목정보,DATA,114,대용가격사정비율,SUBSTITUTE_PRICE_HAIRCUT_RATIO,Float,13,,주식보유자의 호가제출을 위한 주식 가치산정가격의 비율,
RDS,TRDESP01301,TRDESP01301,현물종목정보,DATA,115,ELW조기종료발생기준가격,EQUITY LINKED WARRANT_EARLY_END_OCCURRENCE_BASE_PRICE,Float,13,,조기종료워런트의 조기종료 이벤트 발생의 기준이 되는 가격,
RDS,TRDESP01301,TRDESP01301,현물종목정보,DATA,116,ELW조기종료권리행사내용,EQUITY LINKED WARRANT_EARLY_END_EXERCISE_CONTENTS,String,200,,ELW조기종료권리행사내용,
RDS,TRDESP01301,TRDESP01301,현물종목정보,DATA,117,ELW조기종료평가가격방식,EQUITY LINKED WARRANT_EARLY_END_VALUATION_PRICE_METHOD,String,300,,조기종료시 해당 종목의 평가가격을 결정하는 방식을 기술,
RDS,TRDESP01301,TRDESP01301,현물종목정보,DATA,118,소속부구분코드,SECTION_TYPE_CODE,String,1,,"상장법인의 업종,특성,규모 등을 고려한 수속부 / #코스닥의 종목별 Sector의 구분 / ▦▦코드값▦▦ / 1:우량기업부 / 2:벤처기업부 / 3:중견기업부 / 4:신성장기업부 / A:외국기업(소속부없음) / B:투자회사(소속부없음) / C:SPAC(소속부없음) / D:ETF(소속부없음) / E:관리종목(소속부없음) / F:투자주의환기종목(소속부없음) / Z:기타(소속부없음) / #코넥스의 종목별 Sector의 구분 / ▦▦코드값▦▦ / X:일반기업부 / Y:스타트업기업부 / W:크라우드펀딩기업부",
RDS,TRDESP01301,TRDESP01301,현물종목정보,DATA,119,투자주의환기종목여부,INVESTMENT CAUTION_REMIND_ISSUE_YN,String,1,,"관리종목 또는 상장폐지로 악화될 우려가 있는 부실 위험징후 기업 여부(Y, N)",
RDS,TRDESP01301,TRDESP01301,현물종목정보,DATA,120,단기과열종목구분코드,SHORT_TERM_OVERHEAT_ISSUE_TYPE_CODE,String,1,,단기과열종목구분코드 / 0: 해당없음 / 1: 지정예고 / 2: 지정 / 3: 지정연장(해제연기),
RDS,TRDESP01301,TRDESP01301,현물종목정보,DATA,121,ETF복제방법구분코드,ETF_Replication_Method,String,1,,ETF의 기초자산 복제방법구분코드 / P: 실물(패시브) / S: 합성(패시브) / A: 실물(액티브) / T: 합성(액티브) / N: 해당없음(상장형 수익증권),변경
RDS,TRDESP01301,TRDESP01301,현물종목정보,DATA,122,다중결산월일내용,MULT_ACNTCLS_MMDD_CONTN,String,100,,"상장사의 회계 결산기(일) 또는 분배금 지급 기준일. MMDD의 형태를 반복하여 복수개의 정보를 기록할 수 있음. 월의 말일은 00으로 표기함. 예컨데 3월23일, 6월5일, 12월말 세 개의 결산일을 갖는 경우 032306051200",
RDS,TRDESP01301,TRDESP01301,현물종목정보,DATA,123,신주인수권증서상장폐지일자,RGHT_DELIST_DD,String,8,,신주인수권증서의 상장폐지일자. 상장시부터 결정되며 상장이후 변경될 수 있음,
RDS,TRDESP01301,TRDESP01301,현물종목정보,DATA,124,기초자산시장달력ID,ULY_MKT_CALND_ID,String,10,,기초자산의 실거래가 이뤄지는 시장의 휴장일 및 휴장시간을 판단하기 위한 달력ID,
RDS,TRDESP01301,TRDESP01301,현물종목정보,DATA,125,분배금형태코드,DISTR_TP_CD,String,2,,01: 미지급 / 02: 지급(지표가치 반영) / 03: 지급(지표가치 미반영) / 04: 지급(재투자) / 05: 지급(기타),
RDS,TRDESP01301,TRDESP01301,현물종목정보,DATA,126,만기일자,EXP_DD,String,8,,ETN종목의 만기일자,
RDS,TRDESP01301,TRDESP01301,현물종목정보,DATA,127,만기상환가격결정시작일자,EXP_REDMPT_PRC_DECSN_STRT_DD,String,8,,ETN종목의 만기상환 가격 결정시 시작일자,
RDS,TRDESP01301,TRDESP01301,현물종목정보,DATA,128,만기상환가격결정종료일자,EXP_REDMPT_PRC_DECSN_END_DD,String,8,,ETN종목의 만기상환 가격 결정시 종료일자,
RDS,TRDESP01301,TRDESP01301,현물종목정보,DATA,129,가격제한율,PRC_LMT_RT,Float,13,,ETN종목의 별도가격제한폭,
RDS,TRDESP01301,TRDESP01301,현물종목정보,DATA,130,ETP상품구분코드,ETP_PROD_TP_CD,string,1,,ETP상품구분코드 / ▦▦코드값▦▦ / 1: ETF(투자회사형) / 2: ETF(수익증권형) / 3: ETN / 4: 손실제한 ETN / 5: 상장형 수익증권 / 8: 단일종목 ETF / 9: 단일종목 ETN,
RDS,TRDESP01301,TRDESP01301,현물종목정보,DATA,131,지수산출기관코드,IDX_CALC_INST_CD,string,2,,▦▦코드값▦▦ / 01: KRX / 02: FnGuide / 03: S&P / 04: KIS 채권평가 / 05: MSCI / 06: CSI / 07: 한국자산평가(KAP) / 08: WiseFn / 09: HangSeng / 10: TSE(Tokyo Stock Exchange) / 11: Markit / 12: STOXX / 13: NASDAQ / 14: FTSE / 15: IISL(India Index Services and Products Ltd) / 16: BNY Mellon / 17: BNP Paribas / 18: LBMA,
RDS,TRDESP01301,TRDESP01301,현물종목정보,DATA,132,지수시장분류ID,IDX_MKT_CLSS_ID,string,6,,"아래와 같은 형식의 CONCAT 문자열 /   - 대분류(2) + 중분류(2) + 소분류(2) / 값이 생략되는 분류의 자리는 '00'을 표기 / 중, 소분류 지정시 상위 분류의 값은 생략 할 수 없음",
RDS,TRDESP01301,TRDESP01301,현물종목정보,DATA,133,지수일련번호,IDX_SEQ,string,3,,지수일련번호,
RDS,TRDESP01301,TRDESP01301,현물종목정보,DATA,134,추적지수레버리지인버스구분코드,TRACE_IDX_LVRG_INVRS_TP_CD,string,2,,▦▦코드값▦▦ / P1: 일반 (1) / P2: 2X 레버리지 (2) / P3: 3X 레버리지 (3) / PA: 0.5X 레버리지 (0.5) / PB: 1.5X 레버리지 (1.5) / PC: 2.5X 레버리지 (2.5) / PD: 1.3X 레버리지 (1.3) / N1: 1X 인버스 (-1) / N2: 2X 인버스 (-2) / N3: 3X 인버스 (-3) / NA: 0.5X 인버스 (-0.5) / NB: 1.5X 인버스 (-1.5) / NC: 2.5X 인버스 (-2.5) / ND: 1.3X 인버스 (-1.3),
RDS,TRDESP01301,TRDESP01301,현물종목정보,DATA,135,참고지수레버리지인버스구분코드,REF_IDX_LVRG_INVRS_TP_CD,string,2,,▦▦코드값▦▦ / P1: 일반 (1) / P2: 2X 레버리지 (2) / P3: 3X 레버리지 (3) / PA: 0.5X 레버리지 (0.5) / PB: 1.5X 레버리지 (1.5) / PC: 2.5X 레버리지 (2.5) / PD: 1.3X 레버리지 (1.3) / N1: 1X 인버스 (-1) / N2: 2X 인버스 (-2) / N3: 3X 인버스 (-3) / NA: 0.5X 인버스 (-0.5) / NB: 1.5X 인버스 (-1.5) / NC: 2.5X 인버스 (-2.5) / ND: 1.3X 인버스 (-1.3),
RDS,TRDESP01301,TRDESP01301,현물종목정보,DATA,136,지수자산분류ID1,IDX_ASST_CLSS_ID1,string,6,,"아래와 같은 형식의 CONCAT 문자열 /   - 대분류(2) + 중분류(2) + 소분류(2) / 값이 생략되는 분류의 자리는 '00'을 표기 / 중, 소분류 지정시 상위 분류의 값은 생략 할 수 없음",
RDS,TRDESP01301,TRDESP01301,현물종목정보,DATA,137,지수자산분류ID2,IDX_ASST_CLSS_ID2,string,6,,"아래와 같은 형식의 CONCAT 문자열 /   - 대분류(2) + 중분류(2) + 소분류(2) / 값이 생략되는 분류의 자리는 '00'을 표기 / 중, 소분류 지정시 상위 분류의 값은 생략 할 수 없음",
RDS,TRDESP01301,TRDESP01301,현물종목정보,DATA,138,시장조성가능여부,MM_POSBL_YN,string,1,,상품/종목의 시장조성 가능여부,
RDS,TRDESP01301,TRDESP01301,현물종목정보,DATA,139,저유동성여부,LWLIQU_YN,string,1,,저유동성여부,
RDS,TRDESP01301,TRDESP01301,현물종목정보,DATA,140,손실제한ETN수익구조코드,LOSS_LMT_ETN_EARNG_STRUCT_CD,string,2,,손실제한ETN수익구조코드 / ▦▦코드값▦▦ /    01: 콜 /    02: 풋 /    03: 콜스프레드 /    04: 풋스프레드 /    05: 조기상환 콜스프레드 /    06: 조기상환 낙아웃콜 /    07: 레인지 어쿠루얼 /    08: 버터플라이 /    09: 콘도르 /    10: 조기상환 풋스프레드 /    11: 조기상환 낙아웃풋,
RDS,TRDESP01301,TRDESP01301,현물종목정보,DATA,141,ETN최대상환가격,ETN_MAX_REDMPT_PRC,float,11,,ETN에서 사용되는 제비용 차감전 최대 상환가격 / ※ 0인 경우는 해당없음의 의미,
RDS,TRDESP01301,TRDESP01301,현물종목정보,DATA,142,ETN최소상환가격,ETN_MIN_REDMPT_PRC,float,11,,ETN에서 사용되는 제비용 차감전 최소 상환가격,
RDS,TRDESP01301,TRDESP01301,현물종목정보,DATA,143,ETN조기상환가능여부,ETN_EARY_REDMPT_POSBL_YN,string,1,,손실제한 ETN의 조기상환 조건 가능 여부,
RDS,TRDESP01301,TRDESP01301,현물종목정보,DATA,144,ETN조기상환주기코드,ETN_EARY_REDMPT_CYCLE_CD,string,2,,손실제한 ETN의 조기상환 주기 구분 / ETN조기상환가능여부가 [Y]일때만 선택가능 / ▦▦코드값▦▦ / 01: 수시(매일) / 02: 매 3개월 / 03: 매 4개월 / 04: 매 6개월 / 05: 매 1년 (사양서에는 없음) / 06: 3개월부터 매 1개월 (사양서에는 없음) / 07: 6개월부터 매 1개월 (사양서에는 없음),
RDS,TRDESP01301,TRDESP01301,현물종목정보,DATA,145,평가가격산출기관코드1,VALU_PRC_CALC_INST_CD1,string,2,,ETN의 평가가격을 산출하는 기관코드 1 / ▦▦코드값▦▦ / 01:한국자산평가 / 02:NICE P&I / 03:KIS채권평가 / 04:Fn자산평가,
RDS,TRDESP01301,TRDESP01301,현물종목정보,DATA,146,평가가격산출기관코드2,VALU_PRC_CALC_INST_CD2,string,2,,ETN의 평가가격을 산출하는 기관코드 2 / ▦▦코드값▦▦ / 01:한국자산평가 / 02:NICE P&I / 03:KIS채권평가 / 04:Fn자산평가,
RDS,TRDESP01302,TRDESP01302,현물종목정보,DATA,147,이상급등여부,ABNMLSURG_YN,string,1,,이상급등종목 여부,
RDS,TRDESP01301,TRDESP01301,현물종목정보,DATA,148,I/F상한수량,IF_UPLMT_QTY,Long,16,,I/F상한수량,
RDS,TRDESP01301,TRDESP01301,현물종목정보,DATA,149,투자유의종목여부,INVSTWARN_ISU_YN,string,1,,투자유의종목여부,
RDS,TRDESP01301,TRDESP01301,현물종목정보,DATA,150,상장주식수부족종목여부,LIST_SHRS_LACK_ISU_YN,string,1,,특정 산출 시점에 상장주식수가 기준 대비 부족한지의 여부.,
RDS,TRDESP01301,TRDESP01301,현물종목정보,DATA,151,SPAC소멸합병여부,SPAC_LAPS_MERGE_YN,string,1,,SPAC소멸합병 종목인지에 대한 여부,
RDS,TRDESP01301,TRDESP01301,현물종목정보,DATA,152,세그먼트구분코드,SEG_TP_CD,String,1,,▦▦코드값▦▦ / 1: 코스닥 글로벌 / 2: 코스닥 일반,
RDS,TRDESP01301,TRDESP01301,현물종목정보,DATA,153,가격변경유형코드,PRC_CHG_TP_CD,String,1,,기준가 변경의 유형. 기준가 변경 또는 시가기준가종목 지정 / ▦▦코드값▦▦ / 0: 변경없음 / 1: 기준가변경 종목 / 2: 시가기준가 종목 / 3: 신규상장 종목,
RDS,TRDESP01301,TRDESP01301,현물종목정보,DATA,154,상장신청인발행기관코드,LIST_APPLNT_ISUR_CD,String,5,,신종증권시장 종목 상장신청인(사업자)의 발행기관코드,
RDS,TRDESP01301,TRDESP01301,현물종목정보,DATA,155,상장신청인종목코드,LIST_APPLNT_ISU_CD,String,12,,신종증권시장 종목 상장신청인(사업자)의 종목코드(표준ISIN코드)  / * 상장신청인(사업자) 당해 법인의 보통주권 ISIN코드를 의미함,
RDS,TRDESP01301,TRDESP01301,현물종목정보,DATA,156,신탁기관발행기관코드,TRST_INST_ISUR_CD,String,5,,신종증권시장 종목 신탁기관의 발행기관코드 / * 신종증권시장 종목 중 신탁수익증권인 경우만 해당,
RDS,TRDESP01301,TRDESP01301,현물종목정보,DATA,157,종목인덱스,ISU_IDX,Long,7,,종목을 식별하기 위한 숫자 타입의 일련번호,
RDS,TRDESP01301,TRDESP01301,현물종목정보,DATA,158,가격단위규칙ID,PRC_UNIT_RULE_ID,String,10,,호가를 제출할 수 있는 가격의 최소단위를 제한하는 규칙을 식별하기 위한 ID,
RDS,TRDESP01301,TRDESP01301,현물종목정보,DATA,159,스톱지정가호가취소조건코드,STOPLMTPRC_ORD_CANCL_COND_CD,Long,5,,호가의 체결 및 잔류조건. Bitwise 정의 / 1: FAS (Fill And Stay) / 2: FOK (Fill Or Kill) / 4: FAK (Fill And Kill),
RDS,TRDESP01301,TRDESP01301,현물종목정보,DATA,160,중간가호가취소조건코드,MIDPRC_ORD_CANCL_COND_CD,Long,5,,호가의 체결 및 잔류조건. Bitwise 정의 / 1: FAS (Fill And Stay) / 2: FOK (Fill Or Kill) / 4: FAK (Fill And Kill),
RDS,TRDESP01401,TRDESP01401,ELW기초자산구성,DATA,1,메세지일련번호,MESSAGE_SEQUENCE,Long,11,,메세지일련번호,
RDS,TRDESP01401,TRDESP01401,ELW기초자산구성,DATA,2,트랜잭션코드,TRANSACTION_ / CODE,String,11,,TRDESP01401,
RDS,TRDESP01401,TRDESP01401,ELW기초자산구성,DATA,3,시장ID,MARKET_ / IDENTIFICATION,String,3,,별첨-KRX 차세대 상품 ID체계 참고,
RDS,TRDESP01401,TRDESP01401,ELW기초자산구성,DATA,4,전송일자,TRANSMIT_DATE,String,8,,YYYYMMDD / 데이터 생성일자,
RDS,TRDESP01401,TRDESP01401,ELW기초자산구성,DATA,5,영업일자,BUSINESS_DATE,String,8,,영업일자,
RDS,TRDESP01401,TRDESP01401,ELW기초자산구성,DATA,6,증권그룹ID,SECURITIES  / GROUP_ / IDENTIFICATION,String,2,,별첨-KRX 차세대 상품 ID체계 참고,
RDS,TRDESP01401,TRDESP01401,ELW기초자산구성,DATA,7,종목코드,ISSUE_CODE,String,12,,현물/파생/채권/REPO 통합상품의 종목 코드(ISIN종목코드),
RDS,TRDESP01401,TRDESP01401,ELW기초자산구성,DATA,8,ELW기초자산일련번호,ELW_UNDERLYING ASSET_SEQUENCE NUMBER,Long,11,,ELW기초자산일련번호,
RDS,TRDESP01401,TRDESP01401,ELW기초자산구성,DATA,9,구성종목코드,COMPOSITION_ / ISSUE_CODE,String,12,,ELW를 구성하는 기초자산의 종목코드(ISIN종목코드),
RDS,TRDESP01401,TRDESP01401,ELW기초자산구성,DATA,10,구성비율,COMPSITION_ / RATIO,Float,13,,ELW를 구성하는 기초자산의  / 구성비율 (%),
RDS,TRDESP01401,TRDESP01401,ELW기초자산구성,DATA,11,ELW지수ID,IDX_ID,string,12,,12자리 체계의 지수ID,
RDS,TRDESP01401,TRDESP01401,ELW기초자산구성,DATA,12,필러값,FILLER,String,9,,,
RDS,TRDESP01501,TRDESP01501,통합회원지점정보 송신,DATA,1,메세지일련번호,MESSAGE_SEQUENCE,Long,11,,메세지일련번호,
RDS,TRDESP01501,TRDESP01501,통합회원지점정보 송신,DATA,2,트랜잭션코드,TRANSACTION_ / CODE,String,11,,TRDESP01501,
RDS,TRDESP01501,TRDESP01501,통합회원지점정보 송신,DATA,3,전송일자,TRANSMIT_DATE,String,8,,YYYYMMDD / 데이터 생성일자,
RDS,TRDESP01501,TRDESP01501,통합회원지점정보 송신,DATA,4,영업일자,BUSINESS_DATE,String,8,,영업일자,
RDS,TRDESP01501,TRDESP01501,통합회원지점정보 송신,DATA,5,회원번호,MEMBER_NUMBER,String,5,,,
RDS,TRDESP01501,TRDESP01501,통합회원지점정보 송신,DATA,6,회원명,MEMBER_NAME,String,80,,회원사의 명칭,
RDS,TRDESP01501,TRDESP01501,통합회원지점정보 송신,DATA,7,지점수,NUMBER OF BRANCH,Long,6,,회원사의 지점 개수,
RDS,TRDESP01501,TRDESP01501,통합회원지점정보 송신,DATA,8,지점번호,BRANCH_NUMBER,String,5,,해당 지점의 번호,
RDS,TRDESP01501,TRDESP01501,통합회원지점정보 송신,DATA,9,지점명,BRANCH_NAME,String,80,,해당 지점의 명칭,
RDS,TRDESP01501,TRDESP01501,통합회원지점정보 송신,DATA,10,우편번호,ZIP CODE,String,6,,해당 지점의 우편번호,
RDS,TRDESP01501,TRDESP01501,통합회원지점정보 송신,DATA,11,지점주소,BRANCH_ / ADDRESS,String,200,,지점주소,
RDS,TRDESP01601,TRDESP01601,고속 알고리즘 거래자 정보,DATA,1,메세지일련번호,MSG_SEQ,Long,11,,메세지일련번호,신규
RDS,TRDESP01601,TRDESP01601,고속 알고리즘 거래자 정보,DATA,2,트랜잭션코드,TR_CD,String,11,,요청서비스 거래코드,신규
RDS,TRDESP01601,TRDESP01601,고속 알고리즘 거래자 정보,DATA,3,전송일자,TRNSM_DD,String,8,,YYYYMMDD / 데이터 생성일자,신규
RDS,TRDESP01601,TRDESP01601,고속 알고리즘 거래자 정보,DATA,4,영업일자,BZ_DD,String,8,,영업일자,신규
RDS,TRDESP01601,TRDESP01601,고속 알고리즘 거래자 정보,DATA,5,거래자ID,TRDR_ID,String,6,,거래자ID,신규
RDS,TRDESP01601,TRDESP01601,고속 알고리즘 거래자 정보,DATA,6,계좌번호,ACNT_NO,String,12,,"예금, 자산등의 계정번호",신규
RDS,TRDESP01601,TRDESP01601,고속 알고리즘 거래자 정보,DATA,7,시장참가자번호,MKTPARTC_NO,String,5,,시장참가자를 식별/구분할 수 있는 번호. 회원번호.,신규
RDS,TRDESP01601,TRDESP01601,고속 알고리즘 거래자 정보,DATA,8,거래자메인ID,TRDR_MAIN_ID,String,4,,알고리즘거래원ID(HFT_Main_ID(4자리),신규
RDS,TRDESP01601,TRDESP01601,고속 알고리즘 거래자 정보,DATA,9,국가코드,CNTR_CD,String,3,,ISO 3166-1상의 숫자 3자리 국가코드,신규
RDS,TRDESP01601,TRDESP01601,고속 알고리즘 거래자 정보,DATA,10,투자자구분코드,INVST_TP_CD,String,4,,"투자자구분코드 / ▦▦코드값▦▦ / 1000: 금융투자 / 2000: 보험 / 3000: 투신 / 3100: 사모 / 4000: 은행 / 5000: 기타금융 / 6000: 연기금 / 7000: 국가,지자체  / 7100: 기타법인 / 8000: 개인",신규
RDS,TRDESP01601,TRDESP01601,고속 알고리즘 거래자 정보,DATA,11,외국인투자자구분코드,FORNINVST_TP_CD,String,2,,외국인투자자구분코드 / ▦▦코드값▦▦ / <현물> / 11: 식별번호 있는 외국인 (거주) / 12: 식별번호 없는 외국인 (거주) / 21: 식별번호 있는 외국인 (비거주) / 22: 식별번호 없는 외국인 (비거주) / <파생> / 00: 외국인 아님 / 10: 외국인(거주) / 20: 외국이(비거주),
RDS,TRDESP01601,TRDESP01601,고속 알고리즘 거래자 정보,DATA,12,개인법인구분코드,PRN_CORP_TP_CD,String,1,,"1:개인, 2:법인",신규
RDS,TRDESP01601,TRDESP01601,고속 알고리즘 거래자 정보,DATA,13,주거래시장구분코드,MAINTR_MKT_TP_CD,String,1,,알고리즘 거래자 주거래시장 / ▦▦코드값▦▦ / 1: 유가 / 2: 코스닥  / 3: 코넥스  / 4: 파생 & 파생야간,신규
RDS,TRDESP01601,TRDESP01601,고속 알고리즘 거래자 정보,DATA,14,거래시장구분코드,TRD_MKT_TP_CD,Long,5,,알고리즘 거래자 거래참여시장 구분코드. Bitwise 정의 / ▦▦코드값▦▦ / 1: 유가 / 2: 코스닥 / 4. 코넥스 / 8. 파생 & 파생야간,신규
RDS,TRDESP01601,TRDESP01601,고속 알고리즘 거래자 정보,DATA,15,법인단체구분코드,CORP_GRP_TP_CD,String,1,,법인단체구분시 사용되는 항목 / ▦▦코드값▦▦ / 1: 국내법인등록번호 / 2: 해외 법인등록번호(COI)  / 3: 고유번호(단체)  / 4: 납세번호(단체),신규
RDS,TRDESP01601,TRDESP01601,고속 알고리즘 거래자 정보,DATA,16,법인명,CORP_NM,String,80,,0,신규
RDS,TRDESP01601,TRDESP01601,고속 알고리즘 거래자 정보,DATA,17,회원사여부,MBR_YN,String,1,,0,신규
RDS,TRDESP01601,TRDESP01601,고속 알고리즘 거래자 정보,DATA,18,개인및단체명,PRNGRP_NM,String,80,,0,신규
RDS,TRDESP01601,TRDESP01601,고속 알고리즘 거래자 정보,DATA,19,단체구분코드,GRP_TP_CD,String,1,,"개인, 단체구분 항목 / ▦▦코드값▦▦ / 1: 개인 / 2: 단체",신규
RDS,TRDESP01601,TRDESP01601,고속 알고리즘 거래자 정보,DATA,20,거래자서브ID,TRDR_SUB_ID,String,2,,알고리즘거래자ID(HFT_Sub_ID(2자리) / HFT_Sub_ID : 개인의 경우 00이고 수정 불가,신규
RDS,TRDESP01601,TRDESP01601,고속 알고리즘 거래자 정보,DATA,21,거래자분류코드,TRDR_CLSS_CD,String,1,,거래자 분류코드 / ▦▦코드값▦▦ / 1: 상품운용 / 2: MM / 3: LP / 4: 기타,신규
RDS,TRDESP01601,TRDESP01601,고속 알고리즘 거래자 정보,DATA,22,위탁자기구분코드,TRST_PRINC_TP_CD,String,2,,위탁자기구분코드 / ▦▦코드값▦▦ / <현물> / 10: 위탁매매 / 20: (신탁매매) / 30: 자기매매 / <파생> / 11: 위탁거래 / 12: 위탁주선거래 / 31: 호가입력회원의 자기거래 / 32: 비회원의 자기거래,신규
RDS,TRDESP01601,TRDESP01601,고속 알고리즘 거래자 정보,DATA,23,계좌구분코드,ACNT_TP_CD,String,2,,계좌구분코드 / ▦▦코드값▦▦ / <현물> / 00: 일반 / 01: 대표투자자계좌(외국인) / 02: 증권회사통합계좌(외국인) / 03: FP계좌-복수일임형랩계좌 / 04: FP계좌-단일일임형랩계좌 / 05: FP아닌일임형랩계좌 / 06: 매입인도전용계좌 / 07: 복수신탁계좌 / 08: 단일신타계좌 / 09: 기타일괄호가허용계좌 / 17 : 외국 금융투자업자 계좌(외국인) (신설) / <파생상품> / 31: 위탁일반계좌 / 32: 옵션매수전용계좌 / 33: 국채등전용계좌 / 41: 자기일반계좌 / 42: 시장조성계좌 / 51: ,신규
RDS,TRDESP01801,TRDESP01801,해외지수휴장시간정보 송신,DATA,1,메세지일련번호,MESSAGE_SEQUENCE,Long,11,,메세지일련번호,
RDS,TRDESP01801,TRDESP01801,해외지수휴장시간정보 송신,DATA,2,트랜잭션코드,TRANSACTION_ / CODE,String,11,,TRDESP01801,
RDS,TRDESP01801,TRDESP01801,해외지수휴장시간정보 송신,DATA,3,전송일자,TRANSMIT_DATE,String,8,,YYYYMMDD / 데이터 생성일자,
RDS,TRDESP01801,TRDESP01801,해외지수휴장시간정보 송신,DATA,4,영업일자,BUSINESS_DATE,String,8,,영업일자,
RDS,TRDESP01801,TRDESP01801,해외지수휴장시간정보 송신,DATA,5,기초자산시장달력ID,ULY_MKT_CALND_ID,String,10,,기초자산의 실거래가 이뤄지는 시장의 휴장일 및 휴장시간을 판단하기 위한 달력ID,
RDS,TRDESP01801,TRDESP01801,해외지수휴장시간정보 송신,DATA,6,휴장시작시각,NON-TRADING START_TIME,String,9,,해외지수 휴장 시작시각 (한국시각 기준),
RDS,TRDESP01801,TRDESP01801,해외지수휴장시간정보 송신,DATA,7,휴장종료시각,NON-TRADING END_TIME,String,9,,해외지수 휴장 종료시각 (한국시각 기준),
RDS,TRDESP01901,TRDESP01901,가격단위규칙,DATA,1,메세지일련번호,MESSAGE_SEQUENCE,Long,11,,메세지일련번호,신규
RDS,TRDESP01901,TRDESP01901,가격단위규칙,DATA,2,트랜잭션코드,TRANSACTION_ / CODE,String,11,,TRDESP01901,신규
RDS,TRDESP01901,TRDESP01901,가격단위규칙,DATA,3,전송일자,TRANSMIT_DATE,String,8,,YYYYMMDD / 데이터 생성일자,신규
RDS,TRDESP01901,TRDESP01901,가격단위규칙,DATA,4,영업일자,BUSINESS_DATE,String,8,,영업일자,신규
RDS,TRDESP01901,TRDESP01901,가격단위규칙,DATA,5,가격단위규칙ID,PRC_UNIT_RULE_ID,String,10,,"가격단위규칙ID(A1, A0.5, A0.1) / A1 : 1원/POINT / A0.5 : 0.5원/POINT / A0.1 : 0.1원/POINT",신규
RDS,TRDESP01901,TRDESP01901,가격단위규칙,DATA,6,구간최소가격,RNG_MIN_PRC,Float,11,,가격 구간대의 최소값. 당일 기준가격이나 실시간 현재가격 등의 특정 가격의 구간별로 규칙을 차등 적용하기 위한 용도,신규
RDS,TRDESP01901,TRDESP01901,가격단위규칙,DATA,7,구간최대가격,RNG_MAX_PRC,Float,11,,가격 구간대의 최대값. 당일 기준가격이나 실시간 현재가격 등의 특정 가격의 구간별로 규칙을 차등 적용하기 위한 용도,신규
RDS,TRDESP01901,TRDESP01901,가격단위규칙,DATA,8,가격단위,PRC_UNIT,Float,11,,호가를 제출할 수 있는 가격의 최소단위. 호가의 가격은 가격단위의 정배수로만 제출할 수 있음,신규
RDS,TRDERP00101,TRDERP00101,회원지점정보 수신,DATA,1,메세지일련번호,MESSAGE_SEQUENCE,Long,11,,메세지일련번호,
RDS,TRDERP00101,TRDERP00101,회원지점정보 수신,DATA,2,트랜잭션코드,TRANSACTION_ / CODE,String,11,,TRDERP00101,
RDS,TRDERP00101,TRDERP00101,회원지점정보 수신,DATA,3,전송일자,TRANSMIT_DATE,String,8,,YYYYMMDD / 데이터 생성일자,
RDS,TRDERP00101,TRDERP00101,회원지점정보 수신,DATA,4,영업일자,BUSINESS_DATE,String,8,,영업일자,
RDS,TRDERP00101,TRDERP00101,회원지점정보 수신,DATA,5,회원번호,MEMBER_NUMBER,String,5,,* 별첨 메시지 적용 원칙 참조 (회원번호가 5인 경우 : 00005 로 입력 ),
RDS,TRDERP00101,TRDERP00101,회원지점정보 수신,DATA,6,회원명,MEMBER_NAME,String,80,,회원사의 명칭,
RDS,TRDERP00101,TRDERP00101,회원지점정보 수신,DATA,7,지점수,NUMBER OF BRANCH,Long,6,,회원사의 지점 개수,
RDS,TRDERP00101,TRDERP00101,회원지점정보 수신,DATA,8,지점번호,BRANCH_NUMBER,String,5,,해당 지점의 번호 ( * 지점번호가 1인 경우 : 00001로 입력 ) / * 90000~90999 사용불가 /  : 지점번호값이 해당 범위에 속할경우 해당 지점의 데이터는 Skip /  : 해당 범위의 지점번호는 거래소 내부적으로 사용,
RDS,TRDERP00101,TRDERP00101,회원지점정보 수신,DATA,9,지점명,BRANCH_NAME,String,80,,해당 지점의 명칭,
RDS,TRDERP00101,TRDERP00101,회원지점정보 수신,DATA,10,우편번호,ZIP CODE,String,6,,해당 지점의 우편번호,
RDS,TRDERP00101,TRDERP00101,회원지점정보 수신,DATA,11,지점주소,BRANCH_ADDRESS,String,200,,지점주소,
RDS,TRDESP03301,TRDESP03301,경매매신청정보,DATA,1,메세지일련번호,MSG_SEQ,long,11,,메세지일련번호,
RDS,TRDESP03301,TRDESP03301,경매매신청정보,DATA,2,트랜잭션코드,TR_CD,String,11,,TRDESP03301,
RDS,TRDESP03301,TRDESP03301,경매매신청정보,DATA,3,시장ID,MKT_ID,String,3,,별첨-KRX 차세대 상품 ID체계 참조,
RDS,TRDESP03301,TRDESP03301,경매매신청정보,DATA,4,전송일자,TRNSM_DD,String,8,,YYYYMMDD / 데이터 생성일자,
RDS,TRDESP03301,TRDESP03301,경매매신청정보,DATA,5,경매매신청일자,ONEWAYAUCT_APPL_DD,String,8,,경매매 신청일자(매매일자),
RDS,TRDESP03301,TRDESP03301,경매매신청정보,DATA,6,증권그룹ID,SECUGRP_ID,String,2,,"증권그룹 ID (주식,투자회사,ETF,ELW,선물,옵션 등)",
RDS,TRDESP03301,TRDESP03301,경매매신청정보,DATA,7,종목코드,ISU_CD,string,12,,현물/파생/채권/REPO 통합상품의 종목 코드(ISIN종목코드),
RDS,TRDESP03301,TRDESP03301,경매매신청정보,DATA,8,매도매수구분코드,ASKBID_TP_CD,string,1,,"1 매도, 2 매수",
RDS,TRDESP03301,TRDESP03301,경매매신청정보,DATA,9,경매매신청회원번호,ONEWAYAUCT_APPL_MBR_NO,String,5,,경매매신청 회원번호,
RDS,TRDESP03301,TRDESP03301,경매매신청정보,DATA,10,경매매신청수량,ONEWAYAUCT_APPL_QTY,long,12,,경매매 매도신청수량,
RDS,TRDESP03301,TRDESP03301,경매매신청정보,DATA,11,경매매최소체결수량,ONEWAYAUCT_MIN_TRDVOL,long,12,,경매매 최소매도수량,
RDS,TRDESP03301,TRDESP03301,경매매신청정보,DATA,12,경매매최저입찰가격,ONEWAYAUCT_LWST_BID_PRC,String,11,,경매매 최저입찰가격,
RDS,TRDESP03401,TRDESP03401;TRDESP03402;TRDESP93402,보드별거래종목,DATA,1,메세지일련번호,MESSAGE_SEQUENCE,Long,11,,메세지일련번호,
RDS,TRDESP03401,TRDESP03401;TRDESP03402;TRDESP93402,보드별거래종목,DATA,2,트랜잭션코드,TRANSACTION_ / CODE,String,11,,TRDESP03401 / TRDESP03402,
RDS,TRDESP03401,TRDESP03401;TRDESP03402;TRDESP93402,보드별거래종목,DATA,3,시장ID,MARKET_ / IDENTIFICATION,String,3,,별첨-KRX 차세대 상품 ID체계 참고,
RDS,TRDESP03401,TRDESP03401;TRDESP03402;TRDESP93402,보드별거래종목,DATA,4,전송일자,TRANSMIT_DATE,String,8,,YYYYMMDD / 데이터 생성일자,
RDS,TRDESP03401,TRDESP03401;TRDESP03402;TRDESP93402,보드별거래종목,DATA,5,영업일자,BUSINESS_DATE,String,8,,영업일자 *파생야간시장은 당일 거래일(T+1일),
RDS,TRDESP03401,TRDESP03401;TRDESP03402;TRDESP93402,보드별거래종목,DATA,6,증권그룹ID,SECURITIES  / GROUP_ / IDENTIFICATION,String,2,,별첨-KRX 차세대 상품 ID체계 참고,
RDS,TRDESP03401,TRDESP03401;TRDESP03402;TRDESP93402,보드별거래종목,DATA,7,기초자산ID,UNDERLYING  / ASSET_ / IDENTIFICATION,String,3,,별첨-KRX 차세대 상품 ID체계 참고,
RDS,TRDESP03401,TRDESP03401;TRDESP03402;TRDESP93402,보드별거래종목,DATA,8,종목코드,ISSUE_CODE,String,12,,현물/파생/채권/REPO 통합상품의 종목 코드(ISIN종목코드),
RDS,TRDESP03401,TRDESP03401;TRDESP03402;TRDESP93402,보드별거래종목,DATA,9,보드ID,BOARD_ID,String,2,,별첨_보드ID 매핑 참고,
RDS,TRDESP03601,TRDESP03601,ETP지수구성,DATA,1,메세지일련번호,MSG_SEQ,long,11,,메세지일련번호,
RDS,TRDESP03601,TRDESP03601,ETP지수구성,DATA,2,트랜잭션코드,TR_CD,string,11,,TRDESP03601,
RDS,TRDESP03601,TRDESP03601,ETP지수구성,DATA,3,전송일자,TRNSM_DD,string,8,,YYYYMMDD / 데이터 생성일자,
RDS,TRDESP03601,TRDESP03601,ETP지수구성,DATA,4,지수산출기관코드,IDX_CALC_INST_CD,string,2,,▦▦코드값▦▦ / 01: KRX / 02: FnGuide / 03: S&P / 04: KIS 채권평가 / 05: MSCI / 06: CSI / 07: 한국자산평가(KAP) / 08: WiseFn / 09: HangSeng / 10: TSE(Tokyo Stock Exchange) / 11: Markit / 12: STOXX / 13: NASDAQ / 14: FTSE / 15: IISL(India Index Services and Products Ltd) / 16: BNY Mellon / 17: BNP Paribas / 18: LBMA,
RDS,TRDESP03601,TRDESP03601,ETP지수구성,DATA,5,지수시장분류ID,IDX_MKT_CLSS_ID,string,6,,"아래와 같은 형식의 CONCAT 문자열 /   - 대분류(2) + 중분류(2) + 소분류(2) / 값이 생략되는 분류의 자리는 '00'을 표기 / 중, 소분류 지정시 상위 분류의 값은 생략 할 수 없음",
RDS,TRDESP03601,TRDESP03601,ETP지수구성,DATA,6,지수일련번호,IDX_SEQ,string,3,,지수일련번호,
RDS,TRDESP03601,TRDESP03601,ETP지수구성,DATA,7,지수레버리지인버스구분코드,IDX_LVRG_INVRS_TP_CD,string,2,,▦▦코드값▦▦ / P1: 일반 (1) / P2: 2X 레버리지 (2) / P3: 3X 레버리지 (3) / PA: 0.5X 레버리지 (0.5) / PB: 1.5X 레버리지 (1.5) / PC: 2.5X 레버리지 (2.5) / PD: 1.3X 레버리지 (1.3) / N1: 1X 인버스 (-1) / N2: 2X 인버스 (-2) / N3: 3X 인버스 (-3) / NA: 0.5X 인버스 (-0.5) / NB: 1.5X 인버스 (-1.5) / NC: 2.5X 인버스 (-2.5) / ND: 1.3X 인버스 (-1.3),
RDS,TRDESP03601,TRDESP03601,ETP지수구성,DATA,8,지수명,IDX_NM,string,80,,지수명,
RDS,TRDESP03601,TRDESP03601,ETP지수구성,DATA,9,지수영문명,IDX_ENG_NM,string,80,,지수영문명,
RDS,TRDESP03601,TRDESP03601,ETP지수구성,DATA,10,지수ID,IDX_ID,string,12,,12자리 체계의 지수ID,
RDS,TRDESP03601,TRDESP03601,ETP지수구성,DATA,11,필러값,FILLER,String,9,,,
RDS,TRDESP03701,TRDESP03701,ETN 조기상환 조건,DATA,1,메세지일련번호,MSG_SEQ,long,11,,메세지일련번호,
RDS,TRDESP03701,TRDESP03701,ETN 조기상환 조건,DATA,2,트랜잭션코드,TR_CD,string,11,,TRDESP03701,
RDS,TRDESP03701,TRDESP03701,ETN 조기상환 조건,DATA,3,시장ID,MKT_ID,string,3,,별첨-KRX 차세대 상품 ID체계 참조,
RDS,TRDESP03701,TRDESP03701,ETN 조기상환 조건,DATA,4,전송일자,TRNSM_DD,string,8,,YYYYMMDD / 데이터 생성일자,
RDS,TRDESP03701,TRDESP03701,ETN 조기상환 조건,DATA,5,영업일자,BZ_DD,string,8,,영업일자,
RDS,TRDESP03701,TRDESP03701,ETN 조기상환 조건,DATA,6,종목코드,ISU_CD,string,12,,현물/파생/채권/REPO 통합상품의 종목 코드(ISIN종목코드),
RDS,TRDESP03701,TRDESP03701,ETN 조기상환 조건,DATA,7,ETN조기상환주기코드,ETN_EARY_REDMPT_CYCLE_CD,string,2,,손실제한 ETN의 조기상환 주기 구분 / ETN조기상환가능여부가 [Y]일때만 선택가능 / ▦▦코드값▦▦ / 01: 수시(매일) / 02: 매 3개월 / 03: 매 4개월 / 04: 매 6개월 / 05: 매 1년 (사양서에는 없음) / 06: 3개월부터 매 1개월 (사양서에는 없음) / 07: 6개월부터 매 1개월 (사양서에는 없음),
RDS,TRDESP03701,TRDESP03701,ETN 조기상환 조건,DATA,8,조기상환평가일자,EARY_REDMPT_VALU_DD,string,8,,조기상환평가일자 / 조기상환주기코드가 01:수시일 경우는 NULL,
RDS,TRDESP03701,TRDESP03701,ETN 조기상환 조건,DATA,9,조기상환조건관계코드,EARY_REDMPT_COND_REL_CD,string,1,,"조기상환기준1지수와 조기상환기준2지수 간의 관계 조건 코드 / 복수조건일 경우 기준1지수 < 기준2지수 조건으로 제약 / ▦▦코드값▦▦ / 1:단일조건(1지수이상) / 2:단일조건(1지수이하) / 3:복수조건(1지수이하,2지수이상) / 4:복수조건(1지수이상,2지수이하)",
RDS,TRDESP03701,TRDESP03701,ETN 조기상환 조건,DATA,10,조기상환기준1지수,EARY_REDMPT_BAS1_IDX,float,10,,조기상환기준1지수,
RDS,TRDESP03701,TRDESP03701,ETN 조기상환 조건,DATA,11,조기상환기준2지수,EARY_REDMPT_BAS2_IDX,float,10,,조기상환기준2지수,
RDS,TRDESP03701,TRDESP03701,ETN 조기상환 조건,DATA,12,제비용차감전조기상환가격,EARY_REDMPT_PRC,float,23,,제비용차감전조기상환가격,
RDS,TRDESP03701,TRDESP03701,ETN 조기상환 조건,DATA,13,조기상환지급일자,EARY_REDMPT_PAY_DD,string,8,,조기상환지급일자 / 조기상환주기코드가 01:수시일 경우는 NULL,
RDS,TRDESP03801,TRDESP03801,ETN 수익구조내용,DATA,1,메세지일련번호,MSG_SEQ,long,11,,메세지일련번호,
RDS,TRDESP03801,TRDESP03801,ETN 수익구조내용,DATA,2,트랜잭션코드,TR_CD,string,11,,TRDESP03801,
RDS,TRDESP03801,TRDESP03801,ETN 수익구조내용,DATA,3,시장ID,MKT_ID,string,3,,별첨-KRX 차세대 상품 ID체계 참조,
RDS,TRDESP03801,TRDESP03801,ETN 수익구조내용,DATA,4,전송일자,TRNSM_DD,string,8,,YYYYMMDD / 데이터 생성일자,
RDS,TRDESP03801,TRDESP03801,ETN 수익구조내용,DATA,5,영업일자,BZ_DD,string,8,,영업일자,
RDS,TRDESP03801,TRDESP03801,ETN 수익구조내용,DATA,6,종목코드,ISU_CD,string,12,,현물/파생/채권/REPO 통합상품의 종목 코드(ISIN종목코드),
RDS,TRDESP03801,TRDESP03801,ETN 수익구조내용,DATA,7,ETN수익구조내용,ETN_EARNG_STRUCT_CONTN,string,2000,,ETN 수익구조에 대한 설명 / 손실제한 ETN에서 사용,
RDS,TRDESP50101,TRDESP50101,채권종목정보,DATA,1,메세지일련번호,MSG_SEQ,long,11,,메세지일련번호,
RDS,TRDESP50101,TRDESP50101,채권종목정보,DATA,2,트랜잭션코드,TR_CD,String,11,,TRDESP50101,
RDS,TRDESP50101,TRDESP50101,채권종목정보,DATA,3,전송일자,TRNSM_DD,String,8,,YYYYMMDD  데이터 생성일자,
RDS,TRDESP50101,TRDESP50101,채권종목정보,DATA,4,영업일자,BZ_DD,String,8,,,
RDS,TRDESP50101,TRDESP50101,채권종목정보,DATA,5,시장ID,MARKET_ / IDENTIFICATION,String,3,,별첨-KRX 차세대 상품 ID체계 참고,
RDS,TRDESP50101,TRDESP50101,채권종목정보,DATA,6,종목코드,ISU_CD,string,12,,현물/파생/채권/REPO 통합상품의 종목 코드(ISIN종목코드),
RDS,TRDESP50101,TRDESP50101,채권종목정보,DATA,7,종목명,ISU_NM,string,80,,,
RDS,TRDESP50101,TRDESP50101,채권종목정보,DATA,8,종목약명,ISU_ABBRV,string,40,,,
RDS,TRDESP50101,TRDESP50101,채권종목정보,DATA,9,종목영문명,ISU_ENG_NM,string,80,,,
RDS,TRDESP50101,TRDESP50101,채권종목정보,DATA,10,종목영문약명,ISU_ENG_ABBRV,string,40,,,
RDS,TRDESP50101,TRDESP50101,채권종목정보,DATA,11,ME그룹번호,ME_GRP_NO,string,2,,매칭엔진 그룹번호,신규
RDS,TRDESP50101,TRDESP50101,채권종목정보,DATA,12,발행기관코드,ISUR_CD,string,5,,,
RDS,TRDESP50101,TRDESP50101,채권종목정보,DATA,13,채권상장구분코드,BND_LIST_TP_CD,string,1,,"Y:상장,D:상장폐지,   (N:비상장,I:미발행,E:기타)",
RDS,TRDESP50101,TRDESP50101,채권종목정보,DATA,14,채권분류코드,BND_CLSS_CD,string,6,,별첨_채권분류코드표 참고,
RDS,TRDESP50101,TRDESP50101,채권종목정보,DATA,15,채권유형코드,BND_TP_CD,string,2,,"국채:GB,  / 지방채:MB,  / 특수채:AB,  / 회사채:CO,  / 외국채: FO",
RDS,TRDESP50101,TRDESP50101,채권종목정보,DATA,16,지방채구분코드,MUNIBND_TP_CD,string,1,,"1:모집지역채, / 2:지역개발채, / 3:도시철도공채, / 4:기타지방채,5:기타",
RDS,TRDESP50101,TRDESP50101,채권종목정보,DATA,17,채권보증구분코드,BND_GUAR_TP_CD,string,1,,"1:보증, 2:부분보증, 3:담보부, 4:무보증, 5:정부보증, 6 커버드본드",
RDS,TRDESP50101,TRDESP50101,채권종목정보,DATA,18,지급보증율,GRT_RT,float,13,,부분보증인 경우에만 사용,
RDS,TRDESP50101,TRDESP50101,채권종목정보,DATA,19,특이채권유형코드,NUSUAL_BND_TP_CD,String,1,,1:일반채권 / 2:주식관련채권 / 3:ELN / 5:전자단기채권,
RDS,TRDESP50101,TRDESP50101,채권종목정보,DATA,20,옵션부사채코드,IMBDOPT_CORPBND_CD,string,1,,"1:Call,  / 2:Put,  / 3:Call&Put",
RDS,TRDESP50101,TRDESP50101,채권종목정보,DATA,21,이자지급방법코드,INT_PAY_METHD_CD,string,2,,"고정금리형(11:할인채,12:복리채, 13:이표채, 14:단리채,15:복5단2, 19:기타) 변동금리형(21:이표채, 22:복리채, 23:단리채, 29:기타)",
RDS,TRDESP50101,TRDESP50101,채권종목정보,DATA,22,리스크채권상환유형코드,RISK_BND_REDMPT_TP_CD,sting,1,,"1:만기상환, 2:분할상환, 3:영구채",
RDS,TRDESP50101,TRDESP50101,채권종목정보,DATA,23,채권발행방법코드,BND_ISU_METHD_CD,string,3,,"첫째자리 : 공모채간접발행, 둘째자리 : 공모채직접발행, 세째자리:사모채 ==> 해당하는 자리에 1로 Setting하고 해당하지 아니한 경우 0으로 Setting",
RDS,TRDESP50101,TRDESP50101,채권종목정보,DATA,24,자산유동화구분코드,ASST_SECUTIZ_TP_CD,string,2,,"11:ABS(채권형),12:ABS(수익증권형),13:ABS(비정형),21:MBS(채권),22:MBS(수익증권형), 31:SLBS(채권형), 32:SLBS(수익증권형)",
RDS,TRDESP50101,TRDESP50101,채권종목정보,DATA,25,채무변제순위구분코드,DEBT_REPAY_RANK_TP_CD,string,1,,"1:선순위(default),2:중순위,3:후순위,4:후후순위",
RDS,TRDESP50101,TRDESP50101,채권종목정보,DATA,26,상장일자,LIST_DD,string,8,,,
RDS,TRDESP50101,TRDESP50101,채권종목정보,DATA,27,발행일자,ISU_DD,string,8,,,
RDS,TRDESP50101,TRDESP50101,채권종목정보,DATA,28,상환일자,REDMPT_DD,string,8,,"영구채인 경우 ""99991231""",
RDS,TRDESP50101,TRDESP50101,채권종목정보,DATA,29,매출일,SALE_DD,string,8,,선매출채권중 원천징수를 하지 않는 은행체등의 경우에만 표기(소액국공채 등은 표기치 않음),
RDS,TRDESP50101,TRDESP50101,채권종목정보,DATA,30,최초이자지급일자,FST_INT_PAY_DD,string,8,,이표채인 경우에 사용,
RDS,TRDESP50101,TRDESP50101,채권종목정보,DATA,31,채권발행율,BND_ISU_RT,float,13,,채권발행율 및 발행가액의 의미를 가짐,
RDS,TRDESP50101,TRDESP50101,채권종목정보,DATA,32,표면이자율,COUPN_RT,float,14,,표면이자율,
RDS,TRDESP50101,TRDESP50101,채권종목정보,DATA,33,이자지급계산월수,INT_PAY_CALC_MMS,long,4,,"0:불규칙,0<이자지급계산월수: 규칙의 경우 개월수(이표채,복리채,나머지는 표기하지 않음)",
RDS,TRDESP50101,TRDESP50101,채권종목정보,DATA,34,이표지급방법코드,COUPN_PAY_METHD_CD,string,1,,"1:선급, 2:후급",
RDS,TRDESP50101,TRDESP50101,채권종목정보,DATA,35,이자일지급기준구분코드,INT_DD_PAY_BAS_TP_CD,string,1,,"1:발행일, 2:상환일(채권부 입력사항)",
RDS,TRDESP50101,TRDESP50101,채권종목정보,DATA,36,이자월말구분코드,INT_MMEND_TP_CD,string,1,,"1:일자기준,2: 말일기준(채권부 입력사항)",
RDS,TRDESP50101,TRDESP50101,채권종목정보,DATA,37,이자원단위미만처리코드,INT_UNWON_UD_PROCS_CD,string,1,,"1:절사, 2:절상, 3:사사오입, 4:원미만인정",
RDS,TRDESP50101,TRDESP50101,채권종목정보,DATA,38,이자지급단위월수,INT_PAY_UNIT_MMS,string,4,,"이표채,복리채,분할상환채인 경우에만 사용(이표채:3개월 후급인경우 3개월,복리채:실질적으로 이자는 만기시 지급됨 이경우 이자지급단위월수는 만기 개월임",
RDS,TRDESP50101,TRDESP50101,채권종목정보,DATA,39,채권매출형태코드,BND_SALE_TP_CD,string,1,,"1:선매출,2:비매출,3:후매출",
RDS,TRDESP50101,TRDESP50101,채권종목정보,DATA,40,채권선매출이자지급방법코드,BND_PRE_SALE_INT_PAY_METHD_CD,string,1,,"1:매출시,2: 최초 이자지급시, 3:상환시, 4:매출시(국고채유형)  ==>'매출형태'가 선매출(1)인 경우에만 사용",
RDS,TRDESP50101,TRDESP50101,채권종목정보,DATA,41,발행금액,ISU_AMT,float,22,,단위 1원(포인트),
RDS,TRDESP50101,TRDESP50101,채권종목정보,DATA,42,상장금액,LIST_AMT,float,22,,단위 1원(포인트),
RDS,TRDESP50101,TRDESP50101,채권종목정보,DATA,43,일괄금액확정여부,PACK_AMT_FINAL_YN,string,1,,일괄상장종목의 경우 발행금액 및 상장금액이 확정시 'Y' 미확정시 'N',
RDS,TRDESP50101,TRDESP50101,채권종목정보,DATA,44,통화구분코드,CURR_TP_CD,string,1,,"1:원화(default), 2:US$, 3:엔, 4:유로화, 5:위안화",
RDS,TRDESP50101,TRDESP50101,채권종목정보,DATA,45,만기상환비율,EXP_REDMPT_RTO,float,13,,만기에 상환하는 비율(주로 주식관련사채권의 경우에 많음),
RDS,TRDESP50101,TRDESP50101,채권종목정보,DATA,46,보장수익률,GRT_YD,float,13,,만기에 발행사에서  보장하는 만기보장 수익률(예:8%등),
RDS,TRDESP50101,TRDESP50101,채권종목정보,DATA,47,보장수익률적용일자,GRT_YD_STRT_DD,string,8,,보장수익률을 적용하는 최초일 기재(예:3년만기 회사채의 경우 만기 1달전부터 등),
RDS,TRDESP50101,TRDESP50101,채권종목정보,DATA,48,추가수익률,ADD_YD,float,13,,보장수익률 이외에 추가수익률,
RDS,TRDESP50101,TRDESP50101,채권종목정보,DATA,49,추가수익률적용일자,ADD_YD_STRT_DD,string,8,,추가수익률을 적용하는 최초일 기재,
RDS,TRDESP50101,TRDESP50101,채권종목정보,DATA,50,시설자금,EQMT_FND,float,22,,단위:1원,
RDS,TRDESP50101,TRDESP50101,채권종목정보,DATA,51,운영자금,OPER_FND,float,22,,단위:1원,
RDS,TRDESP50101,TRDESP50101,채권종목정보,DATA,52,차환자금,REFUND_FND,float,22,,단위:1원,
RDS,TRDESP50101,TRDESP50101,채권종목정보,DATA,53,기타자금,MISC_FND,float,22,,단위:1원,
RDS,TRDESP50101,TRDESP50101,채권종목정보,DATA,54,기명여부,SIGN_YN,string,1,,"기명:'Y', 무기명:'N'",
RDS,TRDESP50101,TRDESP50101,채권종목정보,DATA,55,과세여부,TAX_YN,string,1,,"과세:'Y',비과세:'N'  (채권부입력)",
RDS,TRDESP50101,TRDESP50101,채권종목정보,DATA,56,주관기관코드,MAJAGNT_INST_CD,string,4,,,
RDS,TRDESP50101,TRDESP50101,채권종목정보,DATA,57,지급보증기관코드,GRT_INST_CD,string,4,,보증구분이 보증인 경우 해당기관코드가 존재해야 함(상호 Check),
RDS,TRDESP50101,TRDESP50101,채권종목정보,DATA,58,수탁기관코드,TRST_INST_CD,string,4,,,
RDS,TRDESP50101,TRDESP50101,채권종목정보,DATA,59,등록기관코드,REG_INST_CD,string,4,,,
RDS,TRDESP50101,TRDESP50101,채권종목정보,DATA,60,원리금지급대행기관코드,PRINCINT_PAY_AGNT_CD,string,4,,채권 기관코드(TRDESP50401) 참조,
RDS,TRDESP50101,TRDESP50101,채권종목정보,DATA,61,채권단축코드,BND_SRT_CD,string,9,,,
RDS,TRDESP50101,TRDESP50101,채권종목정보,DATA,62,채권상장폐지사유코드,BND_DELIST_RSN_CD,string,2,,"01:만기상황,02:중도전액상환,03:권리행사완료 등",
RDS,TRDESP50101,TRDESP50101,채권종목정보,DATA,63,채권상장폐지일자,BND_DELIST_DD,string,8,,,
RDS,TRDESP50101,TRDESP50101,채권종목정보,DATA,64,주식관련사채권리구분코드,STK_REL_CORPBND_RGHT_TP_CD,string,2,,"10:전환권, 21신주인수권(분리형), 22신주인수권(비분리형),31:교환권(분리형),32:교환권(비분리형) 40:이익참가권",
RDS,TRDESP50101,TRDESP50101,채권종목정보,DATA,65,대상종목코드,OBJ_ISU_CD,string,12,,,
RDS,TRDESP50101,TRDESP50101,채권종목정보,DATA,66,대상종목명,OBJ_ISU_NM,string,60,,"권리구분이 '10','21','22','31','32'인 경우의 주식종목명",
RDS,TRDESP50101,TRDESP50101,채권종목정보,DATA,67,주식관련사채권리행사가격,STK_REL_CORPBND_EXER_PRC,float,11,,"행사의 의미 : 전환권행사, 신주인수권행사, 교환권행사 등을 포함 / 소수점 미만 첫째, 둘째 자리의 값은 0으로 고정",
RDS,TRDESP50101,TRDESP50101,채권종목정보,DATA,68,행사비율,EXER_RTO,float,7,,"행사의 의미 : 전환권행사, 신주인수권행사, 교환권행사 등을 포함",
RDS,TRDESP50101,TRDESP50101,채권종목정보,DATA,69,행사개시일자,EXER_STRT_DD,string,8,,"행사의 의미 : 전환권행사, 신주인수권행사, 교환권행사 등을 포함",
RDS,TRDESP50101,TRDESP50101,채권종목정보,DATA,70,행사종료일자,EXER_END_DD,string,8,,"행사의 의미 : 전환권행사, 신주인수권행사, 교환권행사 등을 포함",
RDS,TRDESP50101,TRDESP50101,채권종목정보,DATA,71,현금납입비율,CASH_PAY_RTO,long,4,,현금납입 비율 %,
RDS,TRDESP50101,TRDESP50101,채권종목정보,DATA,72,대용납입비율,SB_PAY_RTO,long,4,,대용납입 비율 %,
RDS,TRDESP50101,TRDESP50101,채권종목정보,DATA,73,청구기관코드,CLM_INST_CD,string,4,,청구기관코드,
RDS,TRDESP50101,TRDESP50101,채권종목정보,DATA,74,배당기산일구분코드,DIV_RECK_DD_TP_CD,string,1,,"1:행사일,2:직전년도말,3:당해년도말",
RDS,TRDESP50101,TRDESP50101,채권종목정보,DATA,75,이익참가누적여부,PROFT_PARTC_ACC_YN,string,1,,"누적적: 'Y', 비누적적:'N'",
RDS,TRDESP50101,TRDESP50101,채권종목정보,DATA,76,신주인수권행사이후종목코드,SUBSRGHT_EXER_AF_ISU_CD,string,12,,비분리형 신주인수권인 경우 신주인수권을 행사후 생성되는 순수한 채권의 종목코드,
RDS,TRDESP50101,TRDESP50101,채권종목정보,DATA,77,분할상환유형구분코드,SPLIT_REDMPT_TP_CD,string,1,,"'상환방법'이 분할상환인 경우==>1:원금균등(default), 2:원리금균등, 3:불균등",
RDS,TRDESP50101,TRDESP50101,채권종목정보,DATA,78,균등상환액,EQUIV_REDMPT_VAL,float,22,,"단위:1원 ('분할상환구분'이 원금균등, 원리금균등의 경우 사용)",
RDS,TRDESP50101,TRDESP50101,채권종목정보,DATA,79,거치개월수,DEFR_MMS,long,4,,"개월수로 입력 ('분할상환구분'이 원금균등, 원리금균등의 경우 사용)",
RDS,TRDESP50101,TRDESP50101,채권종목정보,DATA,80,상환기간이자구분코드,REDMPT_PD_INT_TP_CD,string,1,,"1:단리,2:복리,3:이표채 ('분할상환구분'이 원금균등, 원리금균등의 경우 사용)",
RDS,TRDESP50101,TRDESP50101,채권종목정보,DATA,81,분할상환횟수,SPLIT_REDMPT_CNT,long,5,,"분할 상환횟수 표시 ('분할상환구분'이 원금균등, 원리금균등의 경우 사용)",
RDS,TRDESP50101,TRDESP50101,채권종목정보,DATA,82,이자율결정기타기준금리명,INT_RT_DECSN_MISC_BAS_INT_NM,string,20,,변동금리 및 이자율결정기준 금리의 기타 기준금리 항목을 텍스트로 송신(20BYTES초과부분은 잘라서 송신),
RDS,TRDESP50101,TRDESP50101,채권종목정보,DATA,83,가산금리,SPD,float,10,,가산금리 또는 차감금리  (음수인 경우는 '-' 부호 포함됨),
RDS,TRDESP50101,TRDESP50101,채권종목정보,DATA,84,상한표면이자율,UPLMT_COUPN_RT,float,14,,표면이율 결정의 상한선 이율,
RDS,TRDESP50101,TRDESP50101,채권종목정보,DATA,85,하한표면이자율,LOWLMT_COUPN_RT,float,14,,표면이율 결정의 하한선 이율,
RDS,TRDESP50101,TRDESP50101,채권종목정보,DATA,86,거래정지여부,HALT_YN,string,1,,"Y:거래정지, N:거래재개",
RDS,TRDESP50101,TRDESP50101,채권종목정보,DATA,87,거래정지사유코드,HALT_RSN_CD,string,3,,별첨_거래정지사유코드 참고,
RDS,TRDESP50101,TRDESP50101,채권종목정보,DATA,88,소액매매종류코드,SMALL_TRD_KIND_CD,string,3,,소액매매종류코드,
RDS,TRDESP50101,TRDESP50101,채권종목정보,DATA,89,전기이자지급일자,PREVPD_INT_PAY_DD,string,8,,,
RDS,TRDESP50101,TRDESP50101,채권종목정보,DATA,90,차기이자지급일자,NXTPD_INT_PAY_DD,string,8,,,
RDS,TRDESP50101,TRDESP50101,채권종목정보,DATA,91,대용가격,SB_PRC,float,11,,"소수점 미만 첫째, 둘째 자리의 값은 0으로 고정",
RDS,TRDESP50101,TRDESP50101,채권종목정보,DATA,92,환율적용대용가격,EXCHRT_APPL_SB_PRC,float,11,,미사용 : '00000000000',
RDS,TRDESP50101,TRDESP50101,채권종목정보,DATA,93,채권종가,BND_CLSPRC,float,11,,소수점 미만 둘째 자리의 값은 0으로 고정,
RDS,TRDESP50101,TRDESP50101,채권종목정보,DATA,94,종가수익률,CLSPRC_YD,float,13,,"부호, 소수점 모두 포함",
RDS,TRDESP50101,TRDESP50101,채권종목정보,DATA,95,종가형성일자,CLSPRC_FORM_DD,string,8,,,
RDS,TRDESP50101,TRDESP50101,채권종목정보,DATA,96,I/F거래량,IF_TRDVOL,long,16,,,
RDS,TRDESP50101,TRDESP50101,채권종목정보,DATA,97,기준가격,BAS_PRC,float,11,,소수점 미만 둘째 자리의 값은 0으로 고정,
RDS,TRDESP50101,TRDESP50101,채권종목정보,DATA,98,특이발행조건내용,NUSUAL_ISU_COND_CONTN,string,60,,,
RDS,TRDESP50101,TRDESP50101,채권종목정보,DATA,99,은행휴무일이자지급결정코드,BK_HOLDY_DD_INT_PAY_DECSN_CD,string,1,,1:직전영업일 (직후영업일에 지급시 경과이자 없음) / 2:직전영업일 (직후영업일에 지급시 경과이자 있음) / 3:직후영업일 (경과이자 없음) / 4:직후영업일 (경과이자 있음) / 5:해당사항 없음,
RDS,TRDESP50101,TRDESP50101,채권종목정보,DATA,100,신종자본증권여부,HBRDBND_YN,string,1,,Y:신종자본증권 해당 N:미해당,
RDS,TRDESP50101,TRDESP50101,채권종목정보,DATA,101,조건부자본증권유형코드,COND_CAP_SECU_TP_CD,string,1,,조건부자본증권의 유형을 의미 / 1.주식전환형 조건부 자본증권 / 2.상각형 조건부 자본증권,
RDS,TRDESP50101,TRDESP50101,채권종목정보,DATA,102,표면이자율확정여부,COUPN_RT_FINAL_YN,string,1,,'Y',
RDS,TRDESP50101,TRDESP50101,채권종목정보,DATA,103,채권스트립구분코드,BND_STRIP_TP_CD,string,1,,"1=일반채권, 2=원금분리, 3=이자분리",
RDS,TRDESP50101,TRDESP50101,채권종목정보,DATA,104,대상원본채권코드,OBJ_ORGN_BND_CD,string,12,,원금분리채권만 해당,
RDS,TRDESP50101,TRDESP50101,채권종목정보,DATA,105,스트립미분리잔액,STRIP_NSPRT_BAL,float,22,,대상원본국고채권만 해당 / 2006년 이후 발행된 만기5년 이상의 국고채권에 대하여 상장잔액=스트립미분리잔액으로 입력,
RDS,TRDESP50101,TRDESP50101,채권종목정보,DATA,106,물가연동여부,INFLLNK_YN,string,1,,"Y-Yes, N-No",
RDS,TRDESP50101,TRDESP50101,채권종목정보,DATA,107,발행일참조지수,ISU_DD_REF_IDX,float,11,,발행일참조지수,
RDS,TRDESP50101,TRDESP50101,채권종목정보,DATA,108,표면이자율결정기준금리코드,COUPN_RT_DECSN_BAS_INT_CD,string,2,,코드 내용은 별도 참조,
RDS,TRDESP50101,TRDESP50101,채권종목정보,DATA,109,이자율결정기준일자,INT_RT_DECSN_BAS_DD,string,8,,최초이자에 적용되는 기준금리 적용일자 / (국고채 FRN 해당),
RDS,TRDESP50101,TRDESP50101,채권종목정보,DATA,110,채권단수일이자기준구분코드,BND_ODDLOTDD_INT_BAS_TP_CD,string,1,,"1:360일, 2:365일, 3:366일",
RDS,TRDESP50101,TRDESP50101,채권종목정보,DATA,111,은행휴무일이자기준금리코드,BK_HOLDY_DD_INT_BAS_INT_CD,string,1,,1 : 표면금리 2: 시중금리,
RDS,TRDESP50101,TRDESP50101,채권종목정보,DATA,112,은행휴무일이자대비경과이자율,BK_HOLDY_DD_INT_CMP_ACRINT_RT,float,14,,,
RDS,TRDESP50101,TRDESP50101,채권종목정보,DATA,113,은행휴무원금지급일결정코드,BK_HOLDY_PRINC_PAY_DD_DECSN_CD,string,1,,"1:직전영업일(경과이자 없음), 2:직전영업일(경과이자 있음),3:직후영업일(경과이자 없음),4:직후영업일(경과이자 있음),5:해당사항없음",
RDS,TRDESP50101,TRDESP50101,채권종목정보,DATA,114,은행휴무일원금기준금리코드,BK_HOLDY_DD_PRINC_BAS_INT_CD,string,1,,1 : 표면금리 2: 시중금리,
RDS,TRDESP50101,TRDESP50101,채권종목정보,DATA,115,은행휴무일원금경과이자율,BK_HOLDY_DD_PRINC_ACRINT_RT,float,14,,,
RDS,TRDESP50101,TRDESP50101,채권종목정보,DATA,116,정리매매여부,ARRANTRD_YN,string,1,,Y:정리매매대상  N:정리매매비대상,
RDS,TRDESP50101,TRDESP50101,채권종목정보,DATA,117,소매채권분류코드,RETAIL_BND_CLSS_CD,string,2,,"GA:국채, MA:통안채, BA:금융채 /  SA:비금융특수채, CA:회사채, ET:지방채 ,EC:기타",
RDS,TRDESP50101,TRDESP50101,채권종목정보,DATA,118,공매도제한대상여부,SRTSELL_LMT_OBJ_YN,string,1,,Y:공매도 제한대상   N:공매도제한대상아님,
RDS,TRDESP50101,TRDESP50101,채권종목정보,DATA,119,상한가,UPLMTPRC,float,11,,채권상한가격 / 소수점 미만 둘째 자리의 값은 0으로 고정,
RDS,TRDESP50101,TRDESP50101,채권종목정보,DATA,120,하한가,LWLMTPRC,float,11,,채권하한가격 / 소수점 미만 둘째 자리의 값은 0으로 고정,
RDS,TRDESP50101,TRDESP50101,채권종목정보,DATA,121,가격단위규칙ID,PRC_UNIT_RULE_ID,string,10,,"가격단위규칙ID(A1, A0.5, A0.1) / A1 : 1원/POINT / A0.5 : 0.5원/POINT / A0.1 : 0.1원/POINT",
RDS,TRDESP50101,TRDESP50101,채권종목정보,DATA,122,투자유의채권구분코드,INVSTWARN_BND_TP_CD,string,1,,0: 해당없음 / 1: 지정예고 / 2: 지정,
RDS,TRDESP50101,TRDESP50101,채권종목정보,DATA,123,분할상환일자,SPLIT_REDEMPT_DD,string,8,,YYYYMMDD,
RDS,TRDESP50102,TRDESP50102,KTS종목정보,DATA,1,메세지일련번호,MSG_SEQ,long,11,,메세지일련번호,
RDS,TRDESP50102,TRDESP50102,KTS종목정보,DATA,2,트랜잭션코드,TR_CD,String,11,,TRDESP50102,
RDS,TRDESP50102,TRDESP50102,KTS종목정보,DATA,3,전송일자,TRANSMIT_DATE,String,8,,YYYYMMDD / 데이터 생성일자,
RDS,TRDESP50102,TRDESP50102,KTS종목정보,DATA,4,영업일자,BZ_DD,string,8,,영업일자,
RDS,TRDESP50102,TRDESP50102,KTS종목정보,DATA,5,시장ID,MARKET_ / IDENTIFICATION,String,3,,별첨-KRX 차세대 상품 ID체계 참고,
RDS,TRDESP50102,TRDESP50102,KTS종목정보,DATA,6,보드ID,BOARD_ID,String,2,,별첨_보드ID 매핑 참고,
RDS,TRDESP50102,TRDESP50102,KTS종목정보,DATA,7,종목코드,ISU_CD,string,12,,현물/파생/채권/REPO 통합상품의 종목 코드(ISIN종목코드),
RDS,TRDESP50102,TRDESP50102,KTS종목정보,DATA,8,종가,CLSPRC,float,11,,종가격 /  / 소수점 미만 둘째 자리의 값은 0으로 고정,
RDS,TRDESP50102,TRDESP50102,KTS종목정보,DATA,9,종가수익률,CLSPRC_YIELD,float,13,,당일 형성된 최종 채권수익률을 의미함,
RDS,TRDESP50102,TRDESP50102,KTS종목정보,DATA,10,"기준가격,기준가액",BAS_PRC,float,11,,"당일 매매의 기준이 되는 가격 / 상한가, 하한가 산출의 기준이 되는 가격 /  / 소수점 미만 둘째 자리의 값은 0으로 고정",
RDS,TRDESP50102,TRDESP50102,KTS종목정보,DATA,11,국채종목구분코드,,string,1,,국채종목의구분코드 / W:발행일전거래(WIT) / 0:선매출('15.03.16) / 1:지표 / 2:경과,
RDS,TRDESP50102,TRDESP50102,KTS종목정보,DATA,12,국채종류코드,,string,3,,"국채종류 코드 / 025:양곡채, (삭제됨) / 027:외평채 / 035:국고채 / 101:통안채 / 526:예보채 / 835:국고변동 / 935:국고물가 / C35:스트립국고채('15.03.16)",
RDS,TRDESP50102,TRDESP50102,KTS종목정보,DATA,13,거래정지여부,HALT_YN,string,1,,"Y:거래정지, N:거래재개",
RDS,TRDESP50102,TRDESP50102,KTS종목정보,DATA,14,거래정지사유코드,HALT_RSN_CD,string,3,,별첨_거래정지사유코드 참고,
RDS,TRDESP50102,TRDESP50102,KTS종목정보,DATA,15,종목한글명,ISSUE_KOREAN_ / NAME,string,80,,"종목의 한글명칭(삼성전자 보통주), 유/코 40, 선/옵 50",
RDS,TRDESP50102,TRDESP50102,KTS종목정보,DATA,16,종목한글약명,ISSUE_KOREAN_ / ABBREVIATION,string,40,,"종목의 한글약명(삼성전자), 유/코 20, 선/옵 25",
RDS,TRDESP50102,TRDESP50102,KTS종목정보,DATA,17,종목영문명,ISSUE_ENGLISH_ / NAME,string,80,,"종목의 영문명칭 / 유/코 40, 선/옵 50",
RDS,TRDESP50102,TRDESP50102,KTS종목정보,DATA,18,종목영문약명,ISSUE_ENGLISH_ / ABBREVIATION,string,40,,"종목의 영문약명(Samsung Elec), 유/코 20, 선/옵 25",
RDS,TRDESP50102,TRDESP50102,KTS종목정보,DATA,19,물가연동여부,INFLLNK_YN,string,1,,"Y-Yes, N-No",
RDS,TRDESP50102,TRDESP50102,KTS종목정보,DATA,20,스트립시장조성여부,STRIP_MM_YN,string,1,,Y: 스트립 시장조성여부 해당 N: 미해당,
RDS,TRDESP50102,TRDESP50102,KTS종목정보,DATA,21,가격단위규칙ID,PRC_UNIT_RULE_ID,String,10,,호가를 제출할 수 있는 가격의 최소단위를 제한하는 규칙을 식별하기 위한 ID,
RDS,TRDESP50201,TRDESP50201,채권종목별 신용평가정보,DATA,1,메세지일련번호,MSG_SEQ,long,11,,메세지일련번호,
RDS,TRDESP50201,TRDESP50201,채권종목별 신용평가정보,DATA,2,트랜잭션코드,TR_CD,String,11,,TRDESP50201,
RDS,TRDESP50201,TRDESP50201,채권종목별 신용평가정보,DATA,3,전송일자,TRNSM_DD,String,8,,YYYYMMDD  데이터 생성일자,
RDS,TRDESP50201,TRDESP50201,채권종목별 신용평가정보,DATA,4,영업일자,BZ_DD,String,8,,,
RDS,TRDESP50201,TRDESP50201,채권종목별 신용평가정보,DATA,5,시장ID,MARKET_ / IDENTIFICATION,String,3,,별첨-KRX 차세대 상품 ID체계 참고,
RDS,TRDESP50201,TRDESP50201,채권종목별 신용평가정보,DATA,6,종목코드,ISU_CD,string,12,,현물/파생/채권/REPO 통합상품의 종목 코드(ISIN종목코드),
RDS,TRDESP50201,TRDESP50201,채권종목별 신용평가정보,DATA,7,신용평가기관코드,CREDIT_VALU_INST_CD,string,4,,,
RDS,TRDESP50201,TRDESP50201,채권종목별 신용평가정보,DATA,8,기관별신용평가등급,BYINST_CREDIT_VALU_GRD,string,4,,,
RDS,TRDESP50201,TRDESP50201,채권종목별 신용평가정보,DATA,9,SF평가여부,SF_VALU_YN,string,1,,신용평가에서 structured finance  (구조화금융) 여부를 구분,
RDS,TRDESP50301,TRDESP50301,채권 발행기관코드,DATA,1,메세지일련번호,MSG_SEQ,long,11,,메세지일련번호,
RDS,TRDESP50301,TRDESP50301,채권 발행기관코드,DATA,2,트랜잭션코드,TR_CD,String,11,,TRDESP50301,
RDS,TRDESP50301,TRDESP50301,채권 발행기관코드,DATA,3,전송일자,TRNSM_DD,String,8,,YYYYMMDD  데이터 생성일자,
RDS,TRDESP50301,TRDESP50301,채권 발행기관코드,DATA,4,영업일자,BZ_DD,String,8,,,
RDS,TRDESP50301,TRDESP50301,채권 발행기관코드,DATA,5,발행기관코드,ISUR_CD,string,5,,,
RDS,TRDESP50301,TRDESP50301,채권 발행기관코드,DATA,6,회사명,COM_NM,string,80,,,
RDS,TRDESP50301,TRDESP50301,채권 발행기관코드,DATA,7,회사약명,COM_ABBRV,String,40,,,
RDS,TRDESP50301,TRDESP50301,채권 발행기관코드,DATA,8,회사영문명,COM_ENG_NM,string,80,,,
RDS,TRDESP50301,TRDESP50301,채권 발행기관코드,DATA,9,회사영문약명,COM_ENG_ABBRV,String,40,,,
RDS,TRDESP50401,TRDESP50401,채권 기관코드,DATA,1,메세지일련번호,MSG_SEQ,long,11,,메세지일련번호,
RDS,TRDESP50401,TRDESP50401,채권 기관코드,DATA,2,트랜잭션코드,TR_CD,String,11,,TRDESP50401,
RDS,TRDESP50401,TRDESP50401,채권 기관코드,DATA,3,전송일자,TRNSM_DD,String,8,,YYYYMMDD 데이터 생성일자,
RDS,TRDESP50401,TRDESP50401,채권 기관코드,DATA,4,영업일자,BZ_DD,String,8,,,
RDS,TRDESP50401,TRDESP50401,채권 기관코드,DATA,5,기관코드,INST_CD,String,4,,,
RDS,TRDESP50401,TRDESP50401,채권 기관코드,DATA,6,기관명,INST_NM,String,80,,,
RDS,TRDESP50401,TRDESP50401,채권 기관코드,DATA,7,기관단축명,INST_SRT_NM,String,40,,,
RDS,TRDESP50401,TRDESP50401,채권 기관코드,DATA,8,기관영문명,INST_ENG_NM,String,80,,,
RDS,TRDESP50401,TRDESP50401,채권 기관코드,DATA,9,기관영문단축명,INST_ENG_SRT_NM,String,40,,,
RDS,TRDESP50501,TRDESP50501,소액채권 매매종류정보,DATA,1,메세지일련번호,MSG_SEQ,long,11,,메세지일련번호,
RDS,TRDESP50501,TRDESP50501,소액채권 매매종류정보,DATA,2,트랜잭션코드,TR_CD,String,11,,TRDESP50501,
RDS,TRDESP50501,TRDESP50501,소액채권 매매종류정보,DATA,3,전송일자,TRNSM_DD,String,8,,YYYYMMDD  데이터 생성일자,
RDS,TRDESP50501,TRDESP50501,소액채권 매매종류정보,DATA,4,영업일자,BZ_DD,String,8,,,
RDS,TRDESP50501,TRDESP50501,소액채권 매매종류정보,DATA,5,소액매매종류코드,SMALL_TRD_KIND_CD,string,3,,,
RDS,TRDESP50501,TRDESP50501,소액채권 매매종류정보,DATA,6,소액매매종류명,SMALL_TRD_KIND_NM,string,20,,,
RDS,TRDESP50501,TRDESP50501,소액채권 매매종류정보,DATA,7,소액매매종류약명,SMALL_TRD_KIND_ABBRV,string,10,,,
RDS,TRDESP50501,TRDESP50501,소액채권 매매종류정보,DATA,8,종류호가가능여부,KIND_ORD_POSBL_YN,string,1,,,
RDS,TRDESP50601,TRDESP50601,소액채권 전담회원정보,DATA,1,메세지일련번호,MSG_SEQ,long,11,,메세지일련번호,
RDS,TRDESP50601,TRDESP50601,소액채권 전담회원정보,DATA,2,트랜잭션코드,TRANSACTION_ / CODE,String,11,,TRDESP50601,
RDS,TRDESP50601,TRDESP50601,소액채권 전담회원정보,DATA,3,전송일자,TRNSM_DD,String,8,,YYYYMMDD  데이터 생성일자,
RDS,TRDESP50601,TRDESP50601,소액채권 전담회원정보,DATA,4,영업일자,BZ_DD,String,8,,,
RDS,TRDESP50601,TRDESP50601,소액채권 전담회원정보,DATA,5,회원번호,MBR_NO,string,5,,,
RDS,TRDESP50701,TRDESP50701,소액채권 신고시장수익률,DATA,1,메세지일련번호,MSG_SEQ,long,11,,메세지일련번호,
RDS,TRDESP50701,TRDESP50701,소액채권 신고시장수익률,DATA,2,트랜잭션코드,TR_CD,String,11,,TRDESP50701,
RDS,TRDESP50701,TRDESP50701,소액채권 신고시장수익률,DATA,3,전송일자,TRNSM_DD,String,8,,YYYYMMDD  데이터 생성일자,
RDS,TRDESP50701,TRDESP50701,소액채권 신고시장수익률,DATA,4,일자,DD,string,8,,,
RDS,TRDESP50701,TRDESP50701,소액채권 신고시장수익률,DATA,5,소액매매종류코드,SMALL_TRD_KIND_CD,string,3,,소액매매종류코드,
RDS,TRDESP50701,TRDESP50701,소액채권 신고시장수익률,DATA,6,신고시장종가수익률,DECL_MKT_CLSPRC_YD,float,13,,신고시장수익률 (익일종가수익률) / 소수점 포함,
RDS,TRDESP50801,TRDESP50801,결제적용 물가연동계수,DATA,1,메세지일련번호,MSG_SEQ,long,11,,메세지일련번호,
RDS,TRDESP50801,TRDESP50801,결제적용 물가연동계수,DATA,2,트랜잭션코드,TR_CD,String,11,,TRDESP50801,
RDS,TRDESP50801,TRDESP50801,결제적용 물가연동계수,DATA,3,전송일자,TRNSM_DD,String,8,,YYYYMMDD  데이터 생성일자,
RDS,TRDESP50801,TRDESP50801,결제적용 물가연동계수,DATA,4,영업일자,BZ_DD,string,8,,익 영업일,
RDS,TRDESP50801,TRDESP50801,결제적용 물가연동계수,DATA,5,시장ID,MARKET_ / IDENTIFICATION,String,3,,별첨-KRX 차세대 상품 ID체계 참고,
RDS,TRDESP50801,TRDESP50801,결제적용 물가연동계수,DATA,6,종목코드,ISU_CD,string,12,,현물/파생/채권/REPO 통합상품의 종목 코드(ISIN종목코드),
RDS,TRDESP50801,TRDESP50801,결제적용 물가연동계수,DATA,7,익일 일반채권거래 결제적용 물가연동계수,NXTDD_INFLLNK_FACTR,float,10,,익일 일반채권거래 결제적용 물가연동계수,
RDS,TRDESP50801,TRDESP50801,결제적용 물가연동계수,DATA,8,익일 KTS거래 결제적용 물가연동계수,AFNXT_DD_INFLLNK_FACTR,float,10,,익일 KTS거래 결제적용 물가연동계수,
RDS,TRDESP50901,TRDESP50901,소매채권 분류코드정보,DATA,1,메세지일련번호,MSG_SEQ,long,11,,메세지일련번호,
RDS,TRDESP50901,TRDESP50901,소매채권 분류코드정보,DATA,2,트랜잭션코드,TRANSACTION_ / CODE,String,11,,TRDESP50901,
RDS,TRDESP50901,TRDESP50901,소매채권 분류코드정보,DATA,3,전송일자,TRNSM_DD,String,8,,YYYYMMDD  데이터 생성일자,
RDS,TRDESP50901,TRDESP50901,소매채권 분류코드정보,DATA,4,영업일자,BZ_DD,string,8,,익 영업일,
RDS,TRDESP50901,TRDESP50901,소매채권 분류코드정보,DATA,5,소매채권분류코드,RETAIL_BND_CLSS_CD,string,2,,"GA:국채, MA:통안채, BA:금융채 /  SA:비금융특수채, CA:회사채, ET:지방채 ,EC:기타",
RDS,TRDESP50901,TRDESP50901,소매채권 분류코드정보,DATA,6,소매채권분류명,RETAIL_BND_CLSS_NM,string,20,,,
RDS,TRDESP50901,TRDESP50901,소매채권 분류코드정보,DATA,7,소매채권분류영문명,RETAIL_BND_CLSS_ENG_NM,string,20,,,
RDS,TRDESP50901,TRDESP50901,소매채권 분류코드정보,DATA,8,소매채권조성호가가능여부,RETAIL_BND_MM_ORD_POSBL_YN,string,1,,Y:조성호가 제출가능  N:불가,
RDS,TRDESP51001,TRDESP51001,소액인센티브시장조성종목,DATA,1,메세지일련번호,MSG_SEQ,long,11,,메세지일련번호,
RDS,TRDESP51001,TRDESP51001,소액인센티브시장조성종목,DATA,2,트랜잭션코드,TR_CD,String,11,,TRDESP51001,
RDS,TRDESP51001,TRDESP51001,소액인센티브시장조성종목,DATA,3,전송일자,TRNSM_DD,String,8,,YYYYMMDD  데이터 생성일자,
RDS,TRDESP51001,TRDESP51001,소액인센티브시장조성종목,DATA,4,영업일자,BZ_DD,string,8,,익 영업일,
RDS,TRDESP51001,TRDESP51001,소액인센티브시장조성종목,DATA,5,종목코드,ISU_CD,string,12,,현물/파생/채권/REPO 통합상품의 종목 코드(ISIN종목코드),
RDS,TRDESP51001,TRDESP51001,소액인센티브시장조성종목,DATA,6,호가스프레드상한값,ORD_SPD_UPLMT_VAL,float,22,,시장조성호가의 상한값.  /  / 소수점 미만 둘째 자리 이하의 값은 0으로 고정,
RDS,TRDESP51001,TRDESP51001,소액인센티브시장조성종목,DATA,7,호가스프레드하한값,ORD_SPD_LWLMT_VAL,float,22,,시장조성호가의 하한값.  /  / 소수점 미만 둘째 자리 이하의 값은 0으로 고정,
지수,TIAESP00101,TIAESP00101,종목지수정보,DATA,1,메세지일련번호,MESSAGE_ / SEQUENCE NUMBER,Long,11,,메세지일련번호,
지수,TIAESP00101,TIAESP00101,종목지수정보,DATA,2,트랜잭션코드,TRANSACTION_ / CODE,String,11,,TIAESP00101,
지수,TIAESP00101,TIAESP00101,종목지수정보,DATA,3,전송일자,TRANSMIT_DATE,String,8,,YYYYMMDD / 데이터 생성일자,
지수,TIAESP00101,TIAESP00101,종목지수정보,DATA,4,영업일자,BUSINESS_DATE,String,8,,영업일자,
지수,TIAESP00101,TIAESP00101,종목지수정보,DATA,5,시장ID,MARKET_ / IDENTIFICATION,String,3,,별첨-KRX 차세대 상품 ID체계 참고,
지수,TIAESP00101,TIAESP00101,종목지수정보,DATA,6,종목코드,ISSUE_CODE,String,12,,현물/파생/채권/REPO 통합상품의 종목 코드(ISIN종목코드),
지수,TIAESP00101,TIAESP00101,종목지수정보,DATA,7,KRX100여부,KRX100_YN,String,1,,KRX100여부,
지수,TIAESP00101,TIAESP00101,종목지수정보,DATA,8,KOSPI여부,KOSPI_YN,String,1,,KOSPI여부,
지수,TIAESP00101,TIAESP00101,종목지수정보,DATA,9,KOSPI200여부,KOSPI200_YN,String,1,,해당 법인이 KOSPI200 지수에 포함되는지 여부,
지수,TIAESP00101,TIAESP00101,종목지수정보,DATA,10,KOSPI100여부,KOSPI100_YN,String,1,,해당 법인이 KOSPI100 지수에 포함되는지 여부,
지수,TIAESP00101,TIAESP00101,종목지수정보,DATA,11,KOSPI50여부,KOSPI50_YN,String,1,,해당 법인이 KOSPI50 지수에 포함되는지 여부,
지수,TIAESP00101,TIAESP00101,종목지수정보,DATA,12,KRX300여부,KRX300_YN,String,1,,"KRX300여부 (Y,N)",
지수,TIAESP00101,TIAESP00101,종목지수정보,DATA,13,KOSDAQ여부,KOSDAQ_YN,String,1,,"KOSDAQ여부 (Y,N)",
지수,TIAESP00101,TIAESP00101,종목지수정보,DATA,14,KOSDAQ150여부,KOSDAQ150_YN,String,1,,"코스닥150 여부 (Y,N)",
매매정보,TTSSDP20004,TTSSDP20004;TTSSDP90004,일반비상주문호가재송신,DATA,1,메세지일련번호,MESSAGE_ / SEQUENCE  / NUMBER,Long,11,,메세지일련번호,
매매정보,TTSSDP20004,TTSSDP20004;TTSSDP90004,일반비상주문호가재송신,DATA,2,트랜잭션코드,TRANSACTION_ / CODE,String,11,,TTSSDP20004,
매매정보,TTSSDP20004,TTSSDP20004;TTSSDP90004,일반비상주문호가재송신,DATA,3,ME그룹번호,ME_GRP_NO,String,2,,매칭그룹별 일련번호,
매매정보,TTSSDP20004,TTSSDP20004;TTSSDP90004,일반비상주문호가재송신,DATA,4,보드ID,BOARD_ID,String,2,,별첨_보드ID 매핑 참고,
매매정보,TTSSDP20004,TTSSDP20004;TTSSDP90004,일반비상주문호가재송신,DATA,5,회원번호,MEMBER_ / NUMBER,String,5,,,
매매정보,TTSSDP20004,TTSSDP20004;TTSSDP90004,일반비상주문호가재송신,DATA,6,지점번호,BRANCH_ / NUMBER,String,5,,,
매매정보,TTSSDP20004,TTSSDP20004;TTSSDP90004,일반비상주문호가재송신,DATA,7,주문ID,ORDER_ / IDENTIFICATION,String,10,,* 문자를 포함 / * 종목+회원+지점+주문ID가 Key (Unique),
매매정보,TTSSDP20004,TTSSDP20004;TTSSDP90004,일반비상주문호가재송신,DATA,8,원주문ID,ORIGINAL_ / ORDER_ / IDENTIFICATION,String,10,,,
매매정보,TTSSDP20004,TTSSDP20004;TTSSDP90004,일반비상주문호가재송신,DATA,9,종목코드,ISSUE_CODE,String,12,,현물/파생/채권/REPO 통합상품의 종목 코드(ISIN종목코드),
매매정보,TTSSDP20004,TTSSDP20004;TTSSDP90004,일반비상주문호가재송신,DATA,10,매도매수구분코드,ASK_BID_ / TYPE_CODE,String,1,,1 매도 / 2 매수,
매매정보,TTSSDP20004,TTSSDP20004;TTSSDP90004,일반비상주문호가재송신,DATA,11,정정취소구분코드,MODIFY OR CANCEL_ / TYPE_CODE,String,1,,1 신규 / 2 정정 / 3 취소,
매매정보,TTSSDP20004,TTSSDP20004;TTSSDP90004,일반비상주문호가재송신,DATA,12,계좌번호,ACCOUNT_ / NUMBER,String,12,,* 12자리 구성방법 제한없음. 12자리를 회원사별로 사용,
매매정보,TTSSDP20004,TTSSDP20004;TTSSDP90004,일반비상주문호가재송신,DATA,13,호가수량,ORDER_ / QUANTITY,Long,10,,,
매매정보,TTSSDP20004,TTSSDP20004;TTSSDP90004,일반비상주문호가재송신,DATA,14,호가가격,ORDER_PRICE,Float,11,,* 가격이 없는 호가유형인 경우 0으로 입력,
매매정보,TTSSDP20004,TTSSDP20004;TTSSDP90004,일반비상주문호가재송신,DATA,15,호가유형코드,ORDER_TYPE_ / CODE,String,1,,"1 시장가 (Market) / 2 지정가 (Limit) / T 가격제한시장가 / W 가격제한최유리지정가 / I 조건부지정가 (Limit To Market) / V 경쟁대량 (현물만 해당, 값 변경 : 3->V) / X 최유리지정가 / Y 최우선지정가 (현물만 해당) /  / * 취소호가는 SPACE로 입력 / * 코넥스 경매매는 2:지정가만 가능 / * 파생시장 1,X 불가 (T,W 으로 대체)",
매매정보,TTSSDP20004,TTSSDP20004;TTSSDP90004,일반비상주문호가재송신,DATA,16,호가조건코드,ORDER_ / CONDITION_ / CODE,String,1,,0 일반 (FAS) / 3 FAK(IOC) / 4 FOK /  /  / * 취소호가는 SPACE로 입력,
매매정보,TTSSDP20004,TTSSDP20004;TTSSDP90004,일반비상주문호가재송신,DATA,17,최소체결수량,MIN_TRDVOL,Long,10,,회원사는 '0'으로 거래소 전달,신규
매매정보,TTSSDP20004,TTSSDP20004;TTSSDP90004,일반비상주문호가재송신,DATA,18,시장조성자호가구분코드,MM_ORD_TP_CD,String,1,,"1) 현물 /     0 : 일반 /     1 : LP호가 /     2 : MM호가 / 2) 파생상품 /     0 : 일반 /     2 : MM호가 /     0 : 일반 /     1~ : 시장조성자호가구분번호 /  / * 파생 /  - 시장조성호가의 경우 /      1부터 순차적으로 번호를 부여하고, 양방향호가의 경우 동일 번호를 부여하는 것이 원칙이나 해당 처리가 가능한 시스템을 구비하지 못한 회원사의 경우  시장조성호가에 대해 번호 증가없이 1로만 입력할 수 있음 /  / * 정정호가인 경우 원호가와 동일한 값이 입",변경
매매정보,TTSSDP20004,TTSSDP20004;TTSSDP90004,일반비상주문호가재송신,DATA,19,자사주신고서ID,TREASURY STOCK_ / STATEMENT_ / IDENTIFICATION,String,5,,"0 해당없음(0    ) / N 자사주직접일반(N    ) / S 자사주직접스탁옵션(S    ) / 1 ~ 99999 자사주신탁(신고서일련번호) /  / * 파생상품은 0 해당없음 사용 / * 유가증권은 자사주신탁일경우 신청서 입력시마다 발행되는 자사주신고서ID를 입력 / * 정정, 취소호가는 SPACE로 입력 / * 정정호가의 경우 원호가의 정보와 동일한 것으로 인정함 / * 경쟁대량매매호가는 SPACE로 입력",
매매정보,TTSSDP20004,TTSSDP20004;TTSSDP90004,일반비상주문호가재송신,DATA,20,자사주매매방법코드,TREASURY STOCK_ / TRADING_ / METHOD_ / CODE,String,1,,"0 해당없음 / 1 자사주일반 / 2 한은등 자사주 / 3 정부등 자사주 /  / * 파생상품은 0 해당없음 사용 / * 2,3 : 장종료후시간외대량 매수만 가능, 당일거래(매매거래의 종류) 관련 사용 / -> 자사주일반은 시간외대량 매수 불가 (매도만 가능) / * 3 : 장종료후시간외대량 매수시 상/하한가 제한 없음 / * 정정, 취소호가는 SPACE로 입력 / * 정정호가의 경우 원호가의 정보와 동일한 것으로 인정함 / * 경쟁대량매매호가는 SPACE로 입력",
매매정보,TTSSDP20004,TTSSDP20004;TTSSDP90004,일반비상주문호가재송신,DATA,21,매도유형코드,ASK_TYPE_ / CODE,String,2,,"00 해당없음 / 01 일반매도 / 02 차입증권매도 / 06 기타매도 /  / * 매수호가 및 파생상품은 00 해당없음 사용 / * 공매도 가격제한 대상 : 02 차입증권매도 / * 정정, 취소호가는 SPACE로 입력 / * 정정호가의 경우 원호가의 정보와 동일한 것으로 인정함 /  / * 03, 04, 05 삭제 --> 06으로 통합 / * 06 명칭변경",
매매정보,TTSSDP20004,TTSSDP20004;TTSSDP90004,일반비상주문호가재송신,DATA,22,신용구분코드,CREDIT_TYPE_ / CODE,String,2,,"10 보통(일반) / 21 자기융자매수 / 22 자기융자매도상환 / 23 자기대주매도 / 24 자기대주매수상환 / 31 유통융자매수 / 32 유통융자매도상환 / 33 유통대주매도 / 34 유통대주매수상환 /  / * 파생상품은 10 보통 사용 / * 정정, 취소호가는 SPACE로 입력 / * 정정의 경우 원호가의 정보와 동일한 것으로 인정함",
매매정보,TTSSDP20004,TTSSDP20004;TTSSDP90004,일반비상주문호가재송신,DATA,23,위탁자기구분코드,TRUST_ / PRINCIPAL_ / TYPE_CODE,String,2,,1)현물 / 10 위탁매매 / 30 자기매매 /  / 2)파생상품 /   11 위탁거래 /   12 위탁주선거래 /   13 회원의 위탁거래  /   31 호가입력회원의 자기거래 /   32 비회원의 자기거래 /  / 3)채권 / 10 위탁매매 / 30 자기매매 / 33 매도대행사 반대매도 /  / * 현물 /  - 자기매매 : 증권업자가 자기계정으로 매매하는 경우 /  - 위탁매매 : 자기매매가 아닌 경우 / * 파생 /   - 신탁업 및 집합투자업을 겸영하는 투자매매업자의 신탁거래 및 집합투자거래는 위탁거래로 입력함 / * 취소,
매매정보,TTSSDP20004,TTSSDP20004;TTSSDP90004,일반비상주문호가재송신,DATA,24,위탁사번호,TRUST COMPANY_ / NUMBER,String,5,,"* 파생상품의 경우 위탁사번호 미사용 / * 파생 : 회원의 위탁거래(위탁자기구분코드=13)인 경우 위탁사번호 입력, 위탁사가 없는 경우(위탁자기구분코드 11, 12, 31) SPACE로 입력",
매매정보,TTSSDP20004,TTSSDP20004;TTSSDP90004,일반비상주문호가재송신,DATA,25,PT구분코드,PROGRAM TRADING_ / TYPE_CODE,String,2,,"1) 현물 /  00 일반 / (10 차익거래) /    11 지수차익거래, /    12 주식차익거래, /    13 ETF차익거래이면서 지수비차익거래인 경우 /    14 ETF차익거래이면서 지수비차익거래가 아닌 경우 /    15 DR차익거래 /    16 KDR차익거래 /    17 ETN차익거래이면서 지수비차익거래인 경우 /    18 ETN차익거래이면서 지수비차익거래가 아닌 경우 /    19 섹터지수차익거래 / (20 헤지거래) /    21 ELW LP 헤지거래 /    22 파생MM 헤지거래 /    23 ETF L",
매매정보,TTSSDP20004,TTSSDP20004;TTSSDP90004,일반비상주문호가재송신,DATA,26,대용주권계좌번호,SUBSTITUTE_ / STOCK_ / CERTIFICATE_ / ACCOUNT_ / NUMBER,String,12,,,
매매정보,TTSSDP20004,TTSSDP20004;TTSSDP90004,일반비상주문호가재송신,DATA,27,계좌구분코드,ACCOUNT_ / TYPE_CODE,String,2,,1) 현물 / 00 : 일반 / 01 : 대표투자자계좌(외국인) / 02 : 증권회사통합계좌(외국인) / 03 : FP계좌-복수일임형랩계좌 / 04 : FP계좌-단일일임형랩계좌 / 05 : FP아닌일임형랩계좌 / 06 : Buy-In매수전용계좌 / 07:  복수신탁계좌-대표계좌 이용 / 08:  단일신탁계좌-대표계좌미이용 / 09 : 기타 / 10: 시장조성헤지계좌(파생연계) / 11: 시장조성계좌(현물) / 12: 비과세해외주식투자전용ETF계좌 / 13 : 소액투자전용계좌(코넥스) / 14 : 외국인통합계좌 / 15 : 차익거래전,
매매정보,TTSSDP20004,TTSSDP20004;TTSSDP90004,일반비상주문호가재송신,DATA,28,계좌증거금유형코드,ACCOUNT_ / MARGIN_ / TYPE_CODE,String,2,,"1)현물 / 00 일반 / 01 동결계좌 / 02 Buy-In매수전용계좌 /  / 2)파생상품 / 10 사전증거금 일반 / 11 사후증거금 일반 / 12 사후증거금 할인 /  / * 정정, 취소호가는 SPACE로 입력 / * 정정의 경우 원호가의 정보와 동일한 것으로 인정함",
매매정보,TTSSDP20004,TTSSDP20004;TTSSDP90004,일반비상주문호가재송신,DATA,29,국가코드,COUNTRY_ / CODE,String,3,,"* 국가코드표 참조 ISO3166-1적용 (Number-3) 없으면 거부 /   - ISO에 없는 코드 추가 : 997, 998, 999 (대한민국국민인해외영주권자, 국제기구, 기타) /   - 기존코드에는 분류되어 있으나 ISO에는 구분없는 코드 신규 생성 : 991, 992 (말레이지아 라부안, 채널아일랜드) /  / * 정정, 취소호가는 SPACE로 입력",
매매정보,TTSSDP20004,TTSSDP20004;TTSSDP90004,일반비상주문호가재송신,DATA,30,투자자구분코드,INVESTOR_ / TYPE_CODE,String,4,,"1000 금융투자회사 / 2000 보험회사 / 3000 자산운용회사 및 투자회사 / 3100 사모펀드 / 4000 은행 (자산운용회사의 신탁재산은 자산운용회사로 분류) / 5000 기타금융 / 6000 연금, 기금 및 공제회 / 7000 국가, 지자체 국제기구 및 공익기관 / 7100 기타법인 / 8000 개인 /  / * 7100 : 기존 7000번 분류를 세분화하여 추가확정  / * 파생 : 3100 사용불가 /   --> 기타 투자자분류코드(예 : 3000, 7100 등)에 맞게 입력함 / * 정정, 취소호가는 SPACE로 입",
매매정보,TTSSDP20004,TTSSDP20004;TTSSDP90004,일반비상주문호가재송신,DATA,31,외국인투자자구분코드,FOREIGN INVESTOR_ / TYPE_CODE,String,2,,"1) 현물 / 00 외국인아님 / (10 외국인(거주)) /   11 식별번호 있는 외국인 (거주) /   12 식별번호 없는 외국인 (거주) / (20 외국인(비거주)) /   21 식별번호 있는 외국인 (비거주) /   22 식별번호 없는 외국인 (비거주) /  / 2) 파생상품 / 00 외국인아님 / 10 외국인(거주) / 20 외국인(비거주) /  / * 정정, 취소호가는 SPACE로 입력 / * 정정의 경우 원호가의 정보와 동일한 것으로 인정함",
매매정보,TTSSDP20004,TTSSDP20004;TTSSDP90004,일반비상주문호가재송신,DATA,32,주문매체구분코드,ORD_MEDIA_TP_CD,String,1,,"1 영업점단말 : 주문용단말, 비상주문단말, LP주문 / 2 유선단말 : 음성전화 / 3 무선단말 : 휴대폰, 스마트폰, PDA 등 / 4 HTS : 고객PC, 객장/사이버룸 단말 등 / 8 채권딜러서버 / 9 기타 : 특정위탁자전용주문(통칭 DMA), 반대매매, 선물옵션 주문, K-BLOX 등",
매매정보,TTSSDP20004,TTSSDP20004;TTSSDP90004,일반비상주문호가재송신,DATA,33,주문자식별정보,ORDER IDENTIFICATION INFORMATION,String,12,,"공인IP, 사설IP, 단말고유번호, 전화번호, 가입자번호, 기계번호 /  / * 전화번호의 경우 ""-"" 제외 / * IP의 경우 ""."" 제외 / * 반대매매주문의 경우에는 ""BANDAE"", /   ARS주문의 경우에는 ""ARS"",  /   대량거래(K-BLOX협상)의 경우에만 /   ""BLOCK"" 으로 입력  / * 선물옵션기본예탁금액 관련하여 회원의 고객주문 직권취소의 경우에는 ""OVER"" / * Kill Switch 입력 시 ""KILLSWITCH"" / * 소수단위 주식거래의 경우에는 ""SOSU""",
매매정보,TTSSDP20004,TTSSDP20004;TTSSDP90004,일반비상주문호가재송신,DATA,34,MAC주소,MAC_ADDR,String,12,,"* PC, 스마트폰, 태블릿PC 등 주문 단말에 동시 장착된 유무선 LAN 카드의 MAC 주소 (LAN 카드가 복수인 경우 1. 유선→무선, 2. 오름차순으로 정렬하여 순서가 가장 빠른 주소 / * 무선단말중 LAN카드 미장착 등 MAC 입력이 불가능한 경우 : “000000000000” / * 통칭 DMA : 실제 위탁자(자기 포함)의 IP, MAC 주소 입력이 원칙임. 단, 위탁자(자기 포함) IP, MAC 주소 수집이 불가능한 경우, ‘통칭 DMA 서버’를 통해서  혹은 다른 수단으로 수집이 가능한 IP, MAC 주소 반드시 ",
매매정보,TTSSDP20004,TTSSDP20004;TTSSDP90004,일반비상주문호가재송신,DATA,35,호가일자,ORDER_DATE,String,8,,YYYYMMDD / * 파생야간은 RDS 파생종목정보 영업일자,
매매정보,TTSSDP20004,TTSSDP20004;TTSSDP90004,일반비상주문호가재송신,DATA,36,회원사주문시각,MEMBER FIRM_ORDER_ / TIME,String,9,,,
매매정보,TTSSDP20004,TTSSDP20004;TTSSDP90004,일반비상주문호가재송신,DATA,37,회원사용영역,MEMBER_ / USE_AREA,String,60,,거래소 회원 사용 입력 영역,
매매정보,TTSSDP20004,TTSSDP20004;TTSSDP90004,일반비상주문호가재송신,DATA,38,호가접수시각,ORD_ACPT_TM,String,9,,매칭 매매거래 접수시각,
매매정보,TTSSDP20004,TTSSDP20004;TTSSDP90004,일반비상주문호가재송신,DATA,39,실정정취소호가수량,REAL_MODIFY  / OR CANCEL_ / ORDER_ / QUANTITY,Long,10,,,
매매정보,TTSSDP20004,TTSSDP20004;TTSSDP90004,일반비상주문호가재송신,DATA,40,자동취소처리구분코드,AUTOMATIC_ / CANCELLATION_ / PROCESS_ / TYPE_CODE,String,1,,0 : 해당없음 / 1 : 조건호가취소처리(코넥스는 해당없음) / 2 : 일괄취소처리 / 3 : KillSwitch 발동 / 4 : Cancel On Disconnect / 5 : 실시간가격제한 취소처리(파생만 해당됨)  / 6: MOC발동 / 7: SMP취소,변경
매매정보,TTSSDP20004,TTSSDP20004;TTSSDP90004,일반비상주문호가재송신,DATA,41,호가거부사유코드,ORDER_ / REJECTED_ / REASON_CODE,String,4,,거부사유코드 참조,
매매정보,TTSSDP20004,TTSSDP20004;TTSSDP90004,일반비상주문호가재송신,DATA,42,알고리즘전략구분코드,ALGO_STGY_TP_CD,String,1,,1 일반호가 / 2 알고리즘호가 / 3 고속 알고리즘호가 /  / * 정정 및 취소는 SPACE로 입력,신규
매매정보,TTSSDP20004,TTSSDP20004;TTSSDP90004,일반비상주문호가재송신,DATA,43,거래자ID,TRDR_ID,String,6,,"일괄호가취소, 자전거래방지 등의 기능을 제공하기 위해 투자자에게 제공하는ID / * 해당사항 없는 경우 SPACE로 입력 / * 경쟁대량매매호가는 SPACE로 입력 / * 취소호가는 SPACE로 입력 / * 정정호가인 경우 원호가와 동일한 값이 입력되어야 함(원호가 정합성 체크)",신규
매매정보,TTSSDP20004,TTSSDP20004;TTSSDP90004,일반비상주문호가재송신,DATA,44,호가그룹번호,ORD_GRP_NO,String,2,,거래자ID를 부여받은 투자자가 사전에 그룹핑을 위해 지정한 호가의 그룹번호. / 지정한 그룹번호에 해당하는 호가를 일괄 취소한다,신규
매매정보,TTSSDP20004,TTSSDP20004;TTSSDP90004,일반비상주문호가재송신,DATA,45,자전거래방지코드,SMP_CD,String,1,,0 해당없음 / 1 기존호가 취소 / 2 신규호가 취소 / 3 양방향 호가 취소 /  / * 경쟁대량매매호가는 0 으로 입력 / * 정정 및 취소는 SPACE로 입력 / * 정정의 경우 원호가의 정보와 동일한 것으로 인정함,신규
매매정보,TTSSDP20005,TTSSDP20005;TTSSDP90005,일반비상주문체결재송신,DATA,1,메세지일련번호,MESSAGE_ / SEQUENCE NUMBER,Long,11,,메세지일련번호,
매매정보,TTSSDP20005,TTSSDP20005;TTSSDP90005,일반비상주문체결재송신,DATA,2,트랜잭션코드,TRANSACTION_ / CODE,String,11,,TTSSDP20005,
매매정보,TTSSDP20005,TTSSDP20005;TTSSDP90005,일반비상주문체결재송신,DATA,3,ME그룹번호,ME_GRP_NO,String,2,,매칭그룹별 일련번호,
매매정보,TTSSDP20005,TTSSDP20005;TTSSDP90005,일반비상주문체결재송신,DATA,4,보드ID,BOARD_ID,String,2,,별첨_보드ID 매핑 참고,
매매정보,TTSSDP20005,TTSSDP20005;TTSSDP90005,일반비상주문체결재송신,DATA,5,회원번호,MEMBER_ / NUMBER,String,5,,,
매매정보,TTSSDP20005,TTSSDP20005;TTSSDP90005,일반비상주문체결재송신,DATA,6,지점번호,BRANCH_ / NUMBER,String,5,,,
매매정보,TTSSDP20005,TTSSDP20005;TTSSDP90005,일반비상주문체결재송신,DATA,7,주문ID,ORDER_ / IDENTIFICATION,String,10,,* 문자를 포함 / * 종목+회원+지점+주문ID가 Key (Unique),
매매정보,TTSSDP20005,TTSSDP20005;TTSSDP90005,일반비상주문체결재송신,DATA,8,원주문ID,ORIGINAL_ / ORDER_ / IDENTIFICATION,String,10,,,
매매정보,TTSSDP20005,TTSSDP20005;TTSSDP90005,일반비상주문체결재송신,DATA,9,종목코드,ISSUE_CODE,String,12,,현물/파생/채권/REPO 통합상품의 종목 코드(ISIN종목코드),
매매정보,TTSSDP20005,TTSSDP20005;TTSSDP90005,일반비상주문체결재송신,DATA,10,체결번호,TRADING_ / NUMBER,Long,11,,종목별로 부여되는 회원기준체결 일련번호 / *정규시간외구분코드별로 새로운 번호부여,
매매정보,TTSSDP20005,TTSSDP20005;TTSSDP90005,일반비상주문체결재송신,DATA,11,체결가격,TRADING_ / PRICE,Float,11,,"매도 매수 호가간의 거래성사된 가격 / 경쟁대량체결결과인 경우, / 소수점 첫번째 자리까지 유효 / 경쟁대량체결결과인 경우 0  / (경쟁대량VWAP은 체결가격 있음)",안내
매매정보,TTSSDP20005,TTSSDP20005;TTSSDP90005,일반비상주문체결재송신,DATA,12,체결수량,TRADING_ / VOLUMN,Long,10,,매도 매수 호가간의 거래성사된 수량,
매매정보,TTSSDP20005,TTSSDP20005;TTSSDP90005,일반비상주문체결재송신,DATA,13,세션ID,SESS_ID,String,2,,별첨-세션ID 매핑 참고,
매매정보,TTSSDP20005,TTSSDP20005;TTSSDP90005,일반비상주문체결재송신,DATA,14,체결일자,TRADING_ / DATE,String,8,,YYYYMMDD / * 파생야간은 RDS 파생종목정보 영업일자,
매매정보,TTSSDP20005,TTSSDP20005;TTSSDP90005,일반비상주문체결재송신,DATA,15,체결시각,TRADING_TIME,String,9,,"현물(유가증권, 코스닥)  1/1000 초 제공 (파생은 기제공됨)",
매매정보,TTSSDP20005,TTSSDP20005;TTSSDP90005,일반비상주문체결재송신,DATA,16,근월물체결가격,THE NEARBY  / MONTH_ / TRADING_ / PRICE,Float,11,,1) 월물간 스프레드 종목의 경우 근월물 체결가격 /    - 선물시장에서 거래되는 어느 특정상품에 대한 여러 만기일 중 현 시점에서 가장 짧은 만기일을 가진 결제월물 가격 / 2) 상품간 스프레드 종목의 경우 제1상품의 체결가격(기준상품의 체결가격),
매매정보,TTSSDP20005,TTSSDP20005;TTSSDP90005,일반비상주문체결재송신,DATA,17,원월물체결가격,THE FUTURE / MONTH_ / TRADING_ / PRICE,Float,11,,1) 월물간 스프레드 종목의 경우 원월물 체결가격 /     -선물시장에서 거래되는 어느 특정상품에 대한 여러 만기일 중 현 시점에서 두 번째로 짧은 만기일을 가진 결제월물 가격 / 2) 상품간 스프레드 종목의 경우 제2상품의 체결가격(부대상품의 체결가격),
매매정보,TTSSDP20005,TTSSDP20005;TTSSDP90005,일반비상주문체결재송신,DATA,18,매도매수구분코드,ASK_BID_ / TYPE_CODE,String,1,,1 매도 / 2 매수,
매매정보,TTSSDP20005,TTSSDP20005;TTSSDP90005,일반비상주문체결재송신,DATA,19,계좌번호,ACCOUNT_ / NUMBER,String,12,,* 12자리 구성방법 제한없음. 12자리를 회원사별로 사용,
매매정보,TTSSDP20005,TTSSDP20005;TTSSDP90005,일반비상주문체결재송신,DATA,20,시장조성자호가구분코드,MM_ORD_TP_CD,String,1,,"1) 현물 /     0 : 일반 /     1 : LP호가 /     2 : MM호가 / 2) 파생상품 /     0 : 일반 /     2 : MM호가 /     0 : 일반 /     1~ : 시장조성자호가구분번호 /  / * 파생 /  - 시장조성호가의 경우 /      1부터 순차적으로 번호를 부여하고, 양방향호가의 경우 동일 번호를 부여하는 것이 원칙이나 해당 처리가 가능한 시스템을 구비하지 못한 회원사의 경우  시장조성호가에 대해 번호 증가없이 1로만 입력할 수 있음 /  / * 정정호가인 경우 원호가와 동일한 값이 입",변경
매매정보,TTSSDP20005,TTSSDP20005;TTSSDP90005,일반비상주문체결재송신,DATA,21,위탁사번호,TRUST COMPANY_ / NUMBER,String,5,,,
매매정보,TTSSDP20005,TTSSDP20005;TTSSDP90005,일반비상주문체결재송신,DATA,22,대용주권계좌번호,SUBSTITUTE_ / STOCK_ / CERTIFICATE_ / ACCOUNT_ / NUMBER,String,12,,,
매매정보,TTSSDP20005,TTSSDP20005;TTSSDP90005,일반비상주문체결재송신,DATA,23,회원사용영역,MEMBER_ / USE_AREA,String,60,,거래소 회원 사용 입력 영역,
매매정보,TTSSDP20006,TTSSDP20006;TTSSDP90006,"협의(협의대량, EFP, FLEX)비상주문호가재송신",DATA,1,메세지일련번호,MESSAGE_ / SEQUENCE NUMBER,Long,11,,메세지일련번호,
매매정보,TTSSDP20006,TTSSDP20006;TTSSDP90006,"협의(협의대량, EFP, FLEX)비상주문호가재송신",DATA,2,트랜잭션코드,TRANSACTION_ / CODE,String,11,,TTSSDP20006,
매매정보,TTSSDP20006,TTSSDP20006;TTSSDP90006,"협의(협의대량, EFP, FLEX)비상주문호가재송신",DATA,3,ME그룹번호,ME_GRP_NO,String,2,,매칭그룹별 일련번호,
매매정보,TTSSDP20006,TTSSDP20006;TTSSDP90006,"협의(협의대량, EFP, FLEX)비상주문호가재송신",DATA,4,보드ID,BOARD_ID,String,2,,별첨_보드ID 매핑 참고,
매매정보,TTSSDP20006,TTSSDP20006;TTSSDP90006,"협의(협의대량, EFP, FLEX)비상주문호가재송신",DATA,5,회원번호,MEMBER_NUMBER,String,5,,,
매매정보,TTSSDP20006,TTSSDP20006;TTSSDP90006,"협의(협의대량, EFP, FLEX)비상주문호가재송신",DATA,6,지점번호,BRANCH_NUMBER,String,5,,,
매매정보,TTSSDP20006,TTSSDP20006;TTSSDP90006,"협의(협의대량, EFP, FLEX)비상주문호가재송신",DATA,7,주문ID,ORDER_ / IDENTIFICATION,String,10,,* 문자를 포함 / * 종목+회원+지점+주문ID가 Key (Unique),
매매정보,TTSSDP20006,TTSSDP20006;TTSSDP90006,"협의(협의대량, EFP, FLEX)비상주문호가재송신",DATA,8,원주문ID,ORIGINAL_ / ORDER_ / IDENTIFICATION,String,10,,,
매매정보,TTSSDP20006,TTSSDP20006;TTSSDP90006,"협의(협의대량, EFP, FLEX)비상주문호가재송신",DATA,9,종목코드,ISSUE_CODE,String,12,,현물/파생/채권/REPO 통합상품의 종목 코드(ISIN종목코드),
매매정보,TTSSDP20006,TTSSDP20006;TTSSDP90006,"협의(협의대량, EFP, FLEX)비상주문호가재송신",DATA,10,매도매수구분코드,ASK_BID_TYPE_ / CODE,String,1,,1 매도 / 2 매수,
매매정보,TTSSDP20006,TTSSDP20006;TTSSDP90006,"협의(협의대량, EFP, FLEX)비상주문호가재송신",DATA,11,정정취소구분코드,MODIFY OR CANCEL_TYPE_ / CODE,String,1,,1 신규 / 2 정정 / 3 취소,
매매정보,TTSSDP20006,TTSSDP20006;TTSSDP90006,"협의(협의대량, EFP, FLEX)비상주문호가재송신",DATA,12,계좌번호,ACCOUNT_NUMBER,String,12,,* 12자리 구성방법 제한없음. 12자리를 회원사별로 사용,
매매정보,TTSSDP20006,TTSSDP20006;TTSSDP90006,"협의(협의대량, EFP, FLEX)비상주문호가재송신",DATA,13,호가수량,ORDER_QUANTITY,Long,10,,,
매매정보,TTSSDP20006,TTSSDP20006;TTSSDP90006,"협의(협의대량, EFP, FLEX)비상주문호가재송신",DATA,14,호가가격,ORDER_PRICE,Float,11,,,
매매정보,TTSSDP20006,TTSSDP20006;TTSSDP90006,"협의(협의대량, EFP, FLEX)비상주문호가재송신",DATA,15,자사주신고서ID,TREASURY  / STOCK_ / STATEMENT_ / IDENTIFICATION,String,5,,"0 해당없음(0    ) / N 자사주직접일반(N    ) / S 자사주직접스탁옵션(S    ) / 1 ~ 99999 자사주신탁(신고서일련번호) /  / * 파생상품은 0 해당없음 사용 / * 유가증권은 자사주신탁일경우 신청서 입력시마다 발행되는 자사주신고서ID를 입력 / * 정정, 취소호가는 SPACE로 입력 / * 정정호가의 경우 원호가의 정보와 동일한 것으로 인정함 / * 경쟁대량매매호가는 SPACE로 입력",
매매정보,TTSSDP20006,TTSSDP20006;TTSSDP90006,"협의(협의대량, EFP, FLEX)비상주문호가재송신",DATA,16,자사주매매방법코드,TREASURY STOCK_TRADING_ / METHOD_CODE,String,1,,"0 해당없음 / 1 자사주일반 / 2 한은등 자사주 / 3 정부등 자사주 /  / * 파생상품은 0 해당없음 사용 / * 2,3 : 장종료후시간외대량 매수만 가능, 당일거래(매매거래의 종류) 관련 사용 / -> 자사주일반은 시간외대량 매수 불가 (매도만 가능) / * 3 : 장종료후시간외대량 매수시 상/하한가 제한 없음 / * 정정, 취소호가는 SPACE로 입력 / * 정정호가의 경우 원호가의 정보와 동일한 것으로 인정함 / * 경쟁대량매매호가는 SPACE로 입력",
매매정보,TTSSDP20006,TTSSDP20006;TTSSDP90006,"협의(협의대량, EFP, FLEX)비상주문호가재송신",DATA,17,매도유형코드,ASK_TYPE_CODE,String,2,,"00 해당없음 / 01 일반매도 / 02 차입증권매도 / 06 기타매도 /  / * 매수호가 및 파생상품은 00 해당없음 사용 / * 공매도 가격제한 대상 : 02 차입증권매도 / * 정정, 취소호가는 SPACE로 입력 / * 정정호가의 경우 원호가의 정보와 동일한 것으로 인정함 /  / * 03, 04, 05 삭제 --> 06으로 통합 / * 06 명칭변경",
매매정보,TTSSDP20006,TTSSDP20006;TTSSDP90006,"협의(협의대량, EFP, FLEX)비상주문호가재송신",DATA,18,신용구분코드,CREDIT_TYPE_CODE,String,2,,"10 보통(일반) / 21 자기융자매수 / 22 자기융자매도상환 / 23 자기대주매도 / 24 자기대주매수상환 / 31 유통융자매수 / 32 유통융자매도상환 / 33 유통대주매도 / 34 유통대주매수상환 /  / * 파생상품은 10 보통 사용 / * 정정, 취소호가는 SPACE로 입력 / * 정정의 경우 원호가의 정보와 동일한 것으로 인정함",
매매정보,TTSSDP20006,TTSSDP20006;TTSSDP90006,"협의(협의대량, EFP, FLEX)비상주문호가재송신",DATA,19,위탁자기구분코드,TRUST_ / PRINCIPAL_TYPE_ / CODE,String,2,,1)현물 / 10 위탁매매 / 30 자기매매 /  / 2)파생상품 /   11 위탁거래 /   12 위탁주선거래 /   13 회원의 위탁거래  /   31 호가입력회원의 자기거래 /  / 3)채권 / 10 위탁매매 / 30 자기매매 / 33 매도대행사 반대매도 /  / * 현물 /  - 자기매매 : 증권업자가 자기계정으로 매매하는 경우 /  - 위탁매매 : 자기매매가 아닌 경우 / * 파생 /   - 신탁업 및 집합투자업을 겸영하는 투자매매업자의 신탁거래 및 집합투자거래는 위탁거래로 입력함 / * 취소호가는 SPACE로 입력 / *,
매매정보,TTSSDP20006,TTSSDP20006;TTSSDP90006,"협의(협의대량, EFP, FLEX)비상주문호가재송신",DATA,20,위탁사번호,TRUST COMPANY_ / NUMBER,String,5,,,
매매정보,TTSSDP20006,TTSSDP20006;TTSSDP90006,"협의(협의대량, EFP, FLEX)비상주문호가재송신",DATA,21,계좌구분코드,ACCOUNT_TYPE_CODE,String,2,,1) 현물 / 00 : 일반 / 01 : 대표투자자계좌(외국인) / 02 : 증권회사통합계좌(외국인) / 03 : FP계좌-복수일임형랩계좌 / 04 : FP계좌-단일일임형랩계좌 / 05 : FP아닌일임형랩계좌 / 06 : Buy-In매수전용계좌 / 07:  복수신탁계좌-대표계좌 이용 / 08:  단일신탁계좌-대표계좌미이용 / 09 : 기타 / 10: 시장조성헤지계좌(파생연계) / 11: 시장조성계좌(현물) / 12: 비과세해외주식투자전용ETF계좌 / 13 : 소액투자전용계좌(코넥스) / 14 : 외국인통합계좌 / 15 : 차익거래전,
매매정보,TTSSDP20006,TTSSDP20006;TTSSDP90006,"협의(협의대량, EFP, FLEX)비상주문호가재송신",DATA,22,계좌증거금유형코드,ACCOUNT_MARGIN_TYPE_CODE,String,2,,"1)현물 / 00 일반 / 01 동결계좌 / 02 Buy-In매수전용계좌 /  / 2)파생상품 / 10 사전증거금 일반 / 11 사후증거금 일반 / 12 사후증거금 할인 /  / * 정정, 취소호가는 SPACE로 입력 / * 정정의 경우 원호가의 정보와 동일한 것으로 인정함",
매매정보,TTSSDP20006,TTSSDP20006;TTSSDP90006,"협의(협의대량, EFP, FLEX)비상주문호가재송신",DATA,23,국가코드,COUNTRY_CODE,String,3,,"* 국가코드표 참조 ISO3166-1적용 (Number-3) 없으면 거부 /   - ISO에 없는 코드 추가 : 997, 998, 999 (대한민국국민인해외영주권자, 국제기구, 기타) /   - 기존코드에는 분류되어 있으나 ISO에는 구분없는 코드 신규 생성 : 991, 992 (말레이지아 라부안, 채널아일랜드) /  / * 정정, 취소호가는 SPACE로 입력",
매매정보,TTSSDP20006,TTSSDP20006;TTSSDP90006,"협의(협의대량, EFP, FLEX)비상주문호가재송신",DATA,24,투자자구분코드,INVESTOR_TYPE_CODE,String,4,,"1000 금융투자회사 / 2000 보험회사 / 3000 자산운용회사 및 투자회사 / 3100 사모펀드 / 4000 은행 (자산운용회사의 신탁재산은 자산운용회사로 분류) / 5000 기타금융 / 6000 연금, 기금 및 공제회 / 7000 국가, 지자체 국제기구 및 공익기관 / 7100 기타법인 / 8000 개인 /  / * 7100 : 기존 7000번 분류를 세분화하여 추가확정  / * 파생 : 3100 사용불가 /   --> 기타 투자자분류코드(예 : 3000, 7100 등)에 맞게 입력함 / * 정정, 취소호가는 SPACE로 입",
매매정보,TTSSDP20006,TTSSDP20006;TTSSDP90006,"협의(협의대량, EFP, FLEX)비상주문호가재송신",DATA,25,외국인투자자구분코드,FOREIGN  / INVESTOR_ / TYPE_CODE,String,2,,"1) 현물 / 00 외국인아님 / (10 외국인(거주)) /   11 식별번호 있는 외국인 (거주) /   12 식별번호 없는 외국인 (거주) / (20 외국인(비거주)) /   21 식별번호 있는 외국인 (비거주) /   22 식별번호 없는 외국인 (비거주) /  / 2) 파생상품 / 00 외국인아님 / 10 외국인(거주) / 20 외국인(비거주) /  / * 정정, 취소호가는 SPACE로 입력 / * 정정의 경우 원호가의 정보와 동일한 것으로 인정함",
매매정보,TTSSDP20006,TTSSDP20006;TTSSDP90006,"협의(협의대량, EFP, FLEX)비상주문호가재송신",DATA,26,주문매체구분코드,ORD_MEDIA_TP_CD,String,1,,"1 영업점단말 : 주문용단말, 비상주문단말, LP주문 / 2 유선단말 : 음성전화 / 3 무선단말 : 휴대폰, 스마트폰, PDA 등 / 4 HTS : 고객PC, 객장/사이버룸 단말 등 / 8 채권딜러서버 / 9 기타 : 특정위탁자전용주문(통칭 DMA), 반대매매, 선물옵션 주문, K-BLOX 등",
매매정보,TTSSDP20006,TTSSDP20006;TTSSDP90006,"협의(협의대량, EFP, FLEX)비상주문호가재송신",DATA,27,주문자식별정보,ORDER IDENTIFICATION INFORMATION,String,12,,"공인IP, 사설IP, 단말고유번호, 전화번호, 가입자번호, 기계번호 /  / * 전화번호의 경우 ""-"" 제외 / * IP의 경우 ""."" 제외 / * 반대매매주문의 경우에는 ""BANDAE"", /   ARS주문의 경우에는 ""ARS"",  /   대량거래(K-BLOX협상)의 경우에만 /   ""BLOCK"" 으로 입력  / * 선물옵션기본예탁금액 관련하여 회원의 고객주문 직권취소의 경우에는 ""OVER"" / * Kill Switch 입력 시 ""KILLSWITCH"" / * 소수단위 주식거래의 경우에는 ""SOSU""",
매매정보,TTSSDP20006,TTSSDP20006;TTSSDP90006,"협의(협의대량, EFP, FLEX)비상주문호가재송신",DATA,28,MAC주소,MAC_ADDR,String,12,,"* PC, 스마트폰, 태블릿PC 등 주문 단말에 동시 장착된 유무선 LAN 카드의 MAC 주소 (LAN 카드가 복수인 경우 1. 유선→무선, 2. 오름차순으로 정렬하여 순서가 가장 빠른 주소 / * 무선단말중 LAN카드 미장착 등 MAC 입력이 불가능한 경우 : “000000000000” / * 통칭 DMA : 실제 위탁자(자기 포함)의 IP, MAC 주소 입력이 원칙임. 단, 위탁자(자기 포함) IP, MAC 주소 수집이 불가능한 경우, ‘통칭 DMA 서버’를 통해서  혹은 다른 수단으로 수집이 가능한 IP, MAC 주소 반드시 ",
매매정보,TTSSDP20006,TTSSDP20006;TTSSDP90006,"협의(협의대량, EFP, FLEX)비상주문호가재송신",DATA,29,협상번호,NEGOTIATION_ / NUMBER,Long,6,,,
매매정보,TTSSDP20006,TTSSDP20006;TTSSDP90006,"협의(협의대량, EFP, FLEX)비상주문호가재송신",DATA,30,협상상세번호,BLOCK TRADE_ / NEGOTIATION_ / DETAIL_NUMBER,Long,6,,,
매매정보,TTSSDP20006,TTSSDP20006;TTSSDP90006,"협의(협의대량, EFP, FLEX)비상주문호가재송신",DATA,31,협상자ID,NEGOTIATOR_ / IDENTIFICATION,String,10,,,
매매정보,TTSSDP20006,TTSSDP20006;TTSSDP90006,"협의(협의대량, EFP, FLEX)비상주문호가재송신",DATA,32,상대회원번호,COUNTERPART_ / MEMBER_NUMBER,String,5,,,
매매정보,TTSSDP20006,TTSSDP20006;TTSSDP90006,"협의(협의대량, EFP, FLEX)비상주문호가재송신",DATA,33,상대계좌번호,COUNTERPART_ / ACCOUNT_NUMBER,String,12,,* 12자리 구성방법 제한없음. 12자리를 회원사별로 사용,
매매정보,TTSSDP20006,TTSSDP20006;TTSSDP90006,"협의(협의대량, EFP, FLEX)비상주문호가재송신",DATA,34,협의완료시각,NEGOTIATION_ / COMPLETION_TIME,String,9,,시분(HHMM)만 사용-끝의 5자리는 / 0으로 세팅 / * EFP종목의 경우 초단위반영,
매매정보,TTSSDP20006,TTSSDP20006;TTSSDP90006,"협의(협의대량, EFP, FLEX)비상주문호가재송신",DATA,35,호가일자,ORDER_DATE,String,8,,YYYYMMDD / * 파생야간은 RDS 파생종목정보 영업일자,
매매정보,TTSSDP20006,TTSSDP20006;TTSSDP90006,"협의(협의대량, EFP, FLEX)비상주문호가재송신",DATA,36,회원사주문시각,MEMBER FIRM_ORDER_TIME,String,9,,,
매매정보,TTSSDP20006,TTSSDP20006;TTSSDP90006,"협의(협의대량, EFP, FLEX)비상주문호가재송신",DATA,37,회원사용영역,MEMBER_USE_AREA,String,60,,거래소 회원 사용 입력 영역,
매매정보,TTSSDP20006,TTSSDP20006;TTSSDP90006,"협의(협의대량, EFP, FLEX)비상주문호가재송신",DATA,38,호가접수시각,ORD_ACPT_TM,String,9,,매칭 매매거래 접수시각,
매매정보,TTSSDP20006,TTSSDP20006;TTSSDP90006,"협의(협의대량, EFP, FLEX)비상주문호가재송신",DATA,39,호가거부사유코드,ORDER_ / REJECTED_ / REASON_CODE,String,4,,거부사유코드 참조,
매매정보,TTSSDP20006,TTSSDP20006;TTSSDP90006,"협의(협의대량, EFP, FLEX)비상주문호가재송신",DATA,40,현물가격,SPOT_PRC,Float,11,,* EFP종목만 해당 (취소호가는 0으로 입력) / * 현물은 0으로 입력 / * 파생 EFP제외 종목은 0으로 입력,
매매정보,TTSSDP20006,TTSSDP20006;TTSSDP90006,"협의(협의대량, EFP, FLEX)비상주문호가재송신",DATA,41,PT구분코드,PROGRAM TRADING_ / TYPE_CODE,String,2,,"1) 현물 /  00 일반 / (10 차익거래) /    11 지수차익거래, /    12 주식차익거래, /    13 ETF차익거래이면서 지수비차익거래인 경우 /    14 ETF차익거래이면서 지수비차익거래가 아닌 경우 /    15 DR차익거래 /    16 KDR차익거래 /    17 ETN차익거래이면서 지수비차익거래인 경우 /    18 ETN차익거래이면서 지수비차익거래가 아닌 경우 /    19 섹터지수차익거래 / (20 헤지거래) /    21 ELW LP 헤지거래 /    22 파생MM 헤지거래 /    23 ETF L",
매매정보,TTSSDP20016,TTSSDP20016,"협의(협의대량, EFP, FLEX)비상주문호가재송신(자동취소)",DATA,1,메세지일련번호,MESSAGE_ / SEQUENCE NUMBER,Long,11,,메세지일련번호,
매매정보,TTSSDP20016,TTSSDP20016,"협의(협의대량, EFP, FLEX)비상주문호가재송신(자동취소)",DATA,2,트랜잭션코드,TRANSACTION_ / CODE,String,11,,TTSSDP20006,
매매정보,TTSSDP20016,TTSSDP20016,"협의(협의대량, EFP, FLEX)비상주문호가재송신(자동취소)",DATA,3,ME그룹번호,ME_GRP_NO,String,2,,매칭그룹별 일련번호,
매매정보,TTSSDP20016,TTSSDP20016,"협의(협의대량, EFP, FLEX)비상주문호가재송신(자동취소)",DATA,4,보드ID,BOARD_ID,String,2,,별첨_보드ID 매핑 참고,
매매정보,TTSSDP20016,TTSSDP20016,"협의(협의대량, EFP, FLEX)비상주문호가재송신(자동취소)",DATA,5,회원번호,MEMBER_NUMBER,String,5,,,
매매정보,TTSSDP20016,TTSSDP20016,"협의(협의대량, EFP, FLEX)비상주문호가재송신(자동취소)",DATA,6,지점번호,BRANCH_NUMBER,String,5,,,
매매정보,TTSSDP20016,TTSSDP20016,"협의(협의대량, EFP, FLEX)비상주문호가재송신(자동취소)",DATA,7,주문ID,ORDER_ / IDENTIFICATION,String,10,,* 문자를 포함 / * 종목+회원+지점+주문ID가 Key (Unique),
매매정보,TTSSDP20016,TTSSDP20016,"협의(협의대량, EFP, FLEX)비상주문호가재송신(자동취소)",DATA,8,원주문ID,ORIGINAL_ / ORDER_ / IDENTIFICATION,String,10,,,
매매정보,TTSSDP20016,TTSSDP20016,"협의(협의대량, EFP, FLEX)비상주문호가재송신(자동취소)",DATA,9,종목코드,ISSUE_CODE,String,12,,현물/파생/채권/REPO 통합상품의 종목 코드(ISIN종목코드),
매매정보,TTSSDP20016,TTSSDP20016,"협의(협의대량, EFP, FLEX)비상주문호가재송신(자동취소)",DATA,10,매도매수구분코드,ASK_BID_TYPE_ / CODE,String,1,,1 매도 / 2 매수,
매매정보,TTSSDP20016,TTSSDP20016,"협의(협의대량, EFP, FLEX)비상주문호가재송신(자동취소)",DATA,11,정정취소구분코드,MODIFY OR CANCEL_TYPE_ / CODE,String,1,,1 신규 / 2 정정 / 3 취소,
매매정보,TTSSDP20016,TTSSDP20016,"협의(협의대량, EFP, FLEX)비상주문호가재송신(자동취소)",DATA,12,계좌번호,ACCOUNT_NUMBER,String,12,,* 12자리 구성방법 제한없음. 12자리를 회원사별로 사용,
매매정보,TTSSDP20016,TTSSDP20016,"협의(협의대량, EFP, FLEX)비상주문호가재송신(자동취소)",DATA,13,호가수량,ORDER_QUANTITY,Long,10,,,
매매정보,TTSSDP20016,TTSSDP20016,"협의(협의대량, EFP, FLEX)비상주문호가재송신(자동취소)",DATA,14,호가가격,ORDER_PRICE,Float,11,,,
매매정보,TTSSDP20016,TTSSDP20016,"협의(협의대량, EFP, FLEX)비상주문호가재송신(자동취소)",DATA,15,자사주신고서ID,TREASURY  / STOCK_ / STATEMENT_ / IDENTIFICATION,String,5,,"0 해당없음(0    ) / N 자사주직접일반(N    ) / S 자사주직접스탁옵션(S    ) / 1 ~ 99999 자사주신탁(신고서일련번호) /  / * 파생상품은 0 해당없음 사용 / * 유가증권은 자사주신탁일경우 신청서 입력시마다 발행되는 자사주신고서ID를 입력 / * 정정, 취소호가는 SPACE로 입력 / * 정정호가의 경우 원호가의 정보와 동일한 것으로 인정함 / * 경쟁대량매매호가는 SPACE로 입력",
매매정보,TTSSDP20016,TTSSDP20016,"협의(협의대량, EFP, FLEX)비상주문호가재송신(자동취소)",DATA,16,자사주매매방법코드,TREASURY STOCK_TRADING_ / METHOD_CODE,String,1,,"0 해당없음 / 1 자사주일반 / 2 한은등 자사주 / 3 정부등 자사주 /  / * 파생상품은 0 해당없음 사용 / * 2,3 : 장종료후시간외대량 매수만 가능, 당일거래(매매거래의 종류) 관련 사용 / -> 자사주일반은 시간외대량 매수 불가 (매도만 가능) / * 3 : 장종료후시간외대량 매수시 상/하한가 제한 없음 / * 정정, 취소호가는 SPACE로 입력 / * 정정호가의 경우 원호가의 정보와 동일한 것으로 인정함 / * 경쟁대량매매호가는 SPACE로 입력",
매매정보,TTSSDP20016,TTSSDP20016,"협의(협의대량, EFP, FLEX)비상주문호가재송신(자동취소)",DATA,17,매도유형코드,ASK_TYPE_CODE,String,2,,"00 해당없음 / 01 일반매도 / 02 차입증권매도 / 06 기타매도 /  / * 매수호가 및 파생상품은 00 해당없음 사용 / * 공매도 가격제한 대상 : 02 차입증권매도 / * 정정, 취소호가는 SPACE로 입력 / * 정정호가의 경우 원호가의 정보와 동일한 것으로 인정함 /  / * 03, 04, 05 삭제 --> 06으로 통합 / * 06 명칭변경",
매매정보,TTSSDP20016,TTSSDP20016,"협의(협의대량, EFP, FLEX)비상주문호가재송신(자동취소)",DATA,18,신용구분코드,CREDIT_TYPE_CODE,String,2,,"10 보통(일반) / 21 자기융자매수 / 22 자기융자매도상환 / 23 자기대주매도 / 24 자기대주매수상환 / 31 유통융자매수 / 32 유통융자매도상환 / 33 유통대주매도 / 34 유통대주매수상환 /  / * 파생상품은 10 보통 사용 / * 정정, 취소호가는 SPACE로 입력 / * 정정의 경우 원호가의 정보와 동일한 것으로 인정함",
매매정보,TTSSDP20016,TTSSDP20016,"협의(협의대량, EFP, FLEX)비상주문호가재송신(자동취소)",DATA,19,위탁자기구분코드,TRUST_ / PRINCIPAL_TYPE_ / CODE,String,2,,1)현물 / 10 위탁매매 / 30 자기매매 /  / 2)파생상품 /   11 위탁거래 /   12 위탁주선거래 /   13 회원의 위탁거래  /   31 호가입력회원의 자기거래 /  / 3)채권 / 10 위탁매매 / 30 자기매매 / 33 매도대행사 반대매도 /  / * 현물 /  - 자기매매 : 증권업자가 자기계정으로 매매하는 경우 /  - 위탁매매 : 자기매매가 아닌 경우 / * 파생 /   - 신탁업 및 집합투자업을 겸영하는 투자매매업자의 신탁거래 및 집합투자거래는 위탁거래로 입력함 / * 취소호가는 SPACE로 입력 / *,
매매정보,TTSSDP20016,TTSSDP20016,"협의(협의대량, EFP, FLEX)비상주문호가재송신(자동취소)",DATA,20,위탁사번호,TRUST COMPANY_ / NUMBER,String,5,,,
매매정보,TTSSDP20016,TTSSDP20016,"협의(협의대량, EFP, FLEX)비상주문호가재송신(자동취소)",DATA,21,계좌구분코드,ACCOUNT_TYPE_CODE,String,2,,1) 현물 / 00 : 일반 / 01 : 대표투자자계좌(외국인) / 02 : 증권회사통합계좌(외국인) / 03 : FP계좌-복수일임형랩계좌 / 04 : FP계좌-단일일임형랩계좌 / 05 : FP아닌일임형랩계좌 / 06 : Buy-In매수전용계좌 / 07:  복수신탁계좌-대표계좌 이용 / 08:  단일신탁계좌-대표계좌미이용 / 09 : 기타 / 10: 시장조성헤지계좌(파생연계) / 11: 시장조성계좌(현물) / 12: 비과세해외주식투자전용ETF계좌 / 13 : 소액투자전용계좌(코넥스) / 14 : 외국인통합계좌 / 15 : 차익거래전,
매매정보,TTSSDP20016,TTSSDP20016,"협의(협의대량, EFP, FLEX)비상주문호가재송신(자동취소)",DATA,22,계좌증거금유형코드,ACCOUNT_MARGIN_TYPE_CODE,String,2,,"1)현물 / 00 일반 / 01 동결계좌 / 02 Buy-In매수전용계좌 /  / 2)파생상품 / 10 사전증거금 일반 / 11 사후증거금 일반 / 12 사후증거금 할인 /  / * 정정, 취소호가는 SPACE로 입력 / * 정정의 경우 원호가의 정보와 동일한 것으로 인정함",
매매정보,TTSSDP20016,TTSSDP20016,"협의(협의대량, EFP, FLEX)비상주문호가재송신(자동취소)",DATA,23,국가코드,COUNTRY_CODE,String,3,,"* 국가코드표 참조 ISO3166-1적용 (Number-3) 없으면 거부 /   - ISO에 없는 코드 추가 : 997, 998, 999 (대한민국국민인해외영주권자, 국제기구, 기타) /   - 기존코드에는 분류되어 있으나 ISO에는 구분없는 코드 신규 생성 : 991, 992 (말레이지아 라부안, 채널아일랜드) /  / * 정정, 취소호가는 SPACE로 입력",
매매정보,TTSSDP20016,TTSSDP20016,"협의(협의대량, EFP, FLEX)비상주문호가재송신(자동취소)",DATA,24,투자자구분코드,INVESTOR_TYPE_CODE,String,4,,"1000 금융투자회사 / 2000 보험회사 / 3000 자산운용회사 및 투자회사 / 3100 사모펀드 / 4000 은행 (자산운용회사의 신탁재산은 자산운용회사로 분류) / 5000 기타금융 / 6000 연금, 기금 및 공제회 / 7000 국가, 지자체 국제기구 및 공익기관 / 7100 기타법인 / 8000 개인 /  / * 7100 : 기존 7000번 분류를 세분화하여 추가확정  / * 파생 : 3100 사용불가 /   --> 기타 투자자분류코드(예 : 3000, 7100 등)에 맞게 입력함 / * 정정, 취소호가는 SPACE로 입",
매매정보,TTSSDP20016,TTSSDP20016,"협의(협의대량, EFP, FLEX)비상주문호가재송신(자동취소)",DATA,25,외국인투자자구분코드,FOREIGN  / INVESTOR_ / TYPE_CODE,String,2,,"1) 현물 / 00 외국인아님 / (10 외국인(거주)) /   11 식별번호 있는 외국인 (거주) /   12 식별번호 없는 외국인 (거주) / (20 외국인(비거주)) /   21 식별번호 있는 외국인 (비거주) /   22 식별번호 없는 외국인 (비거주) /  / 2) 파생상품 / 00 외국인아님 / 10 외국인(거주) / 20 외국인(비거주) /  / * 정정, 취소호가는 SPACE로 입력 / * 정정의 경우 원호가의 정보와 동일한 것으로 인정함",
매매정보,TTSSDP20016,TTSSDP20016,"협의(협의대량, EFP, FLEX)비상주문호가재송신(자동취소)",DATA,26,주문매체구분코드,ORD_MEDIA_TP_CD,String,1,,"1 영업점단말 : 주문용단말, 비상주문단말, LP주문 / 2 유선단말 : 음성전화 / 3 무선단말 : 휴대폰, 스마트폰, PDA 등 / 4 HTS : 고객PC, 객장/사이버룸 단말 등 / 8 채권딜러서버 / 9 기타 : 특정위탁자전용주문(통칭 DMA), 반대매매, 선물옵션 주문, K-BLOX 등",
매매정보,TTSSDP20016,TTSSDP20016,"협의(협의대량, EFP, FLEX)비상주문호가재송신(자동취소)",DATA,27,주문자식별정보,ORDER IDENTIFICATION INFORMATION,String,12,,"공인IP, 사설IP, 단말고유번호, 전화번호, 가입자번호, 기계번호 /  / * 전화번호의 경우 ""-"" 제외 / * IP의 경우 ""."" 제외 / * 반대매매주문의 경우에는 ""BANDAE"", /   ARS주문의 경우에는 ""ARS"",  /   대량거래(K-BLOX협상)의 경우에만 /   ""BLOCK"" 으로 입력  / * 선물옵션기본예탁금액 관련하여 회원의 고객주문 직권취소의 경우에는 ""OVER"" / * Kill Switch 입력 시 ""KILLSWITCH"" / * 소수단위 주식거래의 경우에는 ""SOSU""",
매매정보,TTSSDP20016,TTSSDP20016,"협의(협의대량, EFP, FLEX)비상주문호가재송신(자동취소)",DATA,28,MAC주소,MAC_ADDR,String,12,,"* PC, 스마트폰, 태블릿PC 등 주문 단말에 동시 장착된 유무선 LAN 카드의 MAC 주소 (LAN 카드가 복수인 경우 1. 유선→무선, 2. 오름차순으로 정렬하여 순서가 가장 빠른 주소 / * 무선단말중 LAN카드 미장착 등 MAC 입력이 불가능한 경우 : “000000000000” / * 통칭 DMA : 실제 위탁자(자기 포함)의 IP, MAC 주소 입력이 원칙임. 단, 위탁자(자기 포함) IP, MAC 주소 수집이 불가능한 경우, ‘통칭 DMA 서버’를 통해서  혹은 다른 수단으로 수집이 가능한 IP, MAC 주소 반드시 ",
매매정보,TTSSDP20016,TTSSDP20016,"협의(협의대량, EFP, FLEX)비상주문호가재송신(자동취소)",DATA,29,협상번호,NEGOTIATION_ / NUMBER,Long,6,,,
매매정보,TTSSDP20016,TTSSDP20016,"협의(협의대량, EFP, FLEX)비상주문호가재송신(자동취소)",DATA,30,협상상세번호,BLOCK TRADE_ / NEGOTIATION_ / DETAIL_NUMBER,Long,6,,,
매매정보,TTSSDP20016,TTSSDP20016,"협의(협의대량, EFP, FLEX)비상주문호가재송신(자동취소)",DATA,31,협상자ID,NEGOTIATOR_ / IDENTIFICATION,String,10,,,
매매정보,TTSSDP20016,TTSSDP20016,"협의(협의대량, EFP, FLEX)비상주문호가재송신(자동취소)",DATA,32,상대회원번호,COUNTERPART_ / MEMBER_NUMBER,String,5,,,
매매정보,TTSSDP20016,TTSSDP20016,"협의(협의대량, EFP, FLEX)비상주문호가재송신(자동취소)",DATA,33,상대계좌번호,COUNTERPART_ / ACCOUNT_NUMBER,String,12,,* 12자리 구성방법 제한없음. 12자리를 회원사별로 사용,
매매정보,TTSSDP20016,TTSSDP20016,"협의(협의대량, EFP, FLEX)비상주문호가재송신(자동취소)",DATA,34,협의완료시각,NEGOTIATION_ / COMPLETION_TIME,String,9,,시분(HHMM)만 사용-끝의 5자리는 / 0으로 세팅 / * EFP종목의 경우 초단위반영,
매매정보,TTSSDP20016,TTSSDP20016,"협의(협의대량, EFP, FLEX)비상주문호가재송신(자동취소)",DATA,35,호가일자,ORDER_DATE,String,8,,YYYYMMDD,
매매정보,TTSSDP20016,TTSSDP20016,"협의(협의대량, EFP, FLEX)비상주문호가재송신(자동취소)",DATA,36,회원사주문시각,MEMBER FIRM_ORDER_TIME,String,9,,,
매매정보,TTSSDP20016,TTSSDP20016,"협의(협의대량, EFP, FLEX)비상주문호가재송신(자동취소)",DATA,37,회원사용영역,MEMBER_USE_AREA,String,60,,거래소 회원 사용 입력 영역,
매매정보,TTSSDP20016,TTSSDP20016,"협의(협의대량, EFP, FLEX)비상주문호가재송신(자동취소)",DATA,38,호가접수시각,ORD_ACPT_TM,String,9,,매칭 매매거래 접수시각,
매매정보,TTSSDP20016,TTSSDP20016,"협의(협의대량, EFP, FLEX)비상주문호가재송신(자동취소)",DATA,39,호가거부사유코드,ORDER_ / REJECTED_ / REASON_CODE,String,4,,거부사유코드 참조,
매매정보,TTSSDP20016,TTSSDP20016,"협의(협의대량, EFP, FLEX)비상주문호가재송신(자동취소)",DATA,40,현물가격,SPOT_PRC,Float,11,,* EFP종목만 해당 (취소호가는 0으로 입력) / * 현물은 0으로 입력 / * 파생 EFP제외 종목은 0으로 입력,
매매정보,TTSSDP20016,TTSSDP20016,"협의(협의대량, EFP, FLEX)비상주문호가재송신(자동취소)",DATA,41,PT구분코드,PROGRAM TRADING_ / TYPE_CODE,String,2,,"1) 현물 /  00 일반 / (10 차익거래) /    11 지수차익거래, /    12 주식차익거래, /    13 ETF차익거래이면서 지수비차익거래인 경우 /    14 ETF차익거래이면서 지수비차익거래가 아닌 경우 /    15 DR차익거래 /    16 KDR차익거래 /    17 ETN차익거래이면서 지수비차익거래인 경우 /    18 ETN차익거래이면서 지수비차익거래가 아닌 경우 /    19 섹터지수차익거래 / (20 헤지거래) /    21 ELW LP 헤지거래 /    22 파생MM 헤지거래 /    23 ETF L",
매매정보,TTSSDP20007,TTSSDP20007;TTSSDP90007,"협의(협의대량, EFP, FLEX)비상주문체결재송신",DATA,1,메세지일련번호,MESSAGE_ / SEQUENCE NUMBER,Long,11,,메세지일련번호,
매매정보,TTSSDP20007,TTSSDP20007;TTSSDP90007,"협의(협의대량, EFP, FLEX)비상주문체결재송신",DATA,2,트랜잭션코드,TRANSACTION_ / CODE,String,11,,TTSSDP20007,
매매정보,TTSSDP20007,TTSSDP20007;TTSSDP90007,"협의(협의대량, EFP, FLEX)비상주문체결재송신",DATA,3,ME그룹번호,ME_GRP_NO,String,2,,매칭그룹별 일련번호,
매매정보,TTSSDP20007,TTSSDP20007;TTSSDP90007,"협의(협의대량, EFP, FLEX)비상주문체결재송신",DATA,4,보드ID,BOARD_ID,String,2,,별첨_보드ID 매핑 참고,
매매정보,TTSSDP20007,TTSSDP20007;TTSSDP90007,"협의(협의대량, EFP, FLEX)비상주문체결재송신",DATA,5,회원번호,MEMBER_NUMBER,String,5,,,
매매정보,TTSSDP20007,TTSSDP20007;TTSSDP90007,"협의(협의대량, EFP, FLEX)비상주문체결재송신",DATA,6,지점번호,BRANCH_NUMBER,String,5,,,
매매정보,TTSSDP20007,TTSSDP20007;TTSSDP90007,"협의(협의대량, EFP, FLEX)비상주문체결재송신",DATA,7,주문ID,ORDER_ / IDENTIFICATION,String,10,,* 문자를 포함 / * 종목+회원+지점+주문ID가 Key (Unique),
매매정보,TTSSDP20007,TTSSDP20007;TTSSDP90007,"협의(협의대량, EFP, FLEX)비상주문체결재송신",DATA,8,종목코드,ISSUE_CODE,String,12,,현물/파생/채권/REPO 통합상품의 종목 코드(ISIN종목코드),
매매정보,TTSSDP20007,TTSSDP20007;TTSSDP90007,"협의(협의대량, EFP, FLEX)비상주문체결재송신",DATA,9,체결번호,TRADING_NUMBER,Long,11,,종목별로 부여되는 합치기준체결 일련번호 / *정규시간외구분코드별로 새로운 번호부여,
매매정보,TTSSDP20007,TTSSDP20007;TTSSDP90007,"협의(협의대량, EFP, FLEX)비상주문체결재송신",DATA,10,체결가격,TRADING_PRICE,Float,11,,매도 매수 호가간의 거래성사된 가격,
매매정보,TTSSDP20007,TTSSDP20007;TTSSDP90007,"협의(협의대량, EFP, FLEX)비상주문체결재송신",DATA,11,체결수량,TRADING VOLUMN,Long,10,,매도 매수 호가간의 거래성사 수량,
매매정보,TTSSDP20007,TTSSDP20007;TTSSDP90007,"협의(협의대량, EFP, FLEX)비상주문체결재송신",DATA,12,세션ID,SESS_ID,String,2,,별첨-세션ID 매핑 참고,
매매정보,TTSSDP20007,TTSSDP20007;TTSSDP90007,"협의(협의대량, EFP, FLEX)비상주문체결재송신",DATA,13,체결일자,TRADING_DATE,String,8,,YYYYMMDD / * 파생야간은 RDS 파생종목정보 영업일자,
매매정보,TTSSDP20007,TTSSDP20007;TTSSDP90007,"협의(협의대량, EFP, FLEX)비상주문체결재송신",DATA,14,체결시각,TRADING_TIME,String,9,,"현물(유가증권, 코스닥)  1/1000 초 제공 (파생은 기제공됨)",
매매정보,TTSSDP20007,TTSSDP20007;TTSSDP90007,"협의(협의대량, EFP, FLEX)비상주문체결재송신",DATA,15,매도매수구분코드,ASK_BID_TYPE_ / CODE,String,1,,1 매도 / 2 매수,
매매정보,TTSSDP20007,TTSSDP20007;TTSSDP90007,"협의(협의대량, EFP, FLEX)비상주문체결재송신",DATA,16,계좌번호,ACCOUNT_NUMBER,String,12,,* 12자리 구성방법 제한없음. 12자리를 회원사별로 사용,
매매정보,TTSSDP20007,TTSSDP20007;TTSSDP90007,"협의(협의대량, EFP, FLEX)비상주문체결재송신",DATA,17,협상번호,NEGOTIATION_ / NUMBER,Long,6,,,
매매정보,TTSSDP20007,TTSSDP20007;TTSSDP90007,"협의(협의대량, EFP, FLEX)비상주문체결재송신",DATA,18,협상상세번호,NEGOTIATION_ / DETAIL_NUMBER,Long,6,,,
매매정보,TTSSDP20007,TTSSDP20007;TTSSDP90007,"협의(협의대량, EFP, FLEX)비상주문체결재송신",DATA,19,협상자ID,NEGOTIATOR_ / IDENTIFICATION,String,10,,,
매매정보,TTSSDP20007,TTSSDP20007;TTSSDP90007,"협의(협의대량, EFP, FLEX)비상주문체결재송신",DATA,20,회원사용영역,MEMBER_USE_ / AREA,String,60,,거래소 회원 사용 입력 영역,
매매정보,TTSSDP20007,TTSSDP20007;TTSSDP90007,"협의(협의대량, EFP, FLEX)비상주문체결재송신",DATA,21,위탁사번호,TRUST COMPANY_ / NUMBER,String,5,,,
장운영,TTRMIP31301,TTRMIP31301,공개장운영,DATA,1,메세지일련번호,MESSAGE_SEQUENCE NUMBER,Long,11,,메세지일련번호,
장운영,TTRMIP31301,TTRMIP31301,공개장운영,DATA,2,트랜잭션코드,TRANSACTION_ / CODE,String,11,,공개장운영 : TTRMIP31301,
장운영,TTRMIP31301,TTRMIP31301,공개장운영,DATA,3,ME그룹번호,ME_GRP_NO,String,2,,매칭그룹별 일련번호,
장운영,TTRMIP31301,TTRMIP31301,공개장운영,DATA,4,장운영상품그룹ID,TSC_PROD_GRP_ID,String,3,,장운영상품그룹ID 참고,
장운영,TTRMIP31301,TTRMIP31301,공개장운영,DATA,5,보드ID,BOARD_ID,String,2,,별첨_보드ID 매핑 참고,
장운영,TTRMIP31301,TTRMIP31301,공개장운영,DATA,6,보드이벤트ID,BRD_EVT_ID,String,3,,별첨_장운영구분코드 매핑 참고,변경
장운영,TTRMIP31301,TTRMIP31301,공개장운영,DATA,7,보드이벤트시작시각,BRD_EVT_STRT_TM,String,9,,이벤트 처리 예정시각,
장운영,TTRMIP31301,TTRMIP31301,공개장운영,DATA,8,보드이벤트적용군코드,BRD_EVT_APPLGRP_CD,Long,5,,보드이벤트 발생을 적용받을 종목군 정의 / 0: 종목 OR 상품조치 / 2: 최종거래일종목 / 4: 일반종목 / 8: 단위매매종목(30분) / 16: 단위매매종목(10분) / 31: 전체,
장운영,TTRMIP31301,TTRMIP31301,공개장운영,DATA,9,세션개시종료코드,SESS_STRT_END_CD,String,2,,"* 세션개시종료코드의 의미 /  - 세션의 개시와 종료의 구분. / (마지막 세션의 종료시는 보드종료, 첫번째 세션의 개시는 보드개시) /  / BS: 보드개시 / BE: 보드종료 / SS: 세션개시 / SE: 세션종료 / SH: 세션중단 / SR: 세션재개",
장운영,TTRMIP31301,TTRMIP31301,공개장운영,DATA,10,세션ID,SESS_ID,String,2,,별첨-세션ID 매핑 참고,
장운영,TTRMIP31301,TTRMIP31301,공개장운영,DATA,11,종목코드,ISU_CD,String,12,,종목코드 / (개별종목 장운영 조치시 등록),
장운영,TTRMIP31301,TTRMIP31301,공개장운영,DATA,12,상품ID,CLASS_ID,String,11,,별첨-KRX 차세대 상품 ID체계 참고,
장운영,TTRMIP31301,TTRMIP31301,공개장운영,DATA,13,거래정지사유코드,HALT_RSN_CD,String,3,,별첨_거래정지사유코드 참고,
장운영,TTRMIP31301,TTRMIP31301,공개장운영,DATA,14,거래정지발생유형코드,HALT_OCCR_TP_CD,String,1,,거래정지발생유형코드 / 1: 자기종목 / 2: 신주인수권증권 / 3: 신주인수권증서 / 4: 기초자산ELW / 5: 발행ELW / 6: 상장사 / 7: 기초자산소속시장 / 9:발행자(ETN) / D:발행자(신종증권),
장운영,TTRMIP31301,TTRMIP31301,공개장운영,DATA,15,적용단계,APPL_STEP,Long,2,,CB 및 가격제한폭 확대시 적용되는 단계,
장운영,TTRMIP31301,TTRMIP31301,공개장운영,DATA,16,기준종목가격확대발생코드,BAS_ISU_PLE_OCCR_CD,String,1,,"기준종목이 가격확대된 방향코드(U:상승, D:하락)",
장운영,TTRMIP31301,TTRMIP31301,공개장운영,DATA,17,가격확대예정시각,PLE_SCHDL_TM,String,9,,파생시장 가격확대 예고이벤트 발생시 사용되는 항목으로 가격확대예정시각이 기록됨,
장운영,TTRMIP31301,TTRMIP31301,공개장운영,DATA,18,이벤트대상ME그룹번호,EVT_OBJ_ME_GRP_NO,String,2,,이벤트가 발생한 매칭그룹번호,
장운영,TTRMIP32301,TTRMIP32301,주식종목정보 공개,DATA,1,메세지일련번호,MESSAGE_SEQUENCE NUMBER,Long,11,,메세지일련번호,
장운영,TTRMIP32301,TTRMIP32301,주식종목정보 공개,DATA,2,트랜잭션코드,TRANSACTION_ / CODE,String,11,,TTRMIP32301,
장운영,TTRMIP32301,TTRMIP32301,주식종목정보 공개,DATA,3,ME그룹번호,ME_GRP_NO,String,2,,매칭그룹별 일련번호,
장운영,TTRMIP32301,TTRMIP32301,주식종목정보 공개,DATA,4,공개정보구분코드,OPN_INFO_TP_CD,String,3,,1) 현물공통  / 611 기준가변경 / 612 평가가격변경 / 621 매매구분(일반/정리매매)변경 / 622 장개시전시간외실시여부 / 624 단기과열종목지정변경 / 625 초저유동성종목지정변경 / 626 이상급등종목지정변경 / 627 투자유의종목지정변경 / 628 상장주식수부족우지정변경 /  / 631 상장주식수변경 / 641 매매수량단위변경,
장운영,TTRMIP32301,TTRMIP32301,주식종목정보 공개,DATA,5,장운영상품그룹ID,TSC_PROD_GRP_ID,String,3,,장운영상품그룹ID 참고,
장운영,TTRMIP32301,TTRMIP32301,주식종목정보 공개,DATA,6,종목코드,ISU_CD,String,12,,현물/파생/채권/REPO 통합상품의 종목 코드(ISIN종목코드),
장운영,TTRMIP32301,TTRMIP32301,주식종목정보 공개,DATA,7,공개시각,OPN_TM,String,9,,,
장운영,TTRMIP32301,TTRMIP32301,주식종목정보 공개,DATA,8,기준가격,BAS_PRC,Float,11,,,
장운영,TTRMIP32301,TTRMIP32301,주식종목정보 공개,DATA,9,상한가,UPLMTPRC,Float,11,,,
장운영,TTRMIP32301,TTRMIP32301,주식종목정보 공개,DATA,10,하한가,LWLMTPRC,Float,11,,,
장운영,TTRMIP32301,TTRMIP32301,주식종목정보 공개,DATA,11,평가가격,VALU_PRC,Float,11,,,
장운영,TTRMIP32301,TTRMIP32301,주식종목정보 공개,DATA,12,최고호가가격,HGST_ORD_PRC,Float,11,,,
장운영,TTRMIP32301,TTRMIP32301,주식종목정보 공개,DATA,13,최저호가가격,LWST_ORD_PRC,Float,11,,,
장운영,TTRMIP32301,TTRMIP32301,주식종목정보 공개,DATA,14,시가기준가격여부,OPNPRC_BAS_PRC_YN,String,1,,,
장운영,TTRMIP32301,TTRMIP32301,주식종목정보 공개,DATA,15,락구분코드,OFF_TP_CD,String,2,,"락구분코드(현물), 조정사유코드(파생)과 동일 / 00:해당사항없음 / 01:권리락 / 02:배당락 / 03:분배락 / 04:권배락 / 05:중간(분기)배당락 / 06:권리중간배당락 / 07:권리분기배당락 / 99:기타",
장운영,TTRMIP32301,TTRMIP32301,주식종목정보 공개,DATA,16,액면가변경구분코드,PARVAL_CHG_TP_CD,String,2,,00:해당없음 / 01:액면분할 / 02:액면병합 / 03:주식분할 / 04:주식병합 / 99:기타,
장운영,TTRMIP32301,TTRMIP32301,주식종목정보 공개,DATA,17,매매수량단위,QTYUNIT,Long,6,,,
장운영,TTRMIP32301,TTRMIP32301,주식종목정보 공개,DATA,18,상장주식수,LIST_SHRS,Long,16,,,
장운영,TTRMIP32301,TTRMIP32301,주식종목정보 공개,DATA,19,지정여부,DESIGN_YN,String,1,,1) 621 일반/정리매매변경 / N 정리매매해제 / Y 정리매매지정 /  / 2) 624 단기과열종목지정변경 / N 단기과열종목해제 / Y 단기과열종목지정 /  / 3) 625 초저유동성종목지정변경 / N 초저유동성종목해제 / Y 초저유동성종목지정 /  / 4) 626 이상급등종목지정변경 / N 이상급등종목해제 / Y 이상급등종목지정 /  / 5) 627 투자유의종목지정변경 / N 투자유의종목해제 / Y 투자유의종목지정 /  / 6) 628 상장주식수부족우지정변경 / N 상장주식수부족우종목해제 / Y 상장주식수부족우종목지정,
장운영,TTRMIP32301,TTRMIP32301,주식종목정보 공개,DATA,20,장개시전시간외종가가능여부,PREOFFHR_CLSPRC_POSBL_YN,String,1,,"N 해당없음, Y 가능",
장운영,TTRMIP32302,TTRMIP32302,채권종목정보 공개,DATA,1,메세지일련번호,MESSAGE_SEQUENCE NUMBER,Long,11,,메세지일련번호,
장운영,TTRMIP32302,TTRMIP32302,채권종목정보 공개,DATA,2,트랜잭션코드,TRANSACTION_ / CODE,String,11,,TTRMIP32302,
장운영,TTRMIP32302,TTRMIP32302,채권종목정보 공개,DATA,3,ME그룹번호,ME_GRP_NO,String,2,,매칭그룹별 일련번호,
장운영,TTRMIP32302,TTRMIP32302,채권종목정보 공개,DATA,4,공개정보구분코드,OPN_INFO_TP_CD,String,3,,801:한글종목약명변경 -> 삭제  / 802:영문종목약명변경 -> 삭제 / 803:발행일변경 ->발행일자변경 / 804:상환일변경 ->상환일자변경 / 805:발행율변경 -> 채권발행율변경 / 806:표면이자율변경  / 807:상환율변경 -> 만기상환비율변경 / 808:보장수익율변경 -> 보장수익률변경 / 810:통화구분변경 -> 통화구분코드변경 / 811:이자지급방법변경 -> 이자지급방법코드변경  / 812:이자지급계산월수변경  / 813:매출일변경  ->매출일자변경 / 814:이자일지급기준변경 -> 이자일지급기준구분코드변경 / ,
장운영,TTRMIP32302,TTRMIP32302,채권종목정보 공개,DATA,5,장운영상품그룹ID,TSC_PROD_GRP_ID,String,3,,장운영상품그룹ID 참고,
장운영,TTRMIP32302,TTRMIP32302,채권종목정보 공개,DATA,6,종목코드,ISU_CD,String,12,,표준종목코드,
장운영,TTRMIP32302,TTRMIP32302,채권종목정보 공개,DATA,7,공개시각,OPN_TM,String,9,,공개시각,
장운영,TTRMIP32302,TTRMIP32302,채권종목정보 공개,DATA,8,이자지급방법코드,INT_PAY_METHD_CD,string,2,,"고정금리형(11:할인채,12:복리채, 13:이표채, 14:단리채,15:복5단2, 19:기타) 변동금리형(21:이표채, 22:복리채, 23:단리채, 29:기타)",
장운영,TTRMIP32302,TTRMIP32302,채권종목정보 공개,DATA,9,발행일자,ISU_DD,string,8,,발행일자,
장운영,TTRMIP32302,TTRMIP32302,채권종목정보 공개,DATA,10,상환일자,REDMPT_DD,string,8,,상환일자,
장운영,TTRMIP32302,TTRMIP32302,채권종목정보 공개,DATA,11,매출일자,SALE_DD,string,8,,선매출채권중 원천징수를 하지 않는 은행체등의 경우에만 표기(소액국공채 등은 표기치 않음),
장운영,TTRMIP32302,TTRMIP32302,채권종목정보 공개,DATA,12,채권발행율,BND_ISU_RT,float,13,,채권발행율 및 발행가액의 의미를 가짐,
장운영,TTRMIP32302,TTRMIP32302,채권종목정보 공개,DATA,13,표면이자율,COUPN_RT,float,14,,표면이자율,
장운영,TTRMIP32302,TTRMIP32302,채권종목정보 공개,DATA,14,이자지급계산월수,INT_PAY_CALC_MMS,long,4,,"0:불규칙,0<이자지급계산월수: 규칙의 경우 개월수(이표채,복리채,나머지는 표기하지 않음)",
장운영,TTRMIP32302,TTRMIP32302,채권종목정보 공개,DATA,15,이자일지급기준구분코드,INT_DD_PAY_BAS_TP_CD,string,1,,"1:발행일, 2:상환일(채권부 입력사항)",
장운영,TTRMIP32302,TTRMIP32302,채권종목정보 공개,DATA,16,이자월말구분코드,INT_MMEND_TP_CD,string,1,,"1:일자기준,2: 말일기준(채권부 입력사항)",
장운영,TTRMIP32302,TTRMIP32302,채권종목정보 공개,DATA,17,이자원단위미만처리코드,INT_UNWON_UD_PROCS_CD,string,1,,"1:절사, 2:절상, 3:사사오입, 4:원미만인정",
장운영,TTRMIP32302,TTRMIP32302,채권종목정보 공개,DATA,18,채권선매출이자지급방법코드,BND_PRE_SALE_INT_PAY_METHD_CD,string,1,,"1:매출시,2: 최초 이자지급시, 3:상환시, 4:매출시(국고채유형)  ==>'매출형태'가 선매출(1)인 경우에만 사용",
장운영,TTRMIP32302,TTRMIP32302,채권종목정보 공개,DATA,19,통화구분코드,CURR_TP_CD,string,1,,"1:원화(default), 2:US$, 3:엔, 4:유로화, 5:위안화",
장운영,TTRMIP32302,TTRMIP32302,채권종목정보 공개,DATA,20,만기상환비율,EXP_REDMPT_RTO,float,13,,만기에 상환하는 비율(주로 주식관련사채권의 경우에 많음),
장운영,TTRMIP32302,TTRMIP32302,채권종목정보 공개,DATA,21,보장수익률,GRT_YD,float,13,,만기에 발행사에서  보장하는 만기보장 수익률(예:8%등),
장운영,TTRMIP32302,TTRMIP32302,채권종목정보 공개,DATA,22,거치개월수,DEFR_MMS,long,4,,"개월수로 입력 ('분할상환구분'이 원금균등, 원리금균등의 경우 사용)",
장운영,TTRMIP32302,TTRMIP32302,채권종목정보 공개,DATA,23,분할상환횟수,SPLIT_REDMPT_CNT,long,5,,"분할 상환횟수 표시 ('분할상환구분'이 원금균등, 원리금균등의 경우 사용)",
장운영,TTRMIP32302,TTRMIP32302,채권종목정보 공개,DATA,24,가산금리,SPD,float,10,,가산금리 또는 차감금리  (음수인 경우는 '-' 부호 포함됨),
장운영,TTRMIP32302,TTRMIP32302,채권종목정보 공개,DATA,25,당일기준가격,TDD_BAS_PRC,float,11,,당일의 기준가격,
장운영,TTRMIP32302,TTRMIP32302,채권종목정보 공개,DATA,26,은행휴무일이자지급결정코드,BK_HOLDY_DD_INT_PAY_DECSN_CD,string,1,,1:직전영업일 (직후영업일에 지급시 경과이자 없음) / 2:직전영업일 (직후영업일에 지급시 경과이자 있음) / 3:직후영업일 (경과이자 없음) / 4:직후영업일 (경과이자 있음) / 5:해당사항 없음,
장운영,TTRMIP32302,TTRMIP32302,채권종목정보 공개,DATA,27,신종자본증권여부,HBRDBND_YN,string,1,,Y:신종자본증권 해당 N:미해당,
장운영,TTRMIP32302,TTRMIP32302,채권종목정보 공개,DATA,28,표면이자율결정기준금리코드,COUPN_RT_DECSN_BAS_INT_CD,string,2,,코드 내용은 별도 참조,
장운영,TTRMIP32302,TTRMIP32302,채권종목정보 공개,DATA,29,이자율결정기준일자,INT_RT_DECSN_BAS_DD,string,8,,최초이자에 적용되는 기준금리 적용일자 / (국고채 FRN 해당),
장운영,TTRMIP32302,TTRMIP32302,채권종목정보 공개,DATA,30,정리매매여부,ARRANTRD_YN,string,1,,Y:정리매매대상  N:정리매매비대상,
장운영,TTRMIP32303,TTRMIP32303,회원 제재/해제 공개,DATA,1,메세지일련번호,MESSAGE_SEQUENCE NUMBER,Long,11,,메세지일련번호,
장운영,TTRMIP32303,TTRMIP32303,회원 제재/해제 공개,DATA,2,트랜잭션코드,TRANSACTION_ / CODE,String,11,,TTRMIP32303,
장운영,TTRMIP32303,TTRMIP32303,회원 제재/해제 공개,DATA,3,ME그룹번호,ME_GRP_NO,String,2,,매칭그룹별 일련번호,
장운영,TTRMIP32303,TTRMIP32303,회원 제재/해제 공개,DATA,4,공개정보구분코드,OPN_INFO_TP_CD,String,3,,711 회원매매거래정지 / 712 회원매매거래해제,
장운영,TTRMIP32303,TTRMIP32303,회원 제재/해제 공개,DATA,5,종목코드,ISU_CD,String,12,,표준종목코드,
장운영,TTRMIP32303,TTRMIP32303,회원 제재/해제 공개,DATA,6,공개시각,OPN_TM,String,9,,공개시각,
장운영,TTRMIP32303,TTRMIP32303,회원 제재/해제 공개,DATA,7,회원번호,MBR_NO,String,5,,회원번호,
장운영,TTRMIP32303,TTRMIP32303,회원 제재/해제 공개,DATA,8,지점번호,BRN_NO,String,5,,지점번호,
장운영,TTRMIP32303,TTRMIP32303,회원 제재/해제 공개,DATA,9,회원거래범위코드,MBR_TRD_SCOPE_CD,Long,5,,회원의 거래를 허용 또는 제재하는 범위. Bitwise 정의 / 코드값 / 1: 매도(풋매수) 위탁 / 2: 매도(풋매수) 자기 / 4: 매수(풋매도) 위탁 / 8: 매수(풋매도) 자기,
장운영,TTRMIP32304,TTRMIP32304,결제적용기준환율 공개,DATA,1,메세지일련번호,MESSAGE_SEQUENCE NUMBER,Long,11,,메세지일련번호,
장운영,TTRMIP32304,TTRMIP32304,결제적용기준환율 공개,DATA,2,트랜잭션코드,TRANSACTION_ / CODE,String,11,,TTRMIP32304,
장운영,TTRMIP32304,TTRMIP32304,결제적용기준환율 공개,DATA,3,ME그룹번호,ME_GRP_NO,String,2,,매칭그룹별 일련번호,
장운영,TTRMIP32304,TTRMIP32304,결제적용기준환율 공개,DATA,4,공개정보구분코드,OPN_INFO_TP_CD,String,3,,890:결제적용 기준환율공시  / 891:결제적용 기준환율변경,
장운영,TTRMIP32304,TTRMIP32304,결제적용기준환율 공개,DATA,5,장운영상품그룹ID,TSC_PROD_GRP_ID,String,3,,장운영상품그룹ID 참고,
장운영,TTRMIP32304,TTRMIP32304,결제적용기준환율 공개,DATA,6,공개시각,OPN_TM,String,9,,공개시각,
장운영,TTRMIP32304,TTRMIP32304,결제적용기준환율 공개,DATA,7,적용환율,APPL_EXCHRT,float,13,,적용환율,
장운영,TTRMIP32304,TTRMIP32304,결제적용기준환율 공개,DATA,8,통화구분코드,CURR_TP_CD,string,1,,"1:원화(default), 2:US$, 3:엔, 4:유로화, 5:위안화",
장운영,TTRMIP31302,TTRMIP31302,기준가정보,DATA,1,메세지일련번호,MESSAGE_SEQUENCE NUMBER,Long,11,,메세지일련번호,
장운영,TTRMIP31302,TTRMIP31302,기준가정보,DATA,2,트랜잭션코드,TRANSACTION_ / CODE,String,11,,기준가정보 : TTRMIP31302,
장운영,TTRMIP31302,TTRMIP31302,기준가정보,DATA,3,ME그룹번호,ME_GRP_NO,String,2,,매칭그룹별 일련번호,
장운영,TTRMIP31302,TTRMIP31302,기준가정보,DATA,4,보드ID,BOARD_ID,String,2,,별첨_보드ID 매핑 참고,
장운영,TTRMIP31302,TTRMIP31302,기준가정보,DATA,5,종목코드,ISSUE_CODE,String,12,,현물/파생/채권/REPO 통합상품의 종목 코드(ISIN종목코드),
장운영,TTRMIP31302,TTRMIP31302,기준가정보,DATA,6,기준가격,BASE_PRICE,Float,11,,,
장운영,TTRMIP31302,TTRMIP31302,기준가정보,DATA,7,기준가격상한가,BASE_PRICE_ / UPPER LIMIT  / PRICE,Float,11,,,
장운영,TTRMIP31302,TTRMIP31302,기준가정보,DATA,8,기준가격하한가,BASE_PRICE_ / LOWER LIMIT  / PRICE,Float,11,,,
장운영,TTRMIP31303,TTRMIP31303,임의종료,DATA,1,메세지일련번호,MESSAGE_SEQUENCE / NUMBER,Long,11,,메세지일련번호,
장운영,TTRMIP31303,TTRMIP31303,임의종료,DATA,2,트랜잭션코드,TRANSACTION_ / CODE,String,11,,기준가결정 : TTRMIP31303,
장운영,TTRMIP31303,TTRMIP31303,임의종료,DATA,3,ME그룹번호,ME_GRP_NO,String,2,,매칭그룹별 일련번호,
장운영,TTRMIP31303,TTRMIP31303,임의종료,DATA,4,보드ID,BOARD_ID,String,2,,별첨_보드ID 매핑 참고,
장운영,TTRMIP31303,TTRMIP31303,임의종료,DATA,5,종목코드,ISSUE_CODE,String,12,,현물/파생/채권/REPO 통합상품의 종목 코드(ISIN종목코드),
장운영,TTRMIP31303,TTRMIP31303,임의종료,DATA,6,임의종료적용구분코드,RANDOM END_ / APPLICATION_TYPE_CODE,String,1,,1 시초동시 임의종료 지정  / 2 시초동시 임의종료 해제  / 3 마감동시 임의종료 지정  / 4 마감동시 임의종료 해제 / 5 시간외단일가 임의종료 지정 / 6 시간외단일가 임의종료 해제,
장운영,TTRMIP31303,TTRMIP31303,임의종료,DATA,7,임의종료잠정체결가,RANDOM END_ / DEEMED TRADING INFORMATION,Float,11,,,
장운영,TTRMIP31303,TTRMIP31303,임의종료,DATA,8,임의종료예상최고가,RANDOM END_DEEMED_ / HIGHEST PRICE,Float,11,,,
장운영,TTRMIP31303,TTRMIP31303,임의종료,DATA,9,임의종료예상최고가괴리율,RANDOM END_DEEMED_ / HIGHEST PRICE_ / DIVERGENCY_RATE,Float,13,,,
장운영,TTRMIP31303,TTRMIP31303,임의종료,DATA,10,임의종료예상최저가,RANDOM END_DEEMED_ / LOWEST PRICE,Float,11,,,
장운영,TTRMIP31303,TTRMIP31303,임의종료,DATA,11,임의종료예상최저가괴리율,RANDOM END_DEEMED_ / LOWEST PRICE_ / DIVERGENCY_RATE,Float,13,,,
장운영,TTRMIP31303,TTRMIP31303,임의종료,DATA,12,직전가격,LAST_PRICE,Float,11,,,
장운영,TTRMIP31303,TTRMIP31303,임의종료,DATA,13,직전가격괴리율,LAST_PRICE_DIVERGENCY_RATE,Float,13,,,
장운영,TTRMIP31303,TTRMIP31303,임의종료,DATA,14,임의종료해제시각,RANDOM END_RELEASE_TIME,String,9,,,
장운영,TTRMIP31304,TTRMIP31304,종목마감,DATA,1,메세지일련번호,MESSAGE_ / SEQUENCE NUMBER,Long,11,,메세지일련번호,
장운영,TTRMIP31304,TTRMIP31304,종목마감,DATA,2,트랜잭션코드,TRANSACTION_ / CODE,String,11,,종목마감 : TTRMIP31304,
장운영,TTRMIP31304,TTRMIP31304,종목마감,DATA,3,ME그룹번호,ME_GRP_NO,String,2,,매칭그룹별 일련번호,
장운영,TTRMIP31304,TTRMIP31304,종목마감,DATA,4,보드ID,BOARD_ID,String,2,,별첨_보드ID 매핑 참고,
장운영,TTRMIP31304,TTRMIP31304,종목마감,DATA,5,종목코드,ISSUE_CODE,String,12,,현물/파생/채권/REPO 통합상품의 종목 코드(ISIN종목코드),
장운영,TTRMIP31304,TTRMIP31304,종목마감,DATA,6,종목마감종가,ISSUE_CLOSE_ / CLOSING PRICE,Float,11,,,
장운영,TTRMIP31304,TTRMIP31304,종목마감,DATA,7,종목마감가격구분코드,ISSUE_CLOSE_ / PRICE_TYPE_ / CODE,String,1,,1 체결가격 / 2 기세 / 3 거래무 / 4 시가기준가종목의 기세,
장운영,TTRMIP31304,TTRMIP31304,종목마감,DATA,8,종목마감시간외단일가상한가,ISSUE_CLOSE_ / OFF-HOURS  / SESSION SINGLE / PRICE CALL / AUCTION_UPPER / LIMIT PRICE,Float,11,,장종료후 시간외 단일가 제도 없어짐에 따라 0으로 송신,
장운영,TTRMIP31304,TTRMIP31304,종목마감,DATA,9,종목마감시간외단일가하한가,ISSUE_CLOSE_ / OFF-HOURS / SESSION SINGLE / PRICE CALL  / AUCTION_LOWER / LIMIT PRICE,Float,11,,장종료후 시간외 단일가 제도 없어짐에 따라 0으로 송신,
장운영,TTRMIP31304,TTRMIP31304,종목마감,DATA,10,종목마감매입인도기준가격,ISSUE_CLOSE_BUY IN BASE PRICE,Float,11,,유효자리수 정수부분 9자리 / 전종목에 대해 정규장에만 기록됨(Buy-In 가능 여부와 무관) / *파생시장은 해당 없음,
장운영,TTRMIP31304,TTRMIP31304,종목마감,DATA,11,종목마감매입인도상한가,ISSUE_CLOSE_BUY IN UPPER LIMIT PRICE,Float,11,,유효자리수 정수부분 9자리 / 전종목에 대해 정규장에만 기록됨(Buy-In 가능 여부와 무관) / *파생시장은 해당 없음,
장운영,TTRMIP31304,TTRMIP31304,종목마감,DATA,12,종목마감매입인도하한가,ISSUE_CLOSE_BUY IN LOWER LIMIT PRICE,Float,11,,유효자리수 정수부분 9자리 / 전종목에 대해 정규장에만 기록됨(Buy-In 가능 여부와 무관) / *파생시장은 해당 없음,
장운영,TTRMIP31306,TTRMIP31306,배분정보,DATA,1,메세지일련번호,MESSAGE_ / SEQUENCE NUMBER,Long,11,,메세지일련번호,
장운영,TTRMIP31306,TTRMIP31306,배분정보,DATA,2,트랜잭션코드,TRANSACTION_ / CODE,String,11,,배분정보 : TTRMIP31306,
장운영,TTRMIP31306,TTRMIP31306,배분정보,DATA,3,ME그룹번호,ME_GRP_NO,String,2,,매칭그룹별 일련번호,
장운영,TTRMIP31306,TTRMIP31306,배분정보,DATA,4,보드ID,BOARD_ID,String,2,,별첨_보드ID 매핑 참고,
장운영,TTRMIP31306,TTRMIP31306,배분정보,DATA,5,종목코드,ISU_CD,String,12,,현물/파생/채권/REPO 통합상품의 종목 코드(ISIN종목코드),
장운영,TTRMIP31306,TTRMIP31306,배분정보,DATA,6,배분적용구분코드,ALLOC_APPL_TP_CD,String,1,,1 배분개시 / 2 배분해제,
장운영,TTRMIP31306,TTRMIP31306,배분정보,DATA,7,배분처리구분코드,ALLOC_PROCS_TP_CD,String,1,,1 매수상한 / 2 매수하한 / 3 매도상한 / 4 매도하한 / 5 매수전가격대 / 6 매도전가격대,
장운영,TTRMIP31306,TTRMIP31306,배분정보,DATA,8,배분해제시각,ALLOC_RELEAS_TM,String,9,,해제시 처리시각,
장운영,TTRMIP31307,TTRMIP31307,VI(변동성완화장치),DATA,1,메세지일련번호,MESSAGE_ / SEQUENCE NUMBER,Long,11,,메세지일련번호,
장운영,TTRMIP31307,TTRMIP31307,VI(변동성완화장치),DATA,2,트랜잭션코드,TRANSACTION_ / CODE,String,11,,VI(변동성완화장치) : TTRMIP31307,
장운영,TTRMIP31307,TTRMIP31307,VI(변동성완화장치),DATA,3,ME그룹번호,ME_GRP_NO,String,2,,매칭그룹별 일련번호,
장운영,TTRMIP31307,TTRMIP31307,VI(변동성완화장치),DATA,4,보드ID,BOARD_ID,String,2,,별첨_보드ID 매핑 참고,
장운영,TTRMIP31307,TTRMIP31307,VI(변동성완화장치),DATA,5,종목코드,ISSUE_CODE,String,12,,현물/파생/채권/REPO 통합상품의 종목 코드(ISIN종목코드),
장운영,TTRMIP31307,TTRMIP31307,VI(변동성완화장치),DATA,6,ME처리시각,ME_PROCS_TM,String,9,,ME처리시각,
장운영,TTRMIP31307,TTRMIP31307,VI(변동성완화장치),DATA,7,VI해제시각,VI_RELEAS_TM,String,9,,해제시각,
장운영,TTRMIP31307,TTRMIP31307,VI(변동성완화장치),DATA,8,VI적용구분코드,VI_APPL_TP_CD,String,1,,"1:VI발동, 2:VI해제",
장운영,TTRMIP31307,TTRMIP31307,VI(변동성완화장치),DATA,9,VI종류코드,VI_KIND_CD,String,1,,2:실시간VI  / 1:정적VI  2:동적VI 3:정적VI+동적VI,
장운영,TTRMIP31307,TTRMIP31307,VI(변동성완화장치),DATA,10,정적VI발동기준가격,STATIC_VI_TG_BAS_PRC,Float,11,,정적VI발동기준가격 /  - 시가결정 전 : 당일의 기준가격 /  - 시가결정 후 : 직전 단일가매매가격,
장운영,TTRMIP31307,TTRMIP31307,VI(변동성완화장치),DATA,11,동적VI발동기준가격,DYNMC_VI_TG_BAS_PRC,Float,11,,동적VI발동기준가격 /  - 발동시 직전가격,
장운영,TTRMIP31307,TTRMIP31307,VI(변동성완화장치),DATA,12,VI발동가격,VI_TG_PRC,Float,11,,VI발동가격,
장운영,TTRMIP31307,TTRMIP31307,VI(변동성완화장치),DATA,13,정적VI발동가격괴리율,STATIC_VI_TG_DIVRG_RT,Float,13,,정적VI발동가격괴리율,
장운영,TTRMIP31307,TTRMIP31307,VI(변동성완화장치),DATA,14,동적VI발동가격괴리율,DYNMC_VI_TG_DIVRG_RT,Float,13,,동적VI발동가격괴리율,
장운영,TTRMIP31308,TTRMIP31308,실시간가격제한,DATA,1,메세지일련번호,MESSAGE_ / SEQUENCE NUMBER,Long,11,,메세지일련번호,
장운영,TTRMIP31308,TTRMIP31308,실시간가격제한,DATA,2,트랜잭션코드,TRANSACTION_ / CODE,String,11,,실시간가격제한 : TTRMIP31308,
장운영,TTRMIP31308,TTRMIP31308,실시간가격제한,DATA,3,ME그룹번호,ME_GRP_NO,String,2,,매칭그룹별 일련번호,
장운영,TTRMIP31308,TTRMIP31308,실시간가격제한,DATA,4,보드ID,BOARD_ID,String,2,,별첨_보드ID 매핑 참고,
장운영,TTRMIP31308,TTRMIP31308,실시간가격제한,DATA,5,종목코드,ISSUE_CODE,String,12,,현물/파생/채권/REPO 통합상품의 종목 코드(ISIN종목코드),
장운영,TTRMIP31308,TTRMIP31308,실시간가격제한,DATA,6,ME처리시각,ME_PROCS_TM,String,9,,ME처리시각,
장운영,TTRMIP31308,TTRMIP31308,실시간가격제한,DATA,7,실시간가격제한설정코드,DYNMC_PRC_LMT_ESTB_CD,String,1,,"0:해제, 1:설정, 2:재설정",
장운영,TTRMIP31308,TTRMIP31308,실시간가격제한,DATA,8,실시간상한가,DYNMC_UPLMTPRC,Float,11,,실시간상한가,
장운영,TTRMIP31308,TTRMIP31308,실시간가격제한,DATA,9,실시간하한가,DYNMC_LWLMTPRC,Float,11,,실시간하한가,
장운영,TTRMIP31309,TTRMIP31309,가격제한폭확대발동,DATA,1,메세지일련번호,MESSAGE_ / SEQUENCE NUMBER,Long,11,,메세지일련번호,
장운영,TTRMIP31309,TTRMIP31309,가격제한폭확대발동,DATA,2,트랜잭션코드,TRANSACTION_ / CODE,String,11,,실시간가격제한 : TTRMIP31309,
장운영,TTRMIP31309,TTRMIP31309,가격제한폭확대발동,DATA,3,ME그룹번호,ME_GRP_NO,String,2,,매칭그룹별 일련번호,
장운영,TTRMIP31309,TTRMIP31309,가격제한폭확대발동,DATA,4,보드ID,BOARD_ID,String,2,,별첨_보드ID 매핑 참고,
장운영,TTRMIP31309,TTRMIP31309,가격제한폭확대발동,DATA,5,종목코드,ISSUE_CODE,String,12,,현물/파생/채권/REPO 통합상품의 종목 코드(ISIN종목코드),
장운영,TTRMIP31309,TTRMIP31309,가격제한폭확대발동,DATA,6,ME처리시각,ME_PROCS_TM,String,9,,ME처리시각,
장운영,TTRMIP31309,TTRMIP31309,가격제한폭확대발동,DATA,7,가격확대시각,PRC_EXPN_TM,String,9,,가격확대시각,
장운영,TTRMIP31309,TTRMIP31309,가격제한폭확대발동,DATA,8,가격제한확대상한단계,PLE_UPLMT_STEP,Long,3,,적용된 상한단계,
장운영,TTRMIP31309,TTRMIP31309,가격제한폭확대발동,DATA,9,가격제한확대하한단계,PLE_LWLMT_STEP,Long,3,,적용된 하한단계,
장운영,TTRMIP31309,TTRMIP31309,가격제한폭확대발동,DATA,10,상한가,UPLMTPRC,Float,11,,적용된 상한가,
장운영,TTRMIP31309,TTRMIP31309,가격제한폭확대발동,DATA,11,하한가,LWLMTPRC,Float,11,,적용된 하한가,
채널,TCHEDP99001,TCHEDP99001,회원사 장운영 인터페이스 종료,DATA,1,메세지일련번호,MESSAGE_ / SEQUENCE NUMBER,Long,11,,메세지일련번호,
채널,TCHEDP99001,TCHEDP99001,회원사 장운영 인터페이스 종료,DATA,2,트랜잭션코드,TRANSACTION_ / CODE,String,11,,TCHEDP99001,
채널,TCHEDP99001,TCHEDP99001,회원사 장운영 인터페이스 종료,DATA,3,ME그룹번호,ME_GRP_NO,String,2,,01',
채널,TCHEDP99001,TCHEDP99001,회원사 장운영 인터페이스 종료,DATA,4,ME그룹수,,Long,2,,,
채널,TCHEDP99001,TCHEDP99001,회원사 장운영 인터페이스 종료,DATA,5,ME그룹#01 일련번호,,Long,11,,,
채널,TCHEDP99001,TCHEDP99001,회원사 장운영 인터페이스 종료,DATA,6,ME그룹#02 일련번호,,Long,11,,,
채널,TCHEDP99001,TCHEDP99001,회원사 장운영 인터페이스 종료,DATA,7,ME그룹#03 일련번호,,Long,11,,,
채널,TCHEDP99001,TCHEDP99001,회원사 장운영 인터페이스 종료,DATA,8,ME그룹#04 일련번호,,Long,11,,,
채널,TCHEDP99001,TCHEDP99001,회원사 장운영 인터페이스 종료,DATA,9,ME그룹#05 일련번호,,Long,11,,,
채널,TCHEDP99001,TCHEDP99001,회원사 장운영 인터페이스 종료,DATA,10,ME그룹#06 일련번호,,Long,11,,,
채널,TCHEDP99001,TCHEDP99001,회원사 장운영 인터페이스 종료,DATA,11,ME그룹#07 일련번호,,Long,11,,,
채널,TCHEDP99001,TCHEDP99001,회원사 장운영 인터페이스 종료,DATA,12,ME그룹#08 일련번호,,Long,11,,,
채널,TCHEDP99001,TCHEDP99001,회원사 장운영 인터페이스 종료,DATA,13,ME그룹#09 일련번호,,Long,11,,,
채널,TCHEDP99001,TCHEDP99001,회원사 장운영 인터페이스 종료,DATA,14,ME그룹#10 일련번호,,Long,11,,,
채널,TCHEDP99001,TCHEDP99001,회원사 장운영 인터페이스 종료,DATA,15,전송일자,TRANSACTION_ / DATE,String,8,,YYYYMMDD,
채널,TCHEDP99001,TCHEDP99001,회원사 장운영 인터페이스 종료,DATA,16,전송시각,TRANSACTION_TIME,String,9,,시분초000,
청산결제,TCSMIH10101,TCSMIH10101,선물정산가격(파생시장),DATA,1,메세지일련번호,MSG_SEQ,Long,11,,메세지일련번호,
청산결제,TCSMIH10101,TCSMIH10101,선물정산가격(파생시장),DATA,2,트랜잭션코드,TR_CD,String,11,,TCSMIH10101,
청산결제,TCSMIH10101,TCSMIH10101,선물정산가격(파생시장),DATA,3,전송일자,TRNSM_DD,String,8,,YYYYMMDD / 데이터 생성일자,
청산결제,TCSMIH10101,TCSMIH10101,선물정산가격(파생시장),DATA,4,전문완료여부,EMSG_COMPLT_YN,String,1,,"Y:전송완료, N:전송중",
청산결제,TCSMIH10101,TCSMIH10101,선물정산가격(파생시장),DATA,5,상품완료여부,PROD_COMPLT_YN,String,1,,"Y:전송완료, N:전송중",
청산결제,TCSMIH10101,TCSMIH10101,선물정산가격(파생시장),DATA,6,시장ID,MKT_ID,String,3,,별첨-KRX 차세대 상품 ID체계 참고,
청산결제,TCSMIH10101,TCSMIH10101,선물정산가격(파생시장),DATA,7,증권그룹ID,SECUGRP_ID,String,2,,"FU:선물, OP:옵션, FX:FLEX",
청산결제,TCSMIH10101,TCSMIH10101,선물정산가격(파생시장),DATA,8,기초자산코드,ULY_CD,String,2,,‘ISIN표준코드’ 체계의 ‘대상물코드’를 사용,
청산결제,TCSMIH10101,TCSMIH10101,선물정산가격(파생시장),DATA,9,회원번호,MBR_NO,String,5,,'99999'로 고정,변경
청산결제,TCSMIH10101,TCSMIH10101,선물정산가격(파생시장),DATA,10,종목코드,ISU_CD,String,12,,현물/파생/채권/REPO 통합상품의 종목 코드(ISIN종목코드),
청산결제,TCSMIH10101,TCSMIH10101,선물정산가격(파생시장),DATA,11,거래승수,SETLMULT,Float,22,,,
청산결제,TCSMIH10101,TCSMIH10101,선물정산가격(파생시장),DATA,12,금일정산가격,TDD_SETL_PRC,Float,18,,,
청산결제,TCSMIH10101,TCSMIH10101,선물정산가격(파생시장),DATA,13,전일정산가격,PREVDD_SETL_PRC,Float,18,,조정발생시 조정 정산가격,
청산결제,TCSMIH10101,TCSMIH10101,선물정산가격(파생시장),DATA,14,정산가격구분코드,SETL_PRC_TP_CD,String,2,,10 정산가없음 / 11 당일종가 (실세) / 12 당일기세 (거래성립후기세) / 13 전일정산가(거래성립후 종가미형성) / 14 당일이론가(거래성립후 종가미형성) / 15 스프레드분 종가 / 16 조정된 전일 정산가 / 17 대상자산 종가 / 18:정산기준가격 / 19:차용정산가격 / 26:사용자입력전일정산가격 / 27:사용자수기입력정산가 / 40:최우선매수호가 / 41:최우선매도호가,변경
청산결제,TCSMIH10101,TCSMIH10101,선물정산가격(파생시장),DATA,15,필러값,FILR_VAL,String,1084,,,
청산결제,TCSMIH10201,TCSMIH10201,옵션증거금기준가격(파생시장),DATA,1,메세지일련번호,MSG_SEQ,Long,11,,메세지일련번호,
청산결제,TCSMIH10201,TCSMIH10201,옵션증거금기준가격(파생시장),DATA,2,트랜잭션코드,TR_CD,String,11,,TCSMIH10201,
청산결제,TCSMIH10201,TCSMIH10201,옵션증거금기준가격(파생시장),DATA,3,전송일자,TRNSM_DD,String,8,,YYYYMMDD,
청산결제,TCSMIH10201,TCSMIH10201,옵션증거금기준가격(파생시장),DATA,4,전문완료여부,EMSG_COMPLT_YN,String,1,,"Y:전송완료, N:전송중",
청산결제,TCSMIH10201,TCSMIH10201,옵션증거금기준가격(파생시장),DATA,5,상품완료여부,PROD_COMPLT_YN,String,1,,"Y:전송완료, N:전송중",
청산결제,TCSMIH10201,TCSMIH10201,옵션증거금기준가격(파생시장),DATA,6,시장ID,MKT_ID,String,3,,별첨-KRX 차세대 상품 ID체계 참고,
청산결제,TCSMIH10201,TCSMIH10201,옵션증거금기준가격(파생시장),DATA,7,증권그룹ID,SECUGRP_ID,String,2,,"FU:선물, OP:옵션, FX:FLEX",
청산결제,TCSMIH10201,TCSMIH10201,옵션증거금기준가격(파생시장),DATA,8,기초자산코드,ULY_CD,String,2,,‘ISIN표준코드’ 체계의 ‘대상물코드’를 사용,
청산결제,TCSMIH10201,TCSMIH10201,옵션증거금기준가격(파생시장),DATA,9,회원번호,MBR_NO,String,5,,'99999'로 고정,변경
청산결제,TCSMIH10201,TCSMIH10201,옵션증거금기준가격(파생시장),DATA,10,종목코드,ISU_CD,String,12,,현물/파생/채권/REPO 통합상품의 종목 코드(ISIN종목코드),
청산결제,TCSMIH10201,TCSMIH10201,옵션증거금기준가격(파생시장),DATA,11,증거금기준가격,MRGN_BAS_PRC,Float,18,,,
청산결제,TCSMIH10201,TCSMIH10201,옵션증거금기준가격(파생시장),DATA,12,증거금기준가격구분코드,MRGN_BAS_PRC_TP_CD,String,2,,"20:증거금 기준가 없음,  / 21:당일종가(실세),  / 22:당일기세(거래성립후기세),  / 23:전일증거금기준가(거래성립후 종가미형성),  / 24:당일이론가(거래성립후 종가미형성),  / 25:조정전일증거금기준가(거래성립후 종가미형성)",
청산결제,TCSMIH10201,TCSMIH10201,옵션증거금기준가격(파생시장),DATA,13,필러값,FILR_VAL,String,196,,,
청산결제,TCSMIH10401,TCSMIH10401,유지증거금구간별이론가격(파생시장),DATA,1,메세지일련번호,MESSAGE_ / SEQUENCE NUMBER,Long,11,,메세지일련번호,
청산결제,TCSMIH10401,TCSMIH10401,유지증거금구간별이론가격(파생시장),DATA,2,트랜잭션코드,TRANSACTION_ / CODE,String,11,,TCSMIH10401,
청산결제,TCSMIH10401,TCSMIH10401,유지증거금구간별이론가격(파생시장),DATA,3,전송일자,TRANSMIT_DATE,String,8,,YYYYMMDD,
청산결제,TCSMIH10401,TCSMIH10401,유지증거금구간별이론가격(파생시장),DATA,4,전문완료여부,EMSG_COMPLT_YN,String,1,,"Y:전송완료, N:전송중",
청산결제,TCSMIH10401,TCSMIH10401,유지증거금구간별이론가격(파생시장),DATA,5,상품완료여부,PROD_COMPLT_YN,String,1,,"Y:전송완료, N:전송중",
청산결제,TCSMIH10401,TCSMIH10401,유지증거금구간별이론가격(파생시장),DATA,6,시장ID,MARKET_ / IDENTIFICATION,String,3,,별첨-KRX 차세대 상품 ID체계 참고,
청산결제,TCSMIH10401,TCSMIH10401,유지증거금구간별이론가격(파생시장),DATA,7,증권그룹ID,SECURITIES GROUP_ / IDENTIFICATION,String,2,,"FU:선물, OP:옵션, FX:FLEX",
청산결제,TCSMIH10401,TCSMIH10401,유지증거금구간별이론가격(파생시장),DATA,8,기초자산코드,UNDERLYING ASSET_CODE,String,2,,‘ISIN표준코드’ 체계의 ‘대상물코드’를 사용,
청산결제,TCSMIH10401,TCSMIH10401,유지증거금구간별이론가격(파생시장),DATA,9,회원번호,MEMBER_NUMBER,String,5,,'99999'로 고정,변경
청산결제,TCSMIH10401,TCSMIH10401,유지증거금구간별이론가격(파생시장),DATA,10,종목코드,ISSUE_CODE,String,12,,현물/파생/채권/REPO 통합상품의 종목 코드(ISIN종목코드),
청산결제,TCSMIH10401,TCSMIH10401,유지증거금구간별이론가격(파생시장),DATA,11,종목변동성구분,,String,2,,'FH':선물종목 고변동성 / 'FL' :선물종목 저변동성 / 'OH':옵션종목 고변동성 / 'OL' :옵션종목 저변동성 / 'DH':옵션종목 고변동성 델타 / 'DL' :옵션종목 저변동성 델타,
청산결제,TCSMIH10401,TCSMIH10401,유지증거금구간별이론가격(파생시장),DATA,12,옵션확정델타,,Float,20,,자리수 13.6,
청산결제,TCSMIH10401,TCSMIH10401,유지증거금구간별이론가격(파생시장),DATA,13,Down 옵션조정이론가,,Float,16,,1개,
청산결제,TCSMIH10401,TCSMIH10401,유지증거금구간별이론가격(파생시장),DATA,14,Up 옵션조정이론가,,Float,16,,1개,
청산결제,TCSMIH10401,TCSMIH10401,유지증거금구간별이론가격(파생시장),DATA,15,유지증거금구간수치,MAINTENANCE MARGIN_RANGE_ / NUMBER,Float,16,,"21개의 배열(672byte) / ** 기존과 다르게 각 변수마다 배열 생성 / (D10,D9,~,D1,0,U1,~,U9,U10 순서 ) / 자리수 9.6",
청산결제,TCSMIH10401,TCSMIH10401,유지증거금구간별이론가격(파생시장),DATA,16,"유지증거금구간이론가격
(또는 구간 델타)",MAINTENANCE MARIGN_RANGE_ / THEORY_PRICE,Float,16,,"21개의 배열(672byte) / ** 기존과 다르게 각 변수마다 배열 생성 / (D10,D9,~,D1,0,U1,~,U9,U10 순서 ) / 자리수 9.6",
청산결제,TCSMIH10401,TCSMIH10401,유지증거금구간별이론가격(파생시장),DATA,17,필러값,FILLER_VALUE,String,418,,,
청산결제,TCSMIH10501,TCSMIH10501,당일거래종목의위탁증거금구간별이론가격(파생시장),DATA,1,메세지일련번호,MESSAGE_ / SEQUENCE NUMBER,Long,11,,메세지일련번호,
청산결제,TCSMIH10501,TCSMIH10501,당일거래종목의위탁증거금구간별이론가격(파생시장),DATA,2,트랜잭션코드,TRANSACTION_ / CODE,String,11,,TCSMIH10501,
청산결제,TCSMIH10501,TCSMIH10501,당일거래종목의위탁증거금구간별이론가격(파생시장),DATA,3,전송일자,TRANSMIT_DATE,String,8,,YYYYMMDD,
청산결제,TCSMIH10501,TCSMIH10501,당일거래종목의위탁증거금구간별이론가격(파생시장),DATA,4,전문완료여부,EMSG_COMPLT_YN,String,1,,"Y:전송완료, N:전송중",
청산결제,TCSMIH10501,TCSMIH10501,당일거래종목의위탁증거금구간별이론가격(파생시장),DATA,5,상품완료여부,PROD_COMPLT_YN,String,1,,"Y:전송완료, N:전송중",
청산결제,TCSMIH10501,TCSMIH10501,당일거래종목의위탁증거금구간별이론가격(파생시장),DATA,6,시장ID,MARKET_ / IDENTIFICATION,String,3,,별첨-KRX 차세대 상품 ID체계 참고,
청산결제,TCSMIH10501,TCSMIH10501,당일거래종목의위탁증거금구간별이론가격(파생시장),DATA,7,증권그룹ID,SECURITIES  / GROUP_ / IDENTIFICATION,String,2,,"FU:선물, OP:옵션, FX:FLEX",
청산결제,TCSMIH10501,TCSMIH10501,당일거래종목의위탁증거금구간별이론가격(파생시장),DATA,8,기초자산코드,UNDERLYING ASSET_CODE,String,2,,‘ISIN표준코드’ 체계의 ‘대상물코드’를 사용,
청산결제,TCSMIH10501,TCSMIH10501,당일거래종목의위탁증거금구간별이론가격(파생시장),DATA,9,회원번호,MEMBER_NUMBER,String,5,,'99999'로 고정,변경
청산결제,TCSMIH10501,TCSMIH10501,당일거래종목의위탁증거금구간별이론가격(파생시장),DATA,10,종목코드,ISSUE_CODE,String,12,,현물/파생/채권/REPO 통합상품의 종목 코드(ISIN종목코드),
청산결제,TCSMIH10501,TCSMIH10501,당일거래종목의위탁증거금구간별이론가격(파생시장),DATA,11,종목변동성구분,,String,2,,'FH':선물종목 고변동성 / 'FL' :선물종목 저변동성 / 'OH':옵션종목 고변동성 / 'OL' :옵션종목 저변동성 / 'DH':옵션종목 고변동성 델타 / 'DL' :옵션종목 저변동성 델타,
청산결제,TCSMIH10501,TCSMIH10501,당일거래종목의위탁증거금구간별이론가격(파생시장),DATA,12,옵션확정델타,,Float,20,,자리수 13.6,
청산결제,TCSMIH10501,TCSMIH10501,당일거래종목의위탁증거금구간별이론가격(파생시장),DATA,13,Down 옵션조정이론가,,Float,16,,1개,
청산결제,TCSMIH10501,TCSMIH10501,당일거래종목의위탁증거금구간별이론가격(파생시장),DATA,14,Up 옵션조정이론가,,Float,16,,1개,
청산결제,TCSMIH10501,TCSMIH10501,당일거래종목의위탁증거금구간별이론가격(파생시장),DATA,15,위탁증거금구간수치,TRUST MARGIN_RANGE_ / NUMBER,Float,16,,"31개의 배열(992byte) / ** 기존과 다르게 각 변수마다 배열 생성 / (D15,D14,~,D1,0,U1,~,U14,U15 순서 ) / 자리수 9.6",
청산결제,TCSMIH10501,TCSMIH10501,당일거래종목의위탁증거금구간별이론가격(파생시장),DATA,16,"위탁증거금구간이론가격
(또는 구간 델타)",TRUST MARGIN_RANGE_ / THEORY_PRICE,Float,16,,"31개의 배열(992byte) / ** 기존과 다르게 각 변수마다 배열 생성 / (D15,D14,~,D1,0,U1,~,U14,U15 순서 ) / 자리수 9.6",
청산결제,TCSMIH10501,TCSMIH10501,당일거래종목의위탁증거금구간별이론가격(파생시장),DATA,17,필러값,FILLER_VALUE,String,98,,,
청산결제,TCSMIH10601,TCSMIH10601,익일상장종목의위탁증거금구간별이론가격(파생시장),DATA,1,메세지일련번호,MESSAGE_ / SEQUENCE NUMBER,Long,11,,메세지일련번호,
청산결제,TCSMIH10601,TCSMIH10601,익일상장종목의위탁증거금구간별이론가격(파생시장),DATA,2,트랜잭션코드,TRANSACTION_ / CODE,String,11,,TCSMIH10601,
청산결제,TCSMIH10601,TCSMIH10601,익일상장종목의위탁증거금구간별이론가격(파생시장),DATA,3,전송일자,TRANSMIT_DATE,String,8,,YYYYMMDD,
청산결제,TCSMIH10601,TCSMIH10601,익일상장종목의위탁증거금구간별이론가격(파생시장),DATA,4,전문완료여부,EMSG_COMPLT_YN,String,1,,"Y:전송완료, N:전송중",
청산결제,TCSMIH10601,TCSMIH10601,익일상장종목의위탁증거금구간별이론가격(파생시장),DATA,5,상품완료여부,PROD_COMPLT_YN,String,1,,"Y:전송완료, N:전송중",
청산결제,TCSMIH10601,TCSMIH10601,익일상장종목의위탁증거금구간별이론가격(파생시장),DATA,6,시장ID,MARKET_ / IDENTIFICATION,String,3,,별첨-KRX 차세대 상품 ID체계 참고,
청산결제,TCSMIH10601,TCSMIH10601,익일상장종목의위탁증거금구간별이론가격(파생시장),DATA,7,증권그룹ID,SECURITIES GROUP_IDENTIFICATION,String,2,,"FU:선물, OP:옵션, FX:FLEX",
청산결제,TCSMIH10601,TCSMIH10601,익일상장종목의위탁증거금구간별이론가격(파생시장),DATA,8,기초자산코드,UNDERLYING ASSET_CODE,String,2,,‘ISIN표준코드’ 체계의 ‘대상물코드’를 사용,
청산결제,TCSMIH10601,TCSMIH10601,익일상장종목의위탁증거금구간별이론가격(파생시장),DATA,9,회원번호,MEMBER_NUMBER,String,5,,'99999'로 고정,변경
청산결제,TCSMIH10601,TCSMIH10601,익일상장종목의위탁증거금구간별이론가격(파생시장),DATA,10,종목코드,ISSUE_CODE,String,12,,현물/파생/채권/REPO 통합상품의 종목 코드(ISIN종목코드),
청산결제,TCSMIH10601,TCSMIH10601,익일상장종목의위탁증거금구간별이론가격(파생시장),DATA,11,종목변동성구분,,String,2,,'FH':선물종목 고변동성 / 'FL' :선물종목 저변동성 / 'OH':옵션종목 고변동성 / 'OL' :옵션종목 저변동성 / 'DH':옵션종목 고변동성 델타 / 'DL' :옵션종목 저변동성 델타,
청산결제,TCSMIH10601,TCSMIH10601,익일상장종목의위탁증거금구간별이론가격(파생시장),DATA,12,옵션확정델타,,Float,20,,자리수 13.6,
청산결제,TCSMIH10601,TCSMIH10601,익일상장종목의위탁증거금구간별이론가격(파생시장),DATA,13,Down 옵션조정이론가,,Float,16,,1개,
청산결제,TCSMIH10601,TCSMIH10601,익일상장종목의위탁증거금구간별이론가격(파생시장),DATA,14,Up 옵션조정이론가,,Float,16,,1개,
청산결제,TCSMIH10601,TCSMIH10601,익일상장종목의위탁증거금구간별이론가격(파생시장),DATA,15,위탁증거금구간수치,TRUST MARGIN_RANGE_ / NUMBER,Float,16,,"31개의 배열(992byte) / ** 기존과 다르게 각 변수마다 배열 생성 / (D15,D14,~,D1,0,U1,~,U14,U15 순서 ) / 자리수 9.6",
청산결제,TCSMIH10601,TCSMIH10601,익일상장종목의위탁증거금구간별이론가격(파생시장),DATA,16,"위탁증거금구간이론가격
(또는 구간 델타)",TRUST MARGIN_RANGE_ / THEORY_PRICE,Float,16,,"31개의 배열(992byte) / ** 기존과 다르게 각 변수마다 배열 생성 / (D15,D14,~,D1,0,U1,~,U14,U15 순서 ) / 자리수 9.6",
청산결제,TCSMIH10601,TCSMIH10601,익일상장종목의위탁증거금구간별이론가격(파생시장),DATA,17,필러값,FILLER_VALUE,String,98,,,
청산결제,TCSMIH10701,TCSMIH10701,당일거래종목의종목별내재변동성(파생시장),DATA,1,메세지일련번호,MESSAGE_ / SEQUENCE NUMBER,Long,11,,메세지일련번호,
청산결제,TCSMIH10701,TCSMIH10701,당일거래종목의종목별내재변동성(파생시장),DATA,2,트랜잭션코드,TRANSACTION_ / CODE,String,11,,TCSMIH10701,
청산결제,TCSMIH10701,TCSMIH10701,당일거래종목의종목별내재변동성(파생시장),DATA,3,전송일자,TRANSMIT_DATE,String,8,,YYYYMMDD,
청산결제,TCSMIH10701,TCSMIH10701,당일거래종목의종목별내재변동성(파생시장),DATA,4,전문완료여부,EMSG_COMPLT_YN,String,1,,"Y:전송완료, N:전송중",
청산결제,TCSMIH10701,TCSMIH10701,당일거래종목의종목별내재변동성(파생시장),DATA,5,상품완료여부,PROD_COMPLT_YN,String,1,,"Y:전송완료, N:전송중",
청산결제,TCSMIH10701,TCSMIH10701,당일거래종목의종목별내재변동성(파생시장),DATA,6,시장ID,MARKET_ / IDENTIFICATION,String,3,,별첨-KRX 차세대 상품 ID체계 참고,
청산결제,TCSMIH10701,TCSMIH10701,당일거래종목의종목별내재변동성(파생시장),DATA,7,증권그룹ID,SECURITIES GROUP_ / IDENTIFICATION,String,2,,"FU:선물, OP:옵션, FX:FLEX",
청산결제,TCSMIH10701,TCSMIH10701,당일거래종목의종목별내재변동성(파생시장),DATA,8,기초자산코드,UNDERLYING ASSET_CODE,String,2,,‘ISIN표준코드’ 체계의 ‘대상물코드’를 사용,
청산결제,TCSMIH10701,TCSMIH10701,당일거래종목의종목별내재변동성(파생시장),DATA,9,회원번호,MEMBER_NUMBER,String,5,,'99999'로 고정,변경
청산결제,TCSMIH10701,TCSMIH10701,당일거래종목의종목별내재변동성(파생시장),DATA,10,종목코드,ISSUE_CODE,String,12,,20개 배열처리 ( 460 Byte ),
청산결제,TCSMIH10701,TCSMIH10701,당일거래종목의종목별내재변동성(파생시장),DATA,11,내재변동성,IMPLIED_ / VOLITILITY,Float,11,,20개 배열처리 ( 460 Byte ),
청산결제,TCSMIH10701,TCSMIH10701,당일거래종목의종목별내재변동성(파생시장),DATA,12,필러값,FILLER_VALUE,String,696,,,
청산결제,TCSMIH11401,TCSMIH11401,익일상장종목의종목별내재변동성(파생시장),DATA,1,메세지일련번호,MESSAGE_ / SEQUENCE NUMBER,Long,11,,메세지일련번호,
청산결제,TCSMIH11401,TCSMIH11401,익일상장종목의종목별내재변동성(파생시장),DATA,2,트랜잭션코드,TRANSACTION_ / CODE,String,11,,TCSMIH11401,
청산결제,TCSMIH11401,TCSMIH11401,익일상장종목의종목별내재변동성(파생시장),DATA,3,전송일자,TRANSMIT_DATE,String,8,,YYYYMMDD,
청산결제,TCSMIH11401,TCSMIH11401,익일상장종목의종목별내재변동성(파생시장),DATA,4,전문완료여부,EMSG_COMPLT_YN,String,1,,"Y:전송완료, N:전송중",
청산결제,TCSMIH11401,TCSMIH11401,익일상장종목의종목별내재변동성(파생시장),DATA,5,상품완료여부,PROD_COMPLT_YN,String,1,,"Y:전송완료, N:전송중",
청산결제,TCSMIH11401,TCSMIH11401,익일상장종목의종목별내재변동성(파생시장),DATA,6,시장ID,MARKET_ / IDENTIFICATION,String,3,,별첨-KRX 차세대 상품 ID체계 참고,
청산결제,TCSMIH11401,TCSMIH11401,익일상장종목의종목별내재변동성(파생시장),DATA,7,증권그룹ID,SECURITIES GROUP_ / IDENTIFICATION,String,2,,"FU:선물, OP:옵션, FX:FLEX",
청산결제,TCSMIH11401,TCSMIH11401,익일상장종목의종목별내재변동성(파생시장),DATA,8,기초자산코드,UNDERLYING ASSET_CODE,String,2,,‘ISIN표준코드’ 체계의 ‘대상물코드’를 사용,
청산결제,TCSMIH11401,TCSMIH11401,익일상장종목의종목별내재변동성(파생시장),DATA,9,회원번호,MEMBER_NUMBER,String,5,,'99999'로 고정,변경
청산결제,TCSMIH11401,TCSMIH11401,익일상장종목의종목별내재변동성(파생시장),DATA,10,종목코드,ISSUE_CODE,String,12,,20개 배열처리 ( 460 Byte ),
청산결제,TCSMIH11401,TCSMIH11401,익일상장종목의종목별내재변동성(파생시장),DATA,11,내재변동성,IMPLIED_ / VOLITILITY,Long,11,,20개 배열처리 ( 460 Byte ),
청산결제,TCSMIH11401,TCSMIH11401,익일상장종목의종목별내재변동성(파생시장),DATA,12,필러값,FILLER_VALUE,String,696,,,
청산결제,TCSMIH10801,TCSMIH10801,최종결제가격(파생시장),DATA,1,메세지일련번호,MSG_SEQ,Long,11,,메세지일련번호,
청산결제,TCSMIH10801,TCSMIH10801,최종결제가격(파생시장),DATA,2,트랜잭션코드,TR_CD,String,11,,TCSMIH10801,
청산결제,TCSMIH10801,TCSMIH10801,최종결제가격(파생시장),DATA,3,전송일자,TRNSM_DD,String,8,,YYYYMMDD,
청산결제,TCSMIH10801,TCSMIH10801,최종결제가격(파생시장),DATA,4,전문완료여부,EMSG_COMPLT_YN,String,1,,"Y:전문완료, N:전송중",
청산결제,TCSMIH10801,TCSMIH10801,최종결제가격(파생시장),DATA,5,상품완료여부,PROD_COMPLT_YN,String,1,,"Y:상품완료, N:전송중",
청산결제,TCSMIH10801,TCSMIH10801,최종결제가격(파생시장),DATA,6,시장ID,MKT_ID,String,3,,별첨-KRX 차세대 상품 ID체계 참고,
청산결제,TCSMIH10801,TCSMIH10801,최종결제가격(파생시장),DATA,7,증권그룹ID,SECUGRP_ID,String,2,,"FU:선물, OP:옵션, FX:FLEX",
청산결제,TCSMIH10801,TCSMIH10801,최종결제가격(파생시장),DATA,8,기초자산코드,ULY_CD,String,2,,‘ISIN표준코드’ 체계의 ‘대상물코드’를 사용,
청산결제,TCSMIH10801,TCSMIH10801,최종결제가격(파생시장),DATA,9,회원번호,MBR_NO,String,5,,'99999'로 고정,변경
청산결제,TCSMIH10801,TCSMIH10801,최종결제가격(파생시장),DATA,10,최종결제가격,LST_SETL_PRC,Float,18,,,
청산결제,TCSMIH10801,TCSMIH10801,최종결제가격(파생시장),DATA,11,최종결제가격구분코드,LST_SETL_PRC_TP_CD,String,1,,1: 기초자산 종가 / 2: 산출식에 의해 계산된 값 / 3: 최종결제가격 없음 / 4: 특별결제지수(SQ) (주가지수만 해당) / 5: 최근일의 기초자산 종가(주식만 해당) / 6: 최근일의 기초자산 조정종가(주식만 해당),
청산결제,TCSMIH10801,TCSMIH10801,최종결제가격(파생시장),DATA,12,필러값,FILR_VAL,String,1137,,,
청산결제,TCSMIH10901,TCSMIH10901,외화평가가격(파생시장),DATA,1,메세지일련번호,MSG_SEQ,Long,11,,메세지일련번호,
청산결제,TCSMIH10901,TCSMIH10901,외화평가가격(파생시장),DATA,2,트랜잭션코드,TR_CD,String,11,,TCSMIH10901,
청산결제,TCSMIH10901,TCSMIH10901,외화평가가격(파생시장),DATA,3,전송일자,TRNSM_DD,String,8,,YYYYMMDD,
청산결제,TCSMIH10901,TCSMIH10901,외화평가가격(파생시장),DATA,4,전문완료여부,EMSG_COMPLT_YN,String,1,,"Y:전문완료, N:전송중",
청산결제,TCSMIH10901,TCSMIH10901,외화평가가격(파생시장),DATA,5,회원번호,MBR_NO,String,5,,'99999'로 고정,변경
청산결제,TCSMIH10901,TCSMIH10901,외화평가가격(파생시장),DATA,6,통화표준코드,CURR_STD_CD,String,12,,,
청산결제,TCSMIH10901,TCSMIH10901,외화평가가격(파생시장),DATA,7,통화ISO코드,CURR_ISO_CD,String,3,,"AUD:호주달러, EUR:유로, GBP:영국파운드,  / HKD:홍콩달러, JPY:일본엔, KRW:한국원,  / SGD:싱가폴달러, USD:미국달러,  / CHF:스위스프랑, CAD:캐나다달러, CNY:중국위안",
청산결제,TCSMIH10901,TCSMIH10901,외화평가가격(파생시장),DATA,8,기준환율시세,BAS_EXCHRT_PRC,Float,11,,환율고시 재정환율. 단위 : 원,
청산결제,TCSMIH10901,TCSMIH10901,외화평가가격(파생시장),DATA,9,사정비율,HAIRCT_RTO,Long,4,,단위 : %,
청산결제,TCSMIH10901,TCSMIH10901,외화평가가격(파생시장),DATA,10,평가가격,VALU_PRC,Float,11,,단위 : 원 (원단위 미만 절사된 값 제공),
청산결제,TCSMIH10901,TCSMIH10901,외화평가가격(파생시장),DATA,11,표시환율단위,DP_EXCHRT_UNIT,Long,4,,"JPY : 100, 그 외 USD 등 기타통화 : 1",
청산결제,TCSMIH10901,TCSMIH10901,외화평가가격(파생시장),DATA,12,기준시세고시일자,BAS_PRC_NOTI_DD,String,8,,"USD의 경우만 익일, 나머지 통화는 당일",
청산결제,TCSMIH10901,TCSMIH10901,외화평가가격(파생시장),DATA,13,필러값,FILR_VAL,String,1111,,,
청산결제,TCSMIH11001,TCSMIH11001,"금리,국채수익율(파생시장)",DATA,1,메세지일련번호,MESSAGE_ / SEQUENCE NUMBER,Long,11,,메세지일련번호,
청산결제,TCSMIH11001,TCSMIH11001,"금리,국채수익율(파생시장)",DATA,2,트랜잭션코드,TRANSACTION_ / CODE,String,11,,TCSMIH11001,
청산결제,TCSMIH11001,TCSMIH11001,"금리,국채수익율(파생시장)",DATA,3,전송일자,TRANSMIT_DATE,String,8,,YYYYMMDD,
청산결제,TCSMIH11001,TCSMIH11001,"금리,국채수익율(파생시장)",DATA,4,전문완료여부,EMSG_COMPLT_YN,String,1,,"Y:전송완료, N:전송중",
청산결제,TCSMIH11001,TCSMIH11001,"금리,국채수익율(파생시장)",DATA,5,기초자산코드,UNDERLYING ASSET_CODE,String,2,,‘ISIN표준코드’ 체계의 ‘대상물코드’를 사용,
청산결제,TCSMIH11001,TCSMIH11001,"금리,국채수익율(파생시장)",DATA,6,회원번호,MEMBER_NUMBER,String,5,,'99999'로 고정,변경
청산결제,TCSMIH11001,TCSMIH11001,"금리,국채수익율(파생시장)",DATA,7,발표기관구분코드,ANNOUNCEMENT_ / INSTITUTION_ / TYPE_CODE,String,2,,"00:증권업협회, 01:KIS채권평가, 02:나이스채권평가, 03:한국채권평가",
청산결제,TCSMIH11001,TCSMIH11001,"금리,국채수익율(파생시장)",DATA,8,채권종목코드,BOND_ISSUE_CODE,String,12,,"ISIN 표준코드, 국채선물의 결제기준채권",
청산결제,TCSMIH11001,TCSMIH11001,"금리,국채수익율(파생시장)",DATA,9,공시시각구분코드,DISCLOSURE_ / TIME_TYPE_CODE,String,2,,"※ 장종료후 일괄적으로 1번만 전송 / ※ 11:30 이후 1번, 16:00 이후 1번 전송 / 1. 인수도국채상품이 아닌 경우 /  / ‘10’: (10:00), ‘11’: (10:30), ‘12’: (11:00), / ‘13’: (11:30), ‘14’: (15:30)(16:00) /   - ‘10’,‘11’,‘12’는 최종거래일만 전송됨 /  / 2. 인수도국채상품인 경우 / '15':(16:30 경) 하루에 한번 전송",
청산결제,TCSMIH11001,TCSMIH11001,"금리,국채수익율(파생시장)",DATA,10,수익률,YIELD,Float,13,,단위:%,
청산결제,TCSMIH11001,TCSMIH11001,"금리,국채수익율(파생시장)",DATA,11,채권가격,BOND_PRICE,Float,16,,※ 액면에 대한 %로 표시 cash price  / (clean price + 경과이자) / (인수도국채선물인 경우만 유효함),
청산결제,TCSMIH11001,TCSMIH11001,"금리,국채수익율(파생시장)",DATA,12,필러값,FILLER_VALUE,String,1117,,,
청산결제,TCSMIH11101,TCSMIH11101,신고업무운영시간(파생시장),DATA,1,메세지일련번호,MESSAGE_ / SEQUENCE NUMBER,Long,11,,메세지일련번호,
청산결제,TCSMIH11101,TCSMIH11101,신고업무운영시간(파생시장),DATA,2,트랜잭션코드,TRANSACTION_ / CODE,String,11,,TCSMIH11101,
청산결제,TCSMIH11101,TCSMIH11101,신고업무운영시간(파생시장),DATA,3,전송일자,TRANSMIT_DATE,String,8,,YYYYMMDD,
청산결제,TCSMIH11101,TCSMIH11101,신고업무운영시간(파생시장),DATA,4,전문완료여부,EMSG_COMPLT_YN,String,1,,"Y:전송완료, N:전송중",
청산결제,TCSMIH11101,TCSMIH11101,신고업무운영시간(파생시장),DATA,5,시장ID,MKT_ID,String,3,,별첨-KRX 차세대 상품 ID체계 참고,변경
청산결제,TCSMIH11101,TCSMIH11101,신고업무운영시간(파생시장),DATA,6,회원번호,MEMBER_NUMBER,String,5,,'99999'로 고정,변경
청산결제,TCSMIH11101,TCSMIH11101,신고업무운영시간(파생시장),DATA,7,신고업무구분코드,REPORT_ / BUSINESS_TYPE_ / CODE,String,2,,"01 : 착오거래정정신고 / 02 : 구분착오정정신고  / 03 : 거래증거금 할인계좌 미입증포지션 이관신고  / 04 : 거래증거금 할인계좌 차익헤지신고 / 05 : 거래증거금 할인계좌 미입증포지션 처분신고 / 06 : 일반포지션이관신청(회원내 계좌변경, 회원간 포지션이관) / 07 : 권리행사신고 / 08 : 인수도신고 / 09 : 외국인통합계좌 포지션이관신청 / 10 : 외국인통합계좌 미결제배분신고 / 11 : 회원위탁계좌 포지션이관신청 / 12 : 착오거래포지션이관신청 / 13 : 타회원 위탁계좌 신고 및 접수통보 / 14 ",변경
청산결제,TCSMIH11101,TCSMIH11101,신고업무운영시간(파생시장),DATA,8,업무개시시각,BUSINESS_ / START_TIME,String,4,,HHMM,
청산결제,TCSMIH11101,TCSMIH11101,신고업무운영시간(파생시장),DATA,9,업무종료시각,BUSINESS_END_ / TIME,String,4,,HHMM,
청산결제,TCSMIH11101,TCSMIH11101,신고업무운영시간(파생시장),DATA,10,필러값,FILLER_VALUE,String,1151,,,
청산결제,TCSMIH11301,TCSMIH11301,기준채권정보(파생시장),DATA,1,메세지일련번호,MESSAGE_ / SEQUENCE NUMBER,Long,11,,메세지일련번호,
청산결제,TCSMIH11301,TCSMIH11301,기준채권정보(파생시장),DATA,2,트랜잭션코드,TRANSACTION_ / CODE,String,11,,TCSMIH11301,
청산결제,TCSMIH11301,TCSMIH11301,기준채권정보(파생시장),DATA,3,전송일자,TRANSMIT_DATE,String,8,,YYYYMMDD,
청산결제,TCSMIH11301,TCSMIH11301,기준채권정보(파생시장),DATA,4,전문완료여부,EMSG_COMPLT_YN,String,1,,"Y:전송완료, N:전송중",
청산결제,TCSMIH11301,TCSMIH11301,기준채권정보(파생시장),DATA,5,상품완료여부,PROD_COMPLT_YN,String,1,,,
청산결제,TCSMIH11301,TCSMIH11301,기준채권정보(파생시장),DATA,6,기초자산코드,UNDERLYING ASSET_CODE,String,2,,‘ISIN표준코드’ 체계의 ‘대상물코드’를 사용,
청산결제,TCSMIH11301,TCSMIH11301,기준채권정보(파생시장),DATA,7,회원번호,MEMBER_NUMBER,String,5,,'99999'로 고정,변경
청산결제,TCSMIH11301,TCSMIH11301,기준채권정보(파생시장),DATA,8,종목코드,ISSUE_CODE,String,12,,현물/파생/채권/REPO 통합상품의 종목 코드(ISIN종목코드),
청산결제,TCSMIH11301,TCSMIH11301,기준채권정보(파생시장),DATA,9,채권종목코드,BOND CODE,String,12,,"ISIN 코드, 국채선물의 결제기준채권",
청산결제,TCSMIH11301,TCSMIH11301,기준채권정보(파생시장),DATA,10,채권한글명,BOND_KOREAN_ / NAME,String,80,,채권파생상품 기초자산의 채권바스켓을 / 구성하는 한 채권종목의 한글명칭,
청산결제,TCSMIH11301,TCSMIH11301,기준채권정보(파생시장),DATA,11,채권표준물표면금리,BOND_STANDARD  / GOODS_FACE_ / INTEREST RATE,Float,13,,기초자산이 채권바스켓인 경우의 표준 / 바스켓의 표면금리(%),
청산결제,TCSMIH11301,TCSMIH11301,기준채권정보(파생시장),DATA,12,채권발행일자,BOND_ISSUE_DATE,String,8,,채권파생상품 기초자산의 채권바스켓을 / 구성하는 한 채권종목의 발행일자,
청산결제,TCSMIH11301,TCSMIH11301,기준채권정보(파생시장),DATA,13,채권만기일자,BOND_ / EXPIRATION_DATE,String,8,,채권파생상품 기초자산의 채권바스켓을 / 구성하는 한 채권종목의 만기일자,
청산결제,TCSMIH11301,TCSMIH11301,기준채권정보(파생시장),DATA,14,연간채권이표지급횟수,ANNUAL_BOND_ / COUPON_ / PAYMENT_COUNT,Long,4,,채권파생상품 기초자산의 채권바스켓을 / 구성하는 한 채권종목의 연간이표지급 횟수,
청산결제,TCSMIH11301,TCSMIH11301,기준채권정보(파생시장),DATA,15,채권전환계수,CONVERSION FACTOR,Float,22,,인수도 채권상품인 경우만 해당,
청산결제,TCSMIH11301,TCSMIH11301,기준채권정보(파생시장),DATA,16,필러값,FILLER_VALUE,String,1002,,,
청산결제,TCSMIH20201,TCSMIH20201,정정후거래전문회원거래내역(파생시장),DATA,1,메세지일련번호,MSG_SEQ,Long,11,,메세지일련번호,
청산결제,TCSMIH20201,TCSMIH20201,정정후거래전문회원거래내역(파생시장),DATA,2,트랜잭션코드,TR_CD,String,11,,TCSMIH20201,
청산결제,TCSMIH20201,TCSMIH20201,정정후거래전문회원거래내역(파생시장),DATA,3,전송일자,TRNSM_DD,String,8,,YYYYMMDD,
청산결제,TCSMIH20201,TCSMIH20201,정정후거래전문회원거래내역(파생시장),DATA,4,전문완료여부,EMSG_COMPLT_YN,String,1,,"Y:전송완료, N:전송중",
청산결제,TCSMIH20201,TCSMIH20201,정정후거래전문회원거래내역(파생시장),DATA,5,상품완료여부,PROD_COMPLT_YN,String,1,,"Y:전송완료, N:전송중",
청산결제,TCSMIH20201,TCSMIH20201,정정후거래전문회원거래내역(파생시장),DATA,6,시장ID,MKT_ID,String,3,,별첨-KRX 차세대 상품 ID체계 참고,
청산결제,TCSMIH20201,TCSMIH20201,정정후거래전문회원거래내역(파생시장),DATA,7,증권그룹ID,SECUGRP_ID,String,2,,"FU:선물, OP:옵션, FX:FLEX",
청산결제,TCSMIH20201,TCSMIH20201,정정후거래전문회원거래내역(파생시장),DATA,8,기초자산코드,ULY_CD,String,2,,‘ISIN표준코드’ 체계의 ‘대상물코드’를 사용,
청산결제,TCSMIH20201,TCSMIH20201,정정후거래전문회원거래내역(파생시장),DATA,9,회원번호,MBR_NO,String,5,,,
청산결제,TCSMIH20201,TCSMIH20201,정정후거래전문회원거래내역(파생시장),DATA,10,거래전문회원번호,NCLR_MBR_NO,String,5,,,
청산결제,TCSMIH20201,TCSMIH20201,정정후거래전문회원거래내역(파생시장),DATA,11,종목코드,ISU_CD,String,12,,현물/파생/채권/REPO 통합상품의 종목 코드(ISIN종목코드),
청산결제,TCSMIH20201,TCSMIH20201,정정후거래전문회원거래내역(파생시장),DATA,12,지점번호,BRN_NO,String,5,,,
청산결제,TCSMIH20201,TCSMIH20201,정정후거래전문회원거래내역(파생시장),DATA,13,주문ID,ORD_ID,String,10,,,
청산결제,TCSMIH20201,TCSMIH20201,정정후거래전문회원거래내역(파생시장),DATA,14,체결번호,TRD_NO,Long,11,,,
청산결제,TCSMIH20201,TCSMIH20201,정정후거래전문회원거래내역(파생시장),DATA,15,매도매수구분코드,ASKBID_TP_CD,String,1,,"1: 매도, 2: 매수",
청산결제,TCSMIH20201,TCSMIH20201,정정후거래전문회원거래내역(파생시장),DATA,16,체결가격,IF_TRD_PRC,Float,14,,(-)9.3,
청산결제,TCSMIH20201,TCSMIH20201,정정후거래전문회원거래내역(파생시장),DATA,17,체결수량,TRDVOL,Long,10,,,
청산결제,TCSMIH20201,TCSMIH20201,정정후거래전문회원거래내역(파생시장),DATA,18,체결시각,TRD_TM,String,9,,HHMMSSsss,
청산결제,TCSMIH20201,TCSMIH20201,정정후거래전문회원거래내역(파생시장),DATA,19,스프레드근월물체결가격,SPD_NBMM_TRD_PRC,Float,11,,스프레드 종목만 사용                           7.3,
청산결제,TCSMIH20201,TCSMIH20201,정정후거래전문회원거래내역(파생시장),DATA,20,스프레드원월물체결가격,SPD_FUTRMM_TRD_PRC,Float,11,,스프레드 종목만 사용                           7.3,
청산결제,TCSMIH20201,TCSMIH20201,정정후거래전문회원거래내역(파생시장),DATA,21,계좌번호,ACNT_NO,String,12,,,
청산결제,TCSMIH20201,TCSMIH20201,정정후거래전문회원거래내역(파생시장),DATA,22,위탁자기구분코드,TRST_PRINC_TP_CD,String,2,,1)현물 / 10 위탁매매 / 30 자기매매 /  / 2)파생상품 /   11 위탁거래 /   12 위탁주선거래 /   13 회원의 위탁거래  /   31 호가입력회원의 자기거래 /   32 비회원의 자기거래 /  / 3)채권 / 10 위탁매매 / 30 자기매매 / 33 매도대행사 반대매도,
청산결제,TCSMIH20201,TCSMIH20201,정정후거래전문회원거래내역(파생시장),DATA,23,국가코드,CNTR_CD,String,3,,"* 국가코드표 참조 ISO3166-1적용 (Number-3) 없으면 거부 /   - ISO에 없는 코드 추가 : 997, 998, 999 (대한민국국민인해외영주권자, 국제기구, 기타) /   - 기존코드에는 분류되어 있으나 ISO에는 구분없는 코드 신규 생성 : 991, 992 (말레이지아 라부안, 채널아일랜드) /  / * 정정, 취소호가는 SPACE로 입력",
청산결제,TCSMIH20201,TCSMIH20201,정정후거래전문회원거래내역(파생시장),DATA,24,투자자구분코드,INVST_TP_CD,String,4,,"1000 금융투자회사 / 2000 보험회사 / 3000 자산운용회사 및 투자회사 / 3100 사모펀드 / 4000 은행 (자산운용회사의 신탁재산은 자산운용회사로 분류) / 5000 기타금융 / 6000 연금, 기금 및 공제회 / 7000 국가, 지자체 국제기구 및 공익기관 / 7100 기타법인 / 8000 개인 /  / * 7100 : 기존 7000번 분류를 세분화하여 추가확정  / * 파생 : 3100 사용불가 /   --> 기타 투자자분류코드(예 : 3000, 7100 등)에 맞게 입력함 / * 정정, 취소호가는 SPACE로 입",
청산결제,TCSMIH20201,TCSMIH20201,정정후거래전문회원거래내역(파생시장),DATA,25,외국인투자자구분코드,FORNINVST_TP_CD,String,2,,"1) 현물 / 00 외국인아님 / (10 외국인(거주)) /   11 식별번호 있는 외국인 (거주) /   12 식별번호 없는 외국인 (거주) / (20 외국인(비거주)) /   21 식별번호 있는 외국인 (비거주) /   22 식별번호 없는 외국인 (비거주) /  / 2) 파생상품 / 00 외국인아님 / 10 외국인(거주) / 20 외국인(비거주) /  / * 정정, 취소호가는 SPACE로 입력 / * 정정의 경우 원호가의 정보와 동일한 것으로 인정함",
청산결제,TCSMIH20201,TCSMIH20201,정정후거래전문회원거래내역(파생시장),DATA,26,거래장구분코드,TRDBOK_TP_CD,String,1,,SPACE,변경
청산결제,TCSMIH20201,TCSMIH20201,정정후거래전문회원거래내역(파생시장),DATA,27,착오거래정정구분코드,ERR_TRDCORRCT_TP_CD,String,1,,"1:정정으로 생성, 2:체결로 생성",
청산결제,TCSMIH20201,TCSMIH20201,정정후거래전문회원거래내역(파생시장),DATA,28,필러값,FILR_VAL,String,129,,,
청산결제,TCSMIH20301,TCSMIH20301,계좌종목별미결제약정수량(파생시장),DATA,1,메세지일련번호,MESSAGE_ / SEQUENCE NUMBER,Long,11,,메세지일련번호,
청산결제,TCSMIH20301,TCSMIH20301,계좌종목별미결제약정수량(파생시장),DATA,2,트랜잭션코드,TRANSACTION_ / CODE,String,11,,TCSMIH20301,
청산결제,TCSMIH20301,TCSMIH20301,계좌종목별미결제약정수량(파생시장),DATA,3,전송일자,TRANSMIT_DATE,String,8,,YYYYMMDD,
청산결제,TCSMIH20301,TCSMIH20301,계좌종목별미결제약정수량(파생시장),DATA,4,전문완료여부,EMSG_COMPLT_YN,String,1,,"Y:전송완료, N:전송중",
청산결제,TCSMIH20301,TCSMIH20301,계좌종목별미결제약정수량(파생시장),DATA,5,상품완료여부,PROD_COMPLT_YN,String,1,,"Y:전송완료, N:전송중",
청산결제,TCSMIH20301,TCSMIH20301,계좌종목별미결제약정수량(파생시장),DATA,6,시장ID,MARKET_ / IDENTIFICATION,String,3,,별첨-KRX 차세대 상품 ID체계 참고,
청산결제,TCSMIH20301,TCSMIH20301,계좌종목별미결제약정수량(파생시장),DATA,7,증권그룹ID,SECURITIES  / GROUP_ / IDENTIFICATION,String,2,,"FU:선물, OP:옵션, FX:FLEX",
청산결제,TCSMIH20301,TCSMIH20301,계좌종목별미결제약정수량(파생시장),DATA,8,기초자산코드,UNDERLYING ASSET_CODE,String,2,,‘ISIN표준코드’ 체계의 ‘대상물코드’를 사용,
청산결제,TCSMIH20301,TCSMIH20301,계좌종목별미결제약정수량(파생시장),DATA,9,회원번호,MEMBER_NUMBER,String,5,,,
청산결제,TCSMIH20301,TCSMIH20301,계좌종목별미결제약정수량(파생시장),DATA,10,거래전문회원번호,NON CLREARING MEMBER_NUMBER,String,5,,,
청산결제,TCSMIH20301,TCSMIH20301,계좌종목별미결제약정수량(파생시장),DATA,11,계좌번호,ACCOUNT_NUMBER,String,12,,,
청산결제,TCSMIH20301,TCSMIH20301,계좌종목별미결제약정수량(파생시장),DATA,12,종목코드,ISSUE_CODE,String,12,,현물/파생/채권/REPO 통합상품의 종목 코드(ISIN종목코드),
청산결제,TCSMIH20301,TCSMIH20301,계좌종목별미결제약정수량(파생시장),DATA,13,전일매도미결제약정수량,PREVDD_ASK_OPNINT_QTY,Long,12,,,신규
청산결제,TCSMIH20301,TCSMIH20301,계좌종목별미결제약정수량(파생시장),DATA,14,전일매수미결제약정수량,PREVDD_BID_OPNINT_QTY,Long,12,,,신규
청산결제,TCSMIH20301,TCSMIH20301,계좌종목별미결제약정수량(파생시장),DATA,15,현재매도미결제약정수량,PRSNT_ASK_OPNINT_QTY,Long,10,,,신규
청산결제,TCSMIH20301,TCSMIH20301,계좌종목별미결제약정수량(파생시장),DATA,16,현재매수미결제약정수량,PRSNT_BID_OPNINT_QTY,Long,10,,,신규
청산결제,TCSMIH20301,TCSMIH20301,계좌종목별미결제약정수량(파생시장),DATA,17,필러값,FILLER_VALUE,String,131,,,
청산결제,TCSMIH20401,TCSMIH20401,계좌별거래증거금소요액(파생시장),DATA,1,메세지일련번호,MESSAGE_ / SEQUENCE NUMBER,Long,11,,메세지일련번호,
청산결제,TCSMIH20401,TCSMIH20401,계좌별거래증거금소요액(파생시장),DATA,2,트랜잭션코드,TRANSACTION_ / CODE,String,11,,TCSMIH20401,
청산결제,TCSMIH20401,TCSMIH20401,계좌별거래증거금소요액(파생시장),DATA,3,전송일자,TRANSMIT_DATE,String,8,,YYYYMMDD,
청산결제,TCSMIH20401,TCSMIH20401,계좌별거래증거금소요액(파생시장),DATA,4,전문완료여부,EMSG_COMPLT_YN,String,1,,"Y:전송완료, N:전송중",
청산결제,TCSMIH20401,TCSMIH20401,계좌별거래증거금소요액(파생시장),DATA,5,회원번호,MEMBER_NUMBER,String,5,,,
청산결제,TCSMIH20401,TCSMIH20401,계좌별거래증거금소요액(파생시장),DATA,6,거래전문회원번호,NON CLREARING MEMBER_NUMBER,String,5,,,
청산결제,TCSMIH20401,TCSMIH20401,계좌별거래증거금소요액(파생시장),DATA,7,계좌증거금유형코드,ACCOUNT_ / MARGIN_TYPE_ / CODE,String,2,,1)현물 / 00 일반 / 01 동결계좌 / 02 Buy-In매수전용계좌 /  / 2)파생상품 / 10 사전증거금 일반 / 11 사후증거금 일반 / 12 사후증거금 할인,
청산결제,TCSMIH20401,TCSMIH20401,계좌별거래증거금소요액(파생시장),DATA,8,계좌번호,ACCOUNT_NUMBER,String,12,,,
청산결제,TCSMIH20401,TCSMIH20401,계좌별거래증거금소요액(파생시장),DATA,9,계좌구분코드,ACCOUNT_TYPE_ / CODE,String,2,,1) 현물 / 00 : 일반 / 01 : 대표투자자계좌(외국인) / 02 : 증권회사통합계좌(외국인) / 03 : FP계좌-복수일임형랩계좌 / 04 : FP계좌-단일일임형랩계좌 / 05 : FP아닌일임형랩계좌 / 06 : Buy-In매수전용계좌 / 07:  복수신탁계좌-대표계좌 이용 / 08:  단일신탁계좌-대표계좌미이용 / 09 : 기타 / 10: 시장조성헤지계좌(파생연계) / 11: 시장조성계좌(현물) / 12: 비과세해외주식투자전용ETF계좌 / 13 : 소액투자전용계좌(코넥스)(2022.5.30 폐지) / 14 : 외국인통합계,
청산결제,TCSMIH20401,TCSMIH20401,계좌별거래증거금소요액(파생시장),DATA,10,거래증거금할인적용여부,DISCOUNT_ / MARGIN_ / APPLICATION_ / YES OR NO,String,1,,Y : 거래증거금 할인이 적용되는 계좌 / N : 거래증거금 할인이 적용되지 않는 계좌,
청산결제,TCSMIH20401,TCSMIH20401,계좌별거래증거금소요액(파생시장),DATA,11,계좌별비할인증거금소요액,BY ACCOUNT_ / NO DISCOUNT_ / MARGIN_ / REQUIRED VALUE,Float,23,,거래증거금 할인이 적용되지 않은 모든 계좌의 / 거래증거금소요액 /  /                                                       19.3,
청산결제,TCSMIH20401,TCSMIH20401,계좌별거래증거금소요액(파생시장),DATA,12,계좌별할인증거금소요액,BY ACCOUNT_ / DISCOUNT_ / MARGIN_ / REQUIRED VALUE,Float,23,,10.거래증거금할인적용여부'가 'Y'로 표시된 / 계좌에 대하여 거래증거금이 할인이 적용되는 / 경우의 해당 계좌의 거래증거금소요액 /                                            19.3,
청산결제,TCSMIH20401,TCSMIH20401,계좌별거래증거금소요액(파생시장),DATA,13,필러값,FILLER_VALUE,String,529,,,
청산결제,TCSMIH20501,TCSMIH20501,선물일일정산(파생시장),DATA,1,메세지일련번호,MESSAGE_ / SEQUENCE NUMBER,Long,11,,메세지일련번호,
청산결제,TCSMIH20501,TCSMIH20501,선물일일정산(파생시장),DATA,2,트랜잭션코드,TRANSACTION_ / CODE,String,11,,TCSMIH20501,
청산결제,TCSMIH20501,TCSMIH20501,선물일일정산(파생시장),DATA,3,전송일자,TRANSMIT_DATE,String,8,,YYYYMMDD,
청산결제,TCSMIH20501,TCSMIH20501,선물일일정산(파생시장),DATA,4,전문완료여부,EMSG_COMPLT_YN,String,1,,"Y:전송완료, N:전송중",
청산결제,TCSMIH20501,TCSMIH20501,선물일일정산(파생시장),DATA,5,상품완료여부,PROD_COMPLT_YN,String,1,,"Y:전송완료, N:전송중",
청산결제,TCSMIH20501,TCSMIH20501,선물일일정산(파생시장),DATA,6,시장ID,MARKET_ / IDENTIFICATION,String,3,,별첨-KRX 차세대 상품 ID체계 참고,
청산결제,TCSMIH20501,TCSMIH20501,선물일일정산(파생시장),DATA,7,증권그룹ID,SECURITIES GROUP_ / IDENTIFICATION,String,2,,"FU:선물, OP:옵션, FX:FLEX",
청산결제,TCSMIH20501,TCSMIH20501,선물일일정산(파생시장),DATA,8,기초자산코드,UNDERLYING ASSET_CODE,String,2,,‘ISIN표준코드’ 체계의 ‘대상물코드’를 사용,
청산결제,TCSMIH20501,TCSMIH20501,선물일일정산(파생시장),DATA,9,회원번호,MEMBER_NUMBER,String,5,,,
청산결제,TCSMIH20501,TCSMIH20501,선물일일정산(파생시장),DATA,10,거래전문회원번호,NON CLREARING MEMBER_NUMBER,String,5,,,
청산결제,TCSMIH20501,TCSMIH20501,선물일일정산(파생시장),DATA,11,종목코드,ISSUE_CODE,String,12,,현물/파생/채권/REPO 통합상품의 종목 코드(ISIN종목코드),
청산결제,TCSMIH20501,TCSMIH20501,선물일일정산(파생시장),DATA,12,이익손실구분코드,PROFIT_LOSS_ / TYPE_CODE,String,1,,"1:이익, 2:손실",
청산결제,TCSMIH20501,TCSMIH20501,선물일일정산(파생시장),DATA,13,위탁당일차금,TRUST_THAT DAY_PAYOFF,Float,23,,,
청산결제,TCSMIH20501,TCSMIH20501,선물일일정산(파생시장),DATA,14,이익손실구분코드,PROFIT_LOSS_ / TYPE_CODE,String,1,,"1:이익, 2:손실",
청산결제,TCSMIH20501,TCSMIH20501,선물일일정산(파생시장),DATA,15,위탁갱신차금,TRUST_UPDATE_ / PAYOFF,Float,23,,,
청산결제,TCSMIH20501,TCSMIH20501,선물일일정산(파생시장),DATA,16,이익손실구분코드,PROFIT_LOSS_ / TYPE_CODE,String,1,,"1:이익, 2:손실",
청산결제,TCSMIH20501,TCSMIH20501,선물일일정산(파생시장),DATA,17,위탁최종결제차금,TRUST_LAST_SETTLEMENT_PAYOFF,Float,23,,현금결제방식의 최종거래일에만 표시,
청산결제,TCSMIH20501,TCSMIH20501,선물일일정산(파생시장),DATA,18,이익손실구분코드,PROFIT_LOSS_ / TYPE_CODE,String,1,,"1:이익, 2:손실",
청산결제,TCSMIH20501,TCSMIH20501,선물일일정산(파생시장),DATA,19,자기당일차금,PRINCIPAL_ / THAT DAY_ / PAYOFF,Float,23,,,
청산결제,TCSMIH20501,TCSMIH20501,선물일일정산(파생시장),DATA,20,이익손실구분코드,PROFIT_LOSS_ / TYPE_CODE,String,1,,"1:이익, 2:손실",
청산결제,TCSMIH20501,TCSMIH20501,선물일일정산(파생시장),DATA,21,자기갱신차금,PRINCIPAL_ / UPDATE_PAYOFF,Float,23,,,
청산결제,TCSMIH20501,TCSMIH20501,선물일일정산(파생시장),DATA,22,이익손실구분코드,PROFIT_LOSS_ / TYPE_CODE,String,1,,"1:이익, 2::손실",
청산결제,TCSMIH20501,TCSMIH20501,선물일일정산(파생시장),DATA,23,자기최종결제차금,PRINCIPAL_LAST_ / SETTLEMENT_ / PAYOFF,Float,23,,현금결제방식의 최종거래일에만 표시됨,
청산결제,TCSMIH20501,TCSMIH20501,선물일일정산(파생시장),DATA,24,필러값,FILLER_VALUE,String,995,,,
청산결제,TCSMIH20601,TCSMIH20601,옵션결제차금(파생시장),DATA,1,메세지일련번호,MESSAGE_ / SEQUENCE NUMBER,Long,11,,메세지일련번호,
청산결제,TCSMIH20601,TCSMIH20601,옵션결제차금(파생시장),DATA,2,트랜잭션코드,TRANSACTION_ / CODE,String,11,,TCSMIH20601,
청산결제,TCSMIH20601,TCSMIH20601,옵션결제차금(파생시장),DATA,3,전송일자,TRANSMIT_DATE,String,8,,YYYYMMDD,
청산결제,TCSMIH20601,TCSMIH20601,옵션결제차금(파생시장),DATA,4,전문완료여부,EMSG_COMPLT_YN,String,1,,"Y:전송완료, N:전송중",
청산결제,TCSMIH20601,TCSMIH20601,옵션결제차금(파생시장),DATA,5,상품완료여부,PROD_COMPLT_YN,String,1,,"Y:전송완료, N:전송중",
청산결제,TCSMIH20601,TCSMIH20601,옵션결제차금(파생시장),DATA,6,시장ID,MARKET_ / IDENTIFICATION,String,3,,별첨-KRX 차세대 상품 ID체계 참고,
청산결제,TCSMIH20601,TCSMIH20601,옵션결제차금(파생시장),DATA,7,증권그룹ID,SECURITIES GROUP_ / IDENTIFICATION,String,2,,"FU:선물, OP:옵션, FX:FLEX",
청산결제,TCSMIH20601,TCSMIH20601,옵션결제차금(파생시장),DATA,8,기초자산코드,UNDERLYING ASSET_CODE,String,2,,‘ISIN표준코드’ 체계의 ‘대상물코드’를 사용,
청산결제,TCSMIH20601,TCSMIH20601,옵션결제차금(파생시장),DATA,9,회원번호,MEMBER_NUMBER,String,5,,,
청산결제,TCSMIH20601,TCSMIH20601,옵션결제차금(파생시장),DATA,10,거래전문회원번호,NON CLREARING MEMBER_NUMBER,String,5,,,
청산결제,TCSMIH20601,TCSMIH20601,옵션결제차금(파생시장),DATA,11,종목코드,ISSUE_CODE,String,12,,현물/파생/채권/REPO 통합상품의 종목 코드(ISIN종목코드),
청산결제,TCSMIH20601,TCSMIH20601,옵션결제차금(파생시장),DATA,12,위탁매도거래대금,TRUST_ASK_ / TRADING VALUE,Float,22,,,
청산결제,TCSMIH20601,TCSMIH20601,옵션결제차금(파생시장),DATA,13,위탁매수거래대금,TRUST_BID_ / TRADING VALUE,Float,22,,,
청산결제,TCSMIH20601,TCSMIH20601,옵션결제차금(파생시장),DATA,14,자기매도거래대금,PRINCIPAL_ASK_ / TRADING VALUE,Float,22,,,
청산결제,TCSMIH20601,TCSMIH20601,옵션결제차금(파생시장),DATA,15,자기매수거래대금,PRINCIPAL_BID_ / TRADING VALUE,Float,22,,,
청산결제,TCSMIH20601,TCSMIH20601,옵션결제차금(파생시장),DATA,16,위탁권리행사차금,TRUST_EXERCISE_ / PAYOFF,Float,23,,현금결제방식의 최종거래일에만 표시,
청산결제,TCSMIH20601,TCSMIH20601,옵션결제차금(파생시장),DATA,17,위탁권리배정차금,TRUST_ / EXERCISE ASSIGNMENT_ / PAYOFF,Float,23,,현금결제방식의 최종거래일에만 표시,
청산결제,TCSMIH20601,TCSMIH20601,옵션결제차금(파생시장),DATA,18,자기권리행사차금,PRINCIPAL_ / EXERCISE_PAYOFF,Float,23,,현금결제방식의 최종거래일에만 표시,
청산결제,TCSMIH20601,TCSMIH20601,옵션결제차금(파생시장),DATA,19,자기권리배정차금금액,PRINCIPAL_ / EXERCISE ASSIGNMENT_ / PAYOFF_AMOUNT,Float,23,,현금결제방식의 최종거래일에만 표시,
청산결제,TCSMIH20601,TCSMIH20601,옵션결제차금(파생시장),DATA,20,필러값,FILLER_VALUE,String,959,,,
청산결제,TCSMIH20701,TCSMIH20701,수수료및협회비(파생시장),DATA,1,메세지일련번호,MESSAGE_ / SEQUENCE NUMBER,Long,11,,메세지일련번호,
청산결제,TCSMIH20701,TCSMIH20701,수수료및협회비(파생시장),DATA,2,트랜잭션코드,TRANSACTION_ / CODE,String,11,,TCSMIH20701,
청산결제,TCSMIH20701,TCSMIH20701,수수료및협회비(파생시장),DATA,3,전송일자,TRANSMIT_DATE,String,8,,YYYYMMDD,
청산결제,TCSMIH20701,TCSMIH20701,수수료및협회비(파생시장),DATA,4,전문완료여부,EMSG_COMPLT_YN,String,1,,"Y:전송완료, N:전송중",
청산결제,TCSMIH20701,TCSMIH20701,수수료및협회비(파생시장),DATA,5,상품완료여부,PROD_COMPLT_YN,String,1,,"Y:전송완료, N:전송중",
청산결제,TCSMIH20701,TCSMIH20701,수수료및협회비(파생시장),DATA,6,시장ID,MARKET_ / IDENTIFICATION,String,3,,별첨-KRX 차세대 상품 ID체계 참고,
청산결제,TCSMIH20701,TCSMIH20701,수수료및협회비(파생시장),DATA,7,증권그룹ID,SECURITIES  / GROUP_ / IDENTIFICATION,String,2,,"FU:선물, OP:옵션, FX:FLEX",
청산결제,TCSMIH20701,TCSMIH20701,수수료및협회비(파생시장),DATA,8,기초자산코드,UNDERLYING ASSET_CODE,String,2,,‘ISIN표준코드’ 체계의 ‘대상물코드’를 사용 / 주식선물/옵션의 경우 '99'가 아닌 '실제코드값'이 전송,
청산결제,TCSMIH20701,TCSMIH20701,수수료및협회비(파생시장),DATA,9,회원번호,MEMBER_NUMBER,String,5,,,
청산결제,TCSMIH20701,TCSMIH20701,수수료및협회비(파생시장),DATA,10,거래전문회원번호,NON CLREARING MEMBER_NUMBER,String,5,,,
청산결제,TCSMIH20701,TCSMIH20701,수수료및협회비(파생시장),DATA,11,결제일자,SETTLEMENT_DATE,String,8,,YYYYMMDD,
청산결제,TCSMIH20701,TCSMIH20701,수수료및협회비(파생시장),DATA,12,수수료,FEE,Float,22,,거래체결KRX거래수수료 + 거래체결KRX청산결제수수료 + 거래체결CME거래수수료 + 거래체결CME청산결제수수료 + 최종결제거래수수료 + 최종결제청산결제수수료,
청산결제,TCSMIH20701,TCSMIH20701,수수료및협회비(파생시장),DATA,13,거래체결KRX거래수수료,TRADING_KRX_TRADING_FEE,Float,22,,,
청산결제,TCSMIH20701,TCSMIH20701,수수료및협회비(파생시장),DATA,14,거래체결KRX청산결제수수료,TRADING_KRX_CLEARING & SETTLEMENT_FEE,Float,22,,,
청산결제,TCSMIH20701,TCSMIH20701,수수료및협회비(파생시장),DATA,15,거래체결야간CME거래수수료,TRADING_NDV_CME_TRADING_FEE,Float,22,,CME → 야간,
청산결제,TCSMIH20701,TCSMIH20701,수수료및협회비(파생시장),DATA,16,거래체결야간CME청산결제수수료,TRADING_NDV_CME_CLEARING & SETTLEMENT_FEE,Float,22,,CME → 야간,
청산결제,TCSMIH20701,TCSMIH20701,수수료및협회비(파생시장),DATA,17,최종결제거래수수료,LAST_SETTLEMENT_TRADING_FEE,Float,22,,,
청산결제,TCSMIH20701,TCSMIH20701,수수료및협회비(파생시장),DATA,18,최종결제청산결제수수료,LAST_SETTLEMENT_CLEARING & SETTLEMENT_FEE,Float,22,,,
청산결제,TCSMIH20701,TCSMIH20701,수수료및협회비(파생시장),DATA,19,협회비,ASSOCIATION_ / MEMBERSHIP FEE,Float,22,,거래체결협회비 + 최종결제협회비,
청산결제,TCSMIH20701,TCSMIH20701,수수료및협회비(파생시장),DATA,20,최종결제협회비,UNDERWRITING AND DELIVERING_ / ASSOCIATION_ / MEMBERSHIP FEE,Float,22,,,
청산결제,TCSMIH20701,TCSMIH20701,수수료및협회비(파생시장),DATA,21,필러값,FILLER_VALUE,String,945,,,
청산결제,TCSMIH20801,TCSMIH20801,현금결제옵션계좌별권리행사결제내역(파생시장),DATA,1,메세지일련번호,MESSAGE_ / SEQUENCE NUMBER,Long,11,,메세지일련번호,
청산결제,TCSMIH20801,TCSMIH20801,현금결제옵션계좌별권리행사결제내역(파생시장),DATA,2,트랜잭션코드,TRANSACTION_ / CODE,String,11,,TCSMIH20801,
청산결제,TCSMIH20801,TCSMIH20801,현금결제옵션계좌별권리행사결제내역(파생시장),DATA,3,전송일자,TRANSMIT_DATE,String,8,,YYYYMMDD / 데이터 생성일자,
청산결제,TCSMIH20801,TCSMIH20801,현금결제옵션계좌별권리행사결제내역(파생시장),DATA,4,전문완료여부,EMSG_COMPLT_YN,String,1,,"Y:전송완료, N:전송중",
청산결제,TCSMIH20801,TCSMIH20801,현금결제옵션계좌별권리행사결제내역(파생시장),DATA,5,상품완료여부,PROD_COMPLT_YN,String,1,,"Y:전송완료, N:전송중",
청산결제,TCSMIH20801,TCSMIH20801,현금결제옵션계좌별권리행사결제내역(파생시장),DATA,6,시장ID,MARKET_ / IDENTIFICATION,String,3,,별첨-KRX 차세대 상품 ID체계 참고,
청산결제,TCSMIH20801,TCSMIH20801,현금결제옵션계좌별권리행사결제내역(파생시장),DATA,7,증권그룹ID,SECURITIES  / GROUP_ / IDENTIFICATION,String,2,,"FU:선물, OP:옵션, FX:FLEX",
청산결제,TCSMIH20801,TCSMIH20801,현금결제옵션계좌별권리행사결제내역(파생시장),DATA,8,기초자산코드,UNDERLYING ASSET_CODE,String,2,,‘ISIN표준코드’ 체계의 ‘대상물코드’를 사용,
청산결제,TCSMIH20801,TCSMIH20801,현금결제옵션계좌별권리행사결제내역(파생시장),DATA,9,회원번호,MEMBER_NUMBER,String,5,,,
청산결제,TCSMIH20801,TCSMIH20801,현금결제옵션계좌별권리행사결제내역(파생시장),DATA,10,거래전문회원번호,NON CLREARING MEMBER_NUMBER,String,5,,,
청산결제,TCSMIH20801,TCSMIH20801,현금결제옵션계좌별권리행사결제내역(파생시장),DATA,11,계좌번호,ACCOUNT_NUMBER,String,12,,,
청산결제,TCSMIH20801,TCSMIH20801,현금결제옵션계좌별권리행사결제내역(파생시장),DATA,12,종목코드,ISSUE_CODE,String,12,,현물/파생/채권/REPO 통합상품의 종목 코드(ISIN종목코드),
청산결제,TCSMIH20801,TCSMIH20801,현금결제옵션계좌별권리행사결제내역(파생시장),DATA,13,행사배정구분코드,EXERCISE_ / ASSIGNMENT_ / TYPE_CODE,String,1,,"‘E':권리행사, ’A':권리배정",
청산결제,TCSMIH20801,TCSMIH20801,현금결제옵션계좌별권리행사결제내역(파생시장),DATA,14,행사배정수량,EXERCISE_ / ASSIGNMENT_ / QUANTITY,Long,10,,단위:계약,
청산결제,TCSMIH20801,TCSMIH20801,현금결제옵션계좌별권리행사결제내역(파생시장),DATA,15,권리행사차금,EXERCISE_PAYOFF,Float,23,,단위:원                                           19.3,
청산결제,TCSMIH20801,TCSMIH20801,현금결제옵션계좌별권리행사결제내역(파생시장),DATA,16,필러값,FILLER_VALUE,String,571,,,
청산결제,TCSMIH20901,TCSMIH20901,인수도결제옵션계좌별권리행사및인수도내역(파생시장),DATA,1,메세지일련번호,MESSAGE_ / SEQUENCE NUMBER,Long,11,,메세지일련번호,
청산결제,TCSMIH20901,TCSMIH20901,인수도결제옵션계좌별권리행사및인수도내역(파생시장),DATA,2,트랜잭션코드,TRANSACTION_ / CODE,String,11,,TCSMIH20901,
청산결제,TCSMIH20901,TCSMIH20901,인수도결제옵션계좌별권리행사및인수도내역(파생시장),DATA,3,전송일자,TRANSMIT_DATE,String,8,,YYYYMMDD,
청산결제,TCSMIH20901,TCSMIH20901,인수도결제옵션계좌별권리행사및인수도내역(파생시장),DATA,4,전문완료여부,EMSG_COMPLT_YN,String,1,,"Y:전송완료, N:전송중",
청산결제,TCSMIH20901,TCSMIH20901,인수도결제옵션계좌별권리행사및인수도내역(파생시장),DATA,5,상품완료여부,PROD_COMPLT_YN,String,1,,"Y:전송완료, N:전송중",
청산결제,TCSMIH20901,TCSMIH20901,인수도결제옵션계좌별권리행사및인수도내역(파생시장),DATA,6,시장ID,MARKET_ / IDENTIFICATION,String,3,,별첨-KRX 차세대 상품 ID체계 참고,
청산결제,TCSMIH20901,TCSMIH20901,인수도결제옵션계좌별권리행사및인수도내역(파생시장),DATA,7,증권그룹ID,SECURITIES  / GROUP_ / IDENTIFICATION,String,2,,"FU:선물, OP:옵션, FX:FLEX",
청산결제,TCSMIH20901,TCSMIH20901,인수도결제옵션계좌별권리행사및인수도내역(파생시장),DATA,8,기초자산코드,UNDERLYING ASSET_CODE,String,2,,‘ISIN표준코드’ 체계의 ‘대상물코드’를 사용,
청산결제,TCSMIH20901,TCSMIH20901,인수도결제옵션계좌별권리행사및인수도내역(파생시장),DATA,9,회원번호,MEMBER_NUMBER,String,5,,,
청산결제,TCSMIH20901,TCSMIH20901,인수도결제옵션계좌별권리행사및인수도내역(파생시장),DATA,10,거래전문회원번호,NON CLREARING MEMBER_NUMBER,String,5,,,
청산결제,TCSMIH20901,TCSMIH20901,인수도결제옵션계좌별권리행사및인수도내역(파생시장),DATA,11,결제일자,SETTLEMENT_DATE,String,8,,YYYYMMDD,
청산결제,TCSMIH20901,TCSMIH20901,인수도결제옵션계좌별권리행사및인수도내역(파생시장),DATA,12,계좌번호,ACCOUNT_NUMBER,String,12,,,
청산결제,TCSMIH20901,TCSMIH20901,인수도결제옵션계좌별권리행사및인수도내역(파생시장),DATA,13,종목코드,ISSUE_CODE,String,12,,현물/파생/채권/REPO 통합상품의 종목 코드(ISIN종목코드),
청산결제,TCSMIH20901,TCSMIH20901,인수도결제옵션계좌별권리행사및인수도내역(파생시장),DATA,14,행사가격,EXERCISE_PRICE,Float,18,,단위:원,
청산결제,TCSMIH20901,TCSMIH20901,인수도결제옵션계좌별권리행사및인수도내역(파생시장),DATA,15,거래단위,CONTRACT SIZE,Float,22,,"시장ID가 SPI, EQU가 아닌 경우에만 표시",
청산결제,TCSMIH20901,TCSMIH20901,인수도결제옵션계좌별권리행사및인수도내역(파생시장),DATA,16,거래승수,SETTLEMENT MULTIPLIER,Float,22,,,
청산결제,TCSMIH20901,TCSMIH20901,인수도결제옵션계좌별권리행사및인수도내역(파생시장),DATA,17,행사배정구분코드,EXERCISE_ / ASSIGNMENT_ / TYPE_CODE,String,1,,"E:권리행사, A:권리배정",
청산결제,TCSMIH20901,TCSMIH20901,인수도결제옵션계좌별권리행사및인수도내역(파생시장),DATA,18,행사배정수량,EXERCISE_ / ASSIGNMENT_ / QUANTITY,Long,10,,단위:계약,
청산결제,TCSMIH20901,TCSMIH20901,인수도결제옵션계좌별권리행사및인수도내역(파생시장),DATA,19,인수도수량,UNDERWRITING AND DELIVERING_ / QUANTITY,Long,17,,행사·배정수량×거래단위,
청산결제,TCSMIH20901,TCSMIH20901,인수도결제옵션계좌별권리행사및인수도내역(파생시장),DATA,20,인수도금액,UNDERWRITING AND DELIVERING_ / AMOUNT,Float,23,,"단위:원, 행사·배정수량×거래승수×행사가격",
청산결제,TCSMIH20901,TCSMIH20901,인수도결제옵션계좌별권리행사및인수도내역(파생시장),DATA,21,필러값,FILLER_VALUE,String,1006,,,
청산결제,TCSMIH21001,TCSMIH21001,"통화,채권선물계좌별인수도내역(파생시장)",DATA,1,메세지일련번호,MESSAGE_ / SEQUENCE NUMBER,Long,11,,메세지일련번호,
청산결제,TCSMIH21001,TCSMIH21001,"통화,채권선물계좌별인수도내역(파생시장)",DATA,2,트랜잭션코드,TRANSACTION_ / CODE,String,11,,TCSMIH21001,
청산결제,TCSMIH21001,TCSMIH21001,"통화,채권선물계좌별인수도내역(파생시장)",DATA,3,전송일자,TRANSMIT_DATE,String,8,,YYYYMMDD,
청산결제,TCSMIH21001,TCSMIH21001,"통화,채권선물계좌별인수도내역(파생시장)",DATA,4,전문완료여부,EMSG_COMPLT_YN,String,1,,"Y:전송완료, N:전송중",
청산결제,TCSMIH21001,TCSMIH21001,"통화,채권선물계좌별인수도내역(파생시장)",DATA,5,상품완료여부,PROD_COMPLT_YN,String,1,,"Y:전송완료, N:전송중",
청산결제,TCSMIH21001,TCSMIH21001,"통화,채권선물계좌별인수도내역(파생시장)",DATA,6,시장ID,MARKET_ / IDENTIFICATION,String,3,,별첨-KRX 차세대 상품 ID체계 참고,
청산결제,TCSMIH21001,TCSMIH21001,"통화,채권선물계좌별인수도내역(파생시장)",DATA,7,증권그룹ID,SECURITIES  / GROUP_ / IDENTIFICATION,String,2,,"FU:선물, OP:옵션, FX:FLEX",
청산결제,TCSMIH21001,TCSMIH21001,"통화,채권선물계좌별인수도내역(파생시장)",DATA,8,기초자산코드,UNDERLYING ASSET_CODE,String,2,,‘ISIN표준코드’ 체계의 ‘대상물코드’를 사용,
청산결제,TCSMIH21001,TCSMIH21001,"통화,채권선물계좌별인수도내역(파생시장)",DATA,9,회원번호,MEMBER_NUMBER,String,5,,,
청산결제,TCSMIH21001,TCSMIH21001,"통화,채권선물계좌별인수도내역(파생시장)",DATA,10,거래전문회원번호,NON CLREARING MEMBER_NUMBER,String,5,,,
청산결제,TCSMIH21001,TCSMIH21001,"통화,채권선물계좌별인수도내역(파생시장)",DATA,11,결제일자,SETTLEMENT_DATE,String,8,,인수도결제일(YYYYMMDD),
청산결제,TCSMIH21001,TCSMIH21001,"통화,채권선물계좌별인수도내역(파생시장)",DATA,12,계좌번호,ACCOUNT_NUMBER,String,12,,,
청산결제,TCSMIH21001,TCSMIH21001,"통화,채권선물계좌별인수도내역(파생시장)",DATA,13,종목코드,ISSUE_CODE,String,12,,현물/파생/채권/REPO 통합상품의 종목 코드(ISIN종목코드),
청산결제,TCSMIH21001,TCSMIH21001,"통화,채권선물계좌별인수도내역(파생시장)",DATA,14,통화ISO코드,CURRENCY_ISO_ / CODE,String,3,,"AUD:호주달러, EUR:유로, GBP:영국파운드,  / HKD:홍콩달러, JPY:일본엔, KRW:한국원,  / SGD:싱가폴달러, USD:미국달러,  / CHF:스위스프랑, CAD:캐나다달러 / CNY:중국위안",
청산결제,TCSMIH21001,TCSMIH21001,"통화,채권선물계좌별인수도내역(파생시장)",DATA,15,채권종목코드,BOND_ISSUE_CODE,String,12,,국채선물일 경우 유효 / 채권종목코드,
청산결제,TCSMIH21001,TCSMIH21001,"통화,채권선물계좌별인수도내역(파생시장)",DATA,16,거래단위,CONTRACT SIZE,Float,22,,,
청산결제,TCSMIH21001,TCSMIH21001,"통화,채권선물계좌별인수도내역(파생시장)",DATA,17,거래승수,SETTLEMENT MULTIPLIER,Float,22,,,
청산결제,TCSMIH21001,TCSMIH21001,"통화,채권선물계좌별인수도내역(파생시장)",DATA,18,최종결제가격,LAST_ / SETTLEMENT_ / PRICE,Float,18,,,
청산결제,TCSMIH21001,TCSMIH21001,"통화,채권선물계좌별인수도내역(파생시장)",DATA,19,인수도유형코드,UNDERWRITING AND DELIVERING_ / TYPE_CODE,String,1,,"1:인수, 2:인도",
청산결제,TCSMIH21001,TCSMIH21001,"통화,채권선물계좌별인수도내역(파생시장)",DATA,20,최종결제수량,LAST_ / SETTLEMENT_ / QUANTITY,Long,10,,단위:계약,
청산결제,TCSMIH21001,TCSMIH21001,"통화,채권선물계좌별인수도내역(파생시장)",DATA,21,인수도수량,UNDERWRITING AND DELIVERING_ / QUANTITY,Long,17,,최종결제수량×거래단위,
청산결제,TCSMIH21001,TCSMIH21001,"통화,채권선물계좌별인수도내역(파생시장)",DATA,22,인수도금액,UNDERWRITING AND DELIVERING_ / AMOUNT,Float,23,,"단위:원, 최종결제수량×거래승수×인수도가격",
청산결제,TCSMIH21001,TCSMIH21001,"통화,채권선물계좌별인수도내역(파생시장)",DATA,23,필러값,FILLER_VALUE,String,991,,,
청산결제,TCSMIH21201,TCSMIH21201,통화상품회원별인수도내역(파생시장),DATA,1,메세지일련번호,MESSAGE_ / SEQUENCE NUMBER,Long,11,,메세지일련번호,
청산결제,TCSMIH21201,TCSMIH21201,통화상품회원별인수도내역(파생시장),DATA,2,트랜잭션코드,TRANSACTION_ / CODE,String,11,,TCSMIH21201,
청산결제,TCSMIH21201,TCSMIH21201,통화상품회원별인수도내역(파생시장),DATA,3,전송일자,TRANSMIT_DATE,String,8,,YYYYMMDD,
청산결제,TCSMIH21201,TCSMIH21201,통화상품회원별인수도내역(파생시장),DATA,4,전문완료여부,EMSG_COMPLT_YN,String,1,,"Y:전송완료, N:전송중",
청산결제,TCSMIH21201,TCSMIH21201,통화상품회원별인수도내역(파생시장),DATA,5,상품완료여부,PROD_COMPLT_YN,String,1,,"Y:전송완료, N:전송중",
청산결제,TCSMIH21201,TCSMIH21201,통화상품회원별인수도내역(파생시장),DATA,6,시장ID,MARKET_ / IDENTIFICATION,String,3,,별첨-KRX 차세대 상품 ID체계 참고,
청산결제,TCSMIH21201,TCSMIH21201,통화상품회원별인수도내역(파생시장),DATA,7,기초자산코드,UNDERLYING ASSET_CODE,String,2,,‘ISIN표준코드’ 체계의 ‘대상물코드’를 사용,
청산결제,TCSMIH21201,TCSMIH21201,통화상품회원별인수도내역(파생시장),DATA,8,회원번호,MEMBER_NUMBER,String,5,,,
청산결제,TCSMIH21201,TCSMIH21201,통화상품회원별인수도내역(파생시장),DATA,9,거래전문회원번호,NON CLREARING MEMBER_NUMBER,String,5,,,
청산결제,TCSMIH21201,TCSMIH21201,통화상품회원별인수도내역(파생시장),DATA,10,결제일자,SETTLEMENT_DATE,String,8,,인수도결제일(YYYYMMDD),
청산결제,TCSMIH21201,TCSMIH21201,통화상품회원별인수도내역(파생시장),DATA,11,선물옵션대분류코드,FUTURES AND OPTION_UPPER LEVEL CLASS_ / CODE,String,1,,"1:선물, 2:옵션, 9: 전체(선물+옵션)",
청산결제,TCSMIH21201,TCSMIH21201,통화상품회원별인수도내역(파생시장),DATA,12,인수도유형코드,UNDERWRITING AND DELIVERING_ / TYPE_CODE,String,1,,"1:인수, 2:인도",
청산결제,TCSMIH21201,TCSMIH21201,통화상품회원별인수도내역(파생시장),DATA,13,결제수량,SETTLEMENT_ / QUANTITY,Long,10,,"선물:최종결제수량, 옵션:권리행사결제수량 (회원별로 netting된 한방향 수량임)",
청산결제,TCSMIH21201,TCSMIH21201,통화상품회원별인수도내역(파생시장),DATA,14,인수도수량,UNDERWRITING AND DELIVERING_ / QUANTITY,Long,17,,"(회원별로 netting된 한방향 금액) 단위:달러,엔,유로",
청산결제,TCSMIH21201,TCSMIH21201,통화상품회원별인수도내역(파생시장),DATA,15,인수도금액,UNDERWRITING AND DELIVERING_ / AMOUNT,Float,23,,"선물:최종결제대금, 옵션:권리행사결제대금 (회원별로 netting된 한방향 금액)",
청산결제,TCSMIH21201,TCSMIH21201,통화상품회원별인수도내역(파생시장),DATA,16,기초자산차감인수도수량,UNDERLYING ASSET_ / DEDUCTION_ / UNDERWRITING AND DELIVERING_ / QUANTITY,Long,17,,"선물옵션대분류코드(‘9’) 인 경우 유효 / 기초자산별로 netting한 금액을 산출 / 예) 미국달러인 경우 : 기초자산종목부여번호(‘75’),선물옵션대분류코드(‘9’) /    ※ 엔,유로의 경우 선물한가지만 있으므로 통화 수수액과 같음",
청산결제,TCSMIH21201,TCSMIH21201,통화상품회원별인수도내역(파생시장),DATA,17,인수도결제차금,UNDERWRITING AND DELIVERING_ / SETTLEMENT_ / PAYOFF,Float,23,,"기초자산종목부여번호(‘99’),선물옵션대분류코드(‘9’) 인 경우 유효,  / 모든 통화의 결제대금을 netting 하여 회원이 납부나 수령할 총 금액",
청산결제,TCSMIH21201,TCSMIH21201,통화상품회원별인수도내역(파생시장),DATA,18,필러값,FILLER_VALUE,String,1053,,,
청산결제,TCSMIH21401,TCSMIH21401,거래증거금과부족내역통보(파생시장),DATA,1,메세지일련번호,MESSAGE_ / SEQUENCE NUMBER,Long,11,,메세지일련번호,
청산결제,TCSMIH21401,TCSMIH21401,거래증거금과부족내역통보(파생시장),DATA,2,트랜잭션코드,TRANSACTION_ / CODE,String,11,,TCSMIH21401,
청산결제,TCSMIH21401,TCSMIH21401,거래증거금과부족내역통보(파생시장),DATA,3,전송일자,TRANSMIT_DATE,String,8,,YYYYMMDD,
청산결제,TCSMIH21401,TCSMIH21401,거래증거금과부족내역통보(파생시장),DATA,4,전문완료여부,EMSG_COMPLT_YN,String,1,,"Y:전송완료, N:전송중",
청산결제,TCSMIH21401,TCSMIH21401,거래증거금과부족내역통보(파생시장),DATA,5,시장ID,MKT_ID,String,3,,별첨-KRX 차세대 상품 ID체계 참고,변경
청산결제,TCSMIH21401,TCSMIH21401,거래증거금과부족내역통보(파생시장),DATA,6,회원번호,MEMBER_NUMBER,String,5,,,
청산결제,TCSMIH21401,TCSMIH21401,거래증거금과부족내역통보(파생시장),DATA,7,위탁자기통합구분코드,TRUST_ / PRINCIPAL_ / INTEGRATION_ / TYPE_CODE,String,2,,"10:위탁, 20:자기",
청산결제,TCSMIH21401,TCSMIH21401,거래증거금과부족내역통보(파생시장),DATA,8,신용위험증거금소요액,CREDIT RISK MARGIN REQUIRED VALUE,Float,22,,단위:원,
청산결제,TCSMIH21401,TCSMIH21401,거래증거금과부족내역통보(파생시장),DATA,9,거래증거금소요액,TRADING_MARGIN_ / REQUIRED VALUE,Float,22,,단위:원 / 신용위험증거금소요액 +  순위험증거금소요액,
청산결제,TCSMIH21401,TCSMIH21401,거래증거금과부족내역통보(파생시장),DATA,10,거래증거금평가금액,TRADING_MARGIN_ / VALUATION,Float,22,,단위:원,
청산결제,TCSMIH21401,TCSMIH21401,거래증거금과부족내역통보(파생시장),DATA,11,과부족구분코드,OVRES & SHORTS_ / TYPE_CODE,String,1,,"1:초과, 2:부족 3:일치",
청산결제,TCSMIH21401,TCSMIH21401,거래증거금과부족내역통보(파생시장),DATA,12,거래증거금과부족금액,TRADING_ / MARGIN_ / VALUATION_ / AMOUNT,Float,22,,단위:원,
청산결제,TCSMIH21401,TCSMIH21401,거래증거금과부족내역통보(파생시장),DATA,13,현금성자산거래증거금소요액,CASHABLE_ASSET_TRADING_MARGIN_REQUIRED VALUE,Float,22,,단위:원 / 거래증거금소요액 * ( 1 - 비현금성자산 납입한도비율 ),
청산결제,TCSMIH21401,TCSMIH21401,거래증거금과부족내역통보(파생시장),DATA,14,현금성자산거래증거금평가금액,CASHABLE_ASSET_TRADING_MARGIN_VALUATION,Float,22,,"단위:원 / 현금을 포함한 외화, 국채, 특수채, 지방채, 외화증권에 대한 금액",
청산결제,TCSMIH21401,TCSMIH21401,거래증거금과부족내역통보(파생시장),DATA,15,현금성자산과부족구분코드,CASHABLE_ASSET_TRADING_MARGIN OVRES & SHORTS_TYPE_CODE,String,1,,"1:초과, 2:부족 3:일치 / 현금성자산거래증거금소요액 < 현금성자산거래증거금평가금액 : 초과 / 현금성자산거래증거금소요액 > 현금성자산거래증거금평가금액 : 부족 / 현금성자산거래증거금소요액 = 현금성자산거래증거금평가금액 : 일치",
청산결제,TCSMIH21401,TCSMIH21401,거래증거금과부족내역통보(파생시장),DATA,16,현금성자산거래증거금과부족금액,CASHABLE_ASSET_TRADING_MARGIN_VALUATION_AMOUNT,Float,22,,단위:원 / 현금성자산거래증거금에 대한 부족금액 또는 초과금액,
청산결제,TCSMIH21401,TCSMIH21401,거래증거금과부족내역통보(파생시장),DATA,17,필러값,FILLER_VALUE,String,1003,,,
청산결제,TCSMIH21501,TCSMIH21501,거래증거금및결제대금변동통보(파생시장),DATA,1,메세지일련번호,MESSAGE_ / SEQUENCE NUMBER,Long,11,,메세지일련번호,
청산결제,TCSMIH21501,TCSMIH21501,거래증거금및결제대금변동통보(파생시장),DATA,2,트랜잭션코드,TRANSACTION_ / CODE,String,11,,TCSMIH21501,
청산결제,TCSMIH21501,TCSMIH21501,거래증거금및결제대금변동통보(파생시장),DATA,3,전송일자,TRANSMIT_DATE,String,8,,YYYYMMDD,
청산결제,TCSMIH21501,TCSMIH21501,거래증거금및결제대금변동통보(파생시장),DATA,4,시장ID,MKT_ID,String,3,,별첨-KRX 차세대 상품 ID체계 참고,변경
청산결제,TCSMIH21501,TCSMIH21501,거래증거금및결제대금변동통보(파생시장),DATA,5,회원번호,MEMBER_NUMBER,String,5,,,
청산결제,TCSMIH21501,TCSMIH21501,거래증거금및결제대금변동통보(파생시장),DATA,6,거래증거금결제금액구분코드,MARGIN_ / SETTLEMENT_ / TYPE_CODE,String,1,,"1:거래증거금, 2:결제대금",
청산결제,TCSMIH21501,TCSMIH21501,거래증거금및결제대금변동통보(파생시장),DATA,7,위탁자기통합구분코드,TRUST_ / PRINCIPAL_ / INTEGRATION_ / TYPE_CODE,String,2,,"10:위탁, 20:자기",
청산결제,TCSMIH21501,TCSMIH21501,거래증거금및결제대금변동통보(파생시장),DATA,8,변경전금액,BEFORE CHANGE_AMOUNT,Float,22,,단위:원,
청산결제,TCSMIH21501,TCSMIH21501,거래증거금및결제대금변동통보(파생시장),DATA,9,변경후금액,AFTER CHANGE_AMOUNT,Float,22,,단위:원,
청산결제,TCSMIH21501,TCSMIH21501,거래증거금및결제대금변동통보(파생시장),DATA,10,금액변경사유코드,CHANGE_REASON,String,2,,01 : 거래증거금 할린계좌의 헤지  /      차익거래의 미입증 / 99 : 기타,
청산결제,TCSMIH21501,TCSMIH21501,거래증거금및결제대금변동통보(파생시장),DATA,11,필러값,FILLER_VALUE,String,1113,,,
청산결제,TCSMIH21601,TCSMIH21601,거래증거금질권설정말소(입출고)통보(파생시장),DATA,1,메세지일련번호,MESSAGE_ / SEQUENCE NUMBER,Long,11,,메세지일련번호,
청산결제,TCSMIH21601,TCSMIH21601,거래증거금질권설정말소(입출고)통보(파생시장),DATA,2,트랜잭션코드,TRANSACTION_ / CODE,String,11,,TCSMIH21601,
청산결제,TCSMIH21601,TCSMIH21601,거래증거금질권설정말소(입출고)통보(파생시장),DATA,3,전송일자,TRANSMIT_DATE,String,8,,YYYYMMDD,
청산결제,TCSMIH21601,TCSMIH21601,거래증거금질권설정말소(입출고)통보(파생시장),DATA,4,시장ID,MKT_ID,String,3,,별첨-KRX 차세대 상품 ID체계 참고,변경
청산결제,TCSMIH21601,TCSMIH21601,거래증거금질권설정말소(입출고)통보(파생시장),DATA,5,회원번호,MEMBER_NUMBER,String,5,,,
청산결제,TCSMIH21601,TCSMIH21601,거래증거금질권설정말소(입출고)통보(파생시장),DATA,6,계좌번호,ACCOUNT_NUMBER,String,12,,선물회사의 예탁원 입출고에만 해당,
청산결제,TCSMIH21601,TCSMIH21601,거래증거금질권설정말소(입출고)통보(파생시장),DATA,7,위탁자기통합구분코드,TRUST_ / PRINCIPAL_ / INTEGRATION_ / TYPE_CODE,String,2,,"10:위탁, 20:자기",
청산결제,TCSMIH21601,TCSMIH21601,거래증거금질권설정말소(입출고)통보(파생시장),DATA,8,거래증거금소요액,TRADING_MARGIN_REQUIRED VALUE,Float,22,,단위:원,
청산결제,TCSMIH21601,TCSMIH21601,거래증거금질권설정말소(입출고)통보(파생시장),DATA,9,예탁원질권설정해제구분코드,KSD_RIGHT OF PLEDGE_ / ESTABLISH AND RELEASE_TYPE_ / CODE,String,1,,"E:질권설정(입고), R:질권해제(출고)",
청산결제,TCSMIH21601,TCSMIH21601,거래증거금질권설정말소(입출고)통보(파생시장),DATA,10,"증거금자산구분코드
(증권구분코드)",MARGIN_ASSET_ / TYPE_CODE,String,1,,*증거금자산구분코드 / D:DR / E:상장지수펀드 / F:수익증권 / R:코스닥시장주권 / S:유가증권시장주권 / B:채권 / N:코넥스 / T:상장지수증권,
청산결제,TCSMIH21601,TCSMIH21601,거래증거금질권설정말소(입출고)통보(파생시장),DATA,11,종목코드,ISSUE-CODE,String,12,,현물/파생/채권/REPO 통합상품의 종목 코드(ISIN종목코드),
청산결제,TCSMIH21601,TCSMIH21601,거래증거금질권설정말소(입출고)통보(파생시장),DATA,12,종목명,ISSUE_NAME,String,80,,,
청산결제,TCSMIH21601,TCSMIH21601,거래증거금질권설정말소(입출고)통보(파생시장),DATA,13,수량,QUANTITY,Long,15,,,
청산결제,TCSMIH21601,TCSMIH21601,거래증거금질권설정말소(입출고)통보(파생시장),DATA,14,대용가격,SUBSTITUTE_PRICE,Float,11,,,
청산결제,TCSMIH21601,TCSMIH21601,거래증거금질권설정말소(입출고)통보(파생시장),DATA,15,평가금액,VALUATION_ / AMOUNT,Float,22,,단위:원,
청산결제,TCSMIH21601,TCSMIH21601,거래증거금질권설정말소(입출고)통보(파생시장),DATA,16,과부족구분코드,OVRES & SHORTS_ / TYPE_CODE,String,1,,"1:초과, 2:부족, 3:일치",
청산결제,TCSMIH21601,TCSMIH21601,거래증거금질권설정말소(입출고)통보(파생시장),DATA,17,거래증거금과부족금액,TRADING_MARGIN_ / VALUATION_ / AMOUNT,Float,22,,단위:원,
청산결제,TCSMIH21601,TCSMIH21601,거래증거금질권설정말소(입출고)통보(파생시장),DATA,18,필러값,FILLER_VALUE,String,961,,,
청산결제,TCSMIH22201,TCSMIH22201,구분착오발생내역통보(파생시장),DATA,1,메세지일련번호,MSG_SEQ,Long,11,,메세지일련번호,
청산결제,TCSMIH22201,TCSMIH22201,구분착오발생내역통보(파생시장),DATA,2,트랜잭션코드,TR_CD,String,11,,TCSMIH22201,
청산결제,TCSMIH22201,TCSMIH22201,구분착오발생내역통보(파생시장),DATA,3,전송일자,TRNSM_DD,String,8,,YYYYMMDD,
청산결제,TCSMIH22201,TCSMIH22201,구분착오발생내역통보(파생시장),DATA,4,시장ID,MKT_ID,String,3,,별첨-KRX 차세대 상품 ID체계 참고,변경
청산결제,TCSMIH22201,TCSMIH22201,구분착오발생내역통보(파생시장),DATA,5,회원번호,MBR_NO,String,5,,,
청산결제,TCSMIH22201,TCSMIH22201,구분착오발생내역통보(파생시장),DATA,6,계좌번호,ACNT_NO,String,12,,,
청산결제,TCSMIH22201,TCSMIH22201,구분착오발생내역통보(파생시장),DATA,7,종목코드,ISU_CD,String,12,,현물/파생/채권/REPO 통합상품의 종목 코드(ISIN종목코드),
청산결제,TCSMIH22201,TCSMIH22201,구분착오발생내역통보(파생시장),DATA,8,보드ID,BRD_ID,String,2,,별첨_보드ID 매핑 참고,
청산결제,TCSMIH22201,TCSMIH22201,구분착오발생내역통보(파생시장),DATA,9,체결번호,TRD_NO,Long,11,,,
청산결제,TCSMIH22201,TCSMIH22201,구분착오발생내역통보(파생시장),DATA,10,매도매수구분코드,ASKBID_TP_CD,String,1,,"1:매도, 2:매수",
청산결제,TCSMIH22201,TCSMIH22201,구분착오발생내역통보(파생시장),DATA,11,거래장위탁자기구분코드,TRDBOK_TRST_PRINC_TP_CD,String,2,,1)현물 / 10 위탁매매 / 30 자기매매 /  / 2)파생상품 /   11 위탁거래 /   12 위탁주선거래 /   13 회원의 위탁거래  /   31 호가입력회원의 자기거래 /   32 비회원의 자기거래 /  / 3)채권 / 10 위탁매매 / 30 자기매매 / 33 매도대행사 반대매도,
청산결제,TCSMIH22201,TCSMIH22201,구분착오발생내역통보(파생시장),DATA,12,거래장국가코드,TRDBOK_CNTR_CD,String,3,,004 : 아프가니스탄 / 008 : 알바니아  / 012 : 알제리 / 016 : 아메리칸사모아  / 020 : 안도라  / 024 : 앙고라  / 028 : 앤티가 바부다 /  …,
청산결제,TCSMIH22201,TCSMIH22201,구분착오발생내역통보(파생시장),DATA,13,거래장투자자구분코드,TRDBOK_INVST_TP_CD,String,4,,"1000 금융투자업자 / 2000 보험 / 3000 집합투자기구 / 3100 사모집합투자기구 / 4000 은행 / 5000 기타금융기관 / 6000 연기금 / 7000 국가, 지자체, 국제기구 및 공익기관 / 7100 기타법인 / 8000 개인",
청산결제,TCSMIH22201,TCSMIH22201,구분착오발생내역통보(파생시장),DATA,14,"거래장외국인투자자
구분코드",TRDBOK_FORNINVST_TP_CD,String,2,,"00:외국인 아님,  / 10:외국인(거주),  / 20:외국인(비거주)",
청산결제,TCSMIH22201,TCSMIH22201,구분착오발생내역통보(파생시장),DATA,15,계좌상위탁자기구분코드,ACNT_TRST_PRINC_TP_CD,String,2,,1)현물 / 10 위탁매매 / 30 자기매매 /  / 2)파생상품 /   11 위탁거래 /   12 위탁주선거래 /   13 회원의 위탁거래  /   31 호가입력회원의 자기거래 /   32 비회원의 자기거래 /  / 3)채권 / 10 위탁매매 / 30 자기매매 / 33 매도대행사 반대매도,
청산결제,TCSMIH22201,TCSMIH22201,구분착오발생내역통보(파생시장),DATA,16,계좌상국가코드,ACNT_CNTR_CD,String,3,,"004 : 아프가니스탄,  / 008 : 알바니아,  / 012 : 알제리,  / 016 : 아메리칸사모아,  / 020 : 안도라,  / 024 : 앙고라,  / 028 : 앤티가 바부다  / …",
청산결제,TCSMIH22201,TCSMIH22201,구분착오발생내역통보(파생시장),DATA,17,계좌상투자자구분코드,ACNT_INVST_TP_CD,String,4,,"1000 금융투자업자 / 2000 보험 / 3000 집합투자기구 / 3100 사모집합투자기구 / 4000 은행 / 5000 기타금융기관 / 6000 연기금 / 7000 국가, 지자체, 국제기구 및 공익기관 / 7100 기타법인 / 8000 개인",
청산결제,TCSMIH22201,TCSMIH22201,구분착오발생내역통보(파생시장),DATA,18,"계좌상외국인투자자
구분코드",ACNT_FORNINVST_TP_CD,String,2,,"00:외국인 아님,  / 10:외국인(거주),  / 20:외국인(비거주)",
청산결제,TCSMIH22201,TCSMIH22201,구분착오발생내역통보(파생시장),DATA,19,필러값,FILR_VAL,String,1102,,,
청산결제,TCSMIH22301,TCSMIH22301,위탁자기별거래증거금소요액(파생시장),DATA,1,메세지일련번호,MESSAGE_ / SEQUENCE NUMBER,Long,11,,메세지일련번호,
청산결제,TCSMIH22301,TCSMIH22301,위탁자기별거래증거금소요액(파생시장),DATA,2,트랜잭션코드,TRANSACTION_ / CODE,String,11,,TCSMIH22301,
청산결제,TCSMIH22301,TCSMIH22301,위탁자기별거래증거금소요액(파생시장),DATA,3,전송일자,TRANSMIT_DATE,String,8,,YYYYMMDD,
청산결제,TCSMIH22301,TCSMIH22301,위탁자기별거래증거금소요액(파생시장),DATA,4,전문완료여부,EMSG_COMPLT_YN,String,1,,"Y:전송완료, N:전송중",
청산결제,TCSMIH22301,TCSMIH22301,위탁자기별거래증거금소요액(파생시장),DATA,5,상품완료여부,PROD_COMPLT_YN,String,1,,"Y:전송완료, N:전송중",
청산결제,TCSMIH22301,TCSMIH22301,위탁자기별거래증거금소요액(파생시장),DATA,6,회원번호,MEMBER_NUMBER,String,5,,,
청산결제,TCSMIH22301,TCSMIH22301,위탁자기별거래증거금소요액(파생시장),DATA,7,거래전문회원번호,NON CLREARING MEMBER_NUMBER,String,5,,,
청산결제,TCSMIH22301,TCSMIH22301,위탁자기별거래증거금소요액(파생시장),DATA,8,위탁자기통합구분코드,TRUST PRINCIPAL / INTERGRATION / TYPE CODE,String,2,,"10:위탁, 20:자기",
청산결제,TCSMIH22301,TCSMIH22301,위탁자기별거래증거금소요액(파생시장),DATA,9,신용위험증거금소요액,CREDIT RISK MARGIN REQUIRED VALUE,Float,22,,단위:원,
청산결제,TCSMIH22301,TCSMIH22301,위탁자기별거래증거금소요액(파생시장),DATA,10,거래증거금소요액,TRADING_MARGIN_ / REQUIRED VALUE,Float,22,,단위:원 / 신용위험증거금소요액 +  순위험증거금소요액,
청산결제,TCSMIH22301,TCSMIH22301,위탁자기별거래증거금소요액(파생시장),DATA,11,현금성자산납부소요액,CASHABLE_ASSET_PAY_REQUIRED_VALUE,Float,22,,단위:원 / 거래증거금소요액 * ( 1 - 비현금성자산 납입한도비율 ),
청산결제,TCSMIH22301,TCSMIH22301,위탁자기별거래증거금소요액(파생시장),DATA,12,필러값,FILLER_VALUE,String,1090,,,
청산결제,TCSMIH22302,TCSMIH22302,신용위험거래증거금_경고및부과통보(파생시장),DATA,1,메세지일련번호,MESSAGE_ / SEQUENCE NUMBER,Long,11,,메세지일련번호,
청산결제,TCSMIH22302,TCSMIH22302,신용위험거래증거금_경고및부과통보(파생시장),DATA,2,트랜잭션코드,TRANSACTION_ / CODE,String,11,,TCSMIH22302,
청산결제,TCSMIH22302,TCSMIH22302,신용위험거래증거금_경고및부과통보(파생시장),DATA,3,전송일자,TRANSMIT_DATE,String,8,,YYYYMMDD,
청산결제,TCSMIH22302,TCSMIH22302,신용위험거래증거금_경고및부과통보(파생시장),DATA,4,전문완료여부,EMSG_COMPLT_YN,String,1,,"Y:전송완료, N:전송중",
청산결제,TCSMIH22302,TCSMIH22302,신용위험거래증거금_경고및부과통보(파생시장),DATA,5,회원번호,MEMBER_NUMBER,String,5,,,
청산결제,TCSMIH22302,TCSMIH22302,신용위험거래증거금_경고및부과통보(파생시장),DATA,6,통보구분코드,NOTI_TP_CD,String,1,,"0:정상, 1:경고, 2:부과",
청산결제,TCSMIH22302,TCSMIH22302,신용위험거래증거금_경고및부과통보(파생시장),DATA,7,신용위험한도금액,CR_LMT_AMT,Float,22,,단위:원,
청산결제,TCSMIH22302,TCSMIH22302,신용위험거래증거금_경고및부과통보(파생시장),DATA,8,조정순위험증거금,ADJ_NET_RISK_MRGN,Float,23,,단위:원 / 자기순위험증거금 + 위탁순위험증거금*인정비율,
청산결제,TCSMIH22302,TCSMIH22302,신용위험거래증거금_경고및부과통보(파생시장),DATA,9,지급보증금액,GRT_AMT,Float,22,,단위:원 / 자기순위험증거금 + 위탁순위험증거금*인정비율,
청산결제,TCSMIH22302,TCSMIH22302,신용위험거래증거금_경고및부과통보(파생시장),DATA,10,신용위험증거금,CREDIT_RISK_MRGN,Float,23,,,
청산결제,TCSMIH22302,TCSMIH22302,신용위험거래증거금_경고및부과통보(파생시장),DATA,11,필러값,FILLER_VALUE,String,1073,,,
청산결제,TCSMIH23101,TCSMIH23101,외화증권대용가(파생시장),DATA,1,메세지일련번호,MESSAGE_SEQUENCE NUMBER,Long,11,,,
청산결제,TCSMIH23101,TCSMIH23101,외화증권대용가(파생시장),DATA,2,트랜잭션코드,TRANSACTION_CODE,String,11,,TCSMIH23101,
청산결제,TCSMIH23101,TCSMIH23101,외화증권대용가(파생시장),DATA,3,전송일자,TRANSMIT_DATE,String,8,,YYYYMMDD,
청산결제,TCSMIH23101,TCSMIH23101,외화증권대용가(파생시장),DATA,4,전문완료여부,EMSG_COMPLT_YN,String,1,,"Y:전문완료, N:전송중",
청산결제,TCSMIH23101,TCSMIH23101,외화증권대용가(파생시장),DATA,5,회원번호,MEMBER_NUMBER,String,5,,,
청산결제,TCSMIH23101,TCSMIH23101,외화증권대용가(파생시장),DATA,6,종목코드,ISSUE_CODE,String,12,,,
청산결제,TCSMIH23101,TCSMIH23101,외화증권대용가(파생시장),DATA,7,로이터종목코드,REUTER_ ISSUE_CODE,String,14,,,
청산결제,TCSMIH23101,TCSMIH23101,외화증권대용가(파생시장),DATA,8,외화증권종목명,FOREIGN CURRENCY_SECURITIES_ISSUE_NAME,String,25,,,
청산결제,TCSMIH23101,TCSMIH23101,외화증권대용가(파생시장),DATA,9,거래일자,TRADING_DATE,String,8,,,
청산결제,TCSMIH23101,TCSMIH23101,외화증권대용가(파생시장),DATA,10,결제일자,SETTLEMENT_DATE,String,8,,,
청산결제,TCSMIH23101,TCSMIH23101,외화증권대용가(파생시장),DATA,11,외화증권표면이자율,FOREIGN CURRENCY_SECURITIES_FORNCURR_SECU_COUPN_RT,Float,10,,,
청산결제,TCSMIH23101,TCSMIH23101,외화증권대용가(파생시장),DATA,12,액면금액,PAR_AMOUNT,Float,22,,,
청산결제,TCSMIH23101,TCSMIH23101,외화증권대용가(파생시장),DATA,13,발행일자,ISSUE_DATE,String,8,,,
청산결제,TCSMIH23101,TCSMIH23101,외화증권대용가(파생시장),DATA,14,만기일자,EXPIRATION_DATE,String,8,,,
청산결제,TCSMIH23101,TCSMIH23101,외화증권대용가(파생시장),DATA,15,표면이자유형명,COUPON_TYPE_NAME,String,6,,,
청산결제,TCSMIH23101,TCSMIH23101,외화증권대용가(파생시장),DATA,16,발행국가명,ISSUE_COUNTRY_NAME,String,30,,,
청산결제,TCSMIH23101,TCSMIH23101,외화증권대용가(파생시장),DATA,17,통화ISO코드,CURRENCY_ INTERNATIONALSTANDARDIZATIONORGANIZATION_DOCE,String,3,,통화ISO코드 / AUD:호주달러 / EUR:유로 / GBP:영국파운드 / HKD:홍콩달러 / JPY:일본엔 / KRW:한국원 / SGD:싱가폴달러 / USD:미국달러 / CHF:스위스프랑 / CAD:캐나다달러 / CNY:중국위안 / USC:미국센트,
청산결제,TCSMIH23101,TCSMIH23101,외화증권대용가(파생시장),DATA,18,차기이자지급일자,NEXT PERIOD_INTEREST_PAYMENT_DATE,String,8,,,
청산결제,TCSMIH23101,TCSMIH23101,외화증권대용가(파생시장),DATA,19,기준시세,VALUATION_PRICE,Float,15,,* 평가가격 = 기준시세 * 환율 * 사정비율 * 외화증권예탁액,
청산결제,TCSMIH23101,TCSMIH23101,외화증권대용가(파생시장),DATA,20,사정비율,HAIRCUT_RATIO,Long,4,,단위 : %,
청산결제,TCSMIH23101,TCSMIH23101,외화증권대용가(파생시장),DATA,21,필러값,FILLER_VALUE,String,983,,,
청산결제,TCSMIH24101,TCSMIH24101,과다호가부담금,DATA,1,메세지일련번호,MESSAGE_SEQUENCE NUMBER,Long,11,,,
청산결제,TCSMIH24101,TCSMIH24101,과다호가부담금,DATA,2,트랜잭션코드,TRANSACTION_CODE,String,11,,TCSMIH24101,
청산결제,TCSMIH24101,TCSMIH24101,과다호가부담금,DATA,3,전송일자,TRANSMIT_DATE,String,8,,YYYYMMDD,
청산결제,TCSMIH24101,TCSMIH24101,과다호가부담금,DATA,4,전문완료여부,EMSG_COMPLT_YN,String,1,,"Y:전송완료, N:전송중",
청산결제,TCSMIH24101,TCSMIH24101,과다호가부담금,DATA,5,시장ID,MARKET_IDENTIFICATION,String,3,,별첨-KRX 차세대 상품 ID체계 참고,
청산결제,TCSMIH24101,TCSMIH24101,과다호가부담금,DATA,6,증권그룹ID,SECURITIES GROUP_IDENTIFICATION,String,2,,"FU:선물, OP:옵션 FX: FLEX",
청산결제,TCSMIH24101,TCSMIH24101,과다호가부담금,DATA,7,기초자산코드,UNDERLYING ASSET_CODE,String,2,,‘ISIN표준코드’ 체계의 ‘대상물코드’를 사용,
청산결제,TCSMIH24101,TCSMIH24101,과다호가부담금,DATA,8,회원번호,MEMBER_NUMBER,String,5,,,
청산결제,TCSMIH24101,TCSMIH24101,과다호가부담금,DATA,9,계좌번호,ACCOUNT_NUMBER,String,12,,다음 두 항목은 동시에 유효값을 갖지 않음 /  / 계좌번호 : SPACE => 거래자ID : 유효값 / 계좌번호 : 유효값 => 거래자ID : SPACE,
청산결제,TCSMIH24101,TCSMIH24101,과다호가부담금,DATA,10,거래자ID,TRDR_ID,String,6,,다음 두 항목은 동시에 유효값을 갖지 않음 /  / 계좌번호 : SPACE => 거래자ID : 유효값 / 계좌번호 : 유효값 => 거래자ID : SPACE,
청산결제,TCSMIH24101,TCSMIH24101,과다호가부담금,DATA,11,거래일자,TRADING_DATE,String,8,,YYYYMMDD,
청산결제,TCSMIH24101,TCSMIH24101,과다호가부담금,DATA,12,결제일자,SETTLEMENT_DATE,String,8,,YYYYMMDD,
청산결제,TCSMIH24101,TCSMIH24101,과다호가부담금,DATA,13,월간누적적출건수,MONTHLY_ACCUMULATION_DETECTION_COUNT,Long,3,,,
청산결제,TCSMIH24101,TCSMIH24101,과다호가부담금,DATA,14,과다호가부담금부과여부,EXCS_ORD_BRDNCHRG_IMPOST_YN,String,1,,"Y:부과, N:면제",
청산결제,TCSMIH24101,TCSMIH24101,과다호가부담금,DATA,15,과다호가부담금액,EXCS_ORD_BRDNCHRG,Float,22,,,
청산결제,TCSMIH24101,TCSMIH24101,과다호가부담금,DATA,16,필러값,FILLER_VALUE,String,1097,,,
청산결제,TCSMIH25201,TCSMIH25201,착오거래구제처리결과송신,DATA,1,메세지일련번호,MESSAGE_SESUENCE NUMBER,Long,11,,,
청산결제,TCSMIH25201,TCSMIH25201,착오거래구제처리결과송신,DATA,2,트랜잭션코드,TRANSACTION_CODE,String,11,,TCSMIH25201,
청산결제,TCSMIH25201,TCSMIH25201,착오거래구제처리결과송신,DATA,3,전송일자,TRANSMIT_DATE,String,8,,,
청산결제,TCSMIH25201,TCSMIH25201,착오거래구제처리결과송신,DATA,4,착오거래구제접수일자,ERRONEOUS TRADING_RELIEF_ACCEPT_DATE,String,8,,,
청산결제,TCSMIH25201,TCSMIH25201,착오거래구제처리결과송신,DATA,5,착오거래구제접수번호,ERRONEOUS TRADING_RELIEF_ACCEPT_NUMBER,Long,10,,,
청산결제,TCSMIH25201,TCSMIH25201,착오거래구제처리결과송신,DATA,6,착오거래구제송신구분코드,ERRONEOUS TRADING_RELIEF_SEND_TYPE_CODE,String,1,,1:신청회원체결 / 2:상대회원체결,
청산결제,TCSMIH25201,TCSMIH25201,착오거래구제처리결과송신,DATA,7,회원번호,MEMBER_NUMBER,String,5,,,
청산결제,TCSMIH25201,TCSMIH25201,착오거래구제처리결과송신,DATA,8,착오거래구제처리결과코드,ERRONEOUS TRADING_RELIEF_PROCESS_RESULT_CODE,String,2,,"00:보류, 10:구제승인, 20:구제불승인 /  / * 처리결과가 보류(00)인 경우 /   익일 해당 접수건에 대해 최종 결과가 /   다시 전송됨",
청산결제,TCSMIH25201,TCSMIH25201,착오거래구제처리결과송신,DATA,9,필러값,FILLER_VALUE,String,1144,,,
청산결제,TCSMIH25301,TCSMIH25301,착오거래구제접수송신,DATA,1,메세지일련번호,MESSAGE_SESUENCE NUMBER,Long,11,,,
청산결제,TCSMIH25301,TCSMIH25301,착오거래구제접수송신,DATA,2,트랜잭션코드,TRANSACTION_CODE,String,11,,TCSMIH25301,
청산결제,TCSMIH25301,TCSMIH25301,착오거래구제접수송신,DATA,3,전송일자,TRANSMIT_DATE,String,8,,,
청산결제,TCSMIH25301,TCSMIH25301,착오거래구제접수송신,DATA,4,회원번호,MEMBER_NUMBER,String,5,,,
청산결제,TCSMIH25301,TCSMIH25301,착오거래구제접수송신,DATA,5,착오거래구제신청ID,ERRONEOUS TRADING_RELIEF_APPLICATION_IDENTIFICATION,String,10,,* 회원+신청ID가 KEY,
청산결제,TCSMIH25301,TCSMIH25301,착오거래구제접수송신,DATA,6,계좌번호,ACCOUNT_NUMBER,String,12,,,
청산결제,TCSMIH25301,TCSMIH25301,착오거래구제접수송신,DATA,7,상품ID,PRODUCT_IDENTIFICATION,String,11,,* 파생상품시장에 한함 / * 별첨,
청산결제,TCSMIH25301,TCSMIH25301,착오거래구제접수송신,DATA,8,체결시작시각,TRADING_START_TIME,String,9,,착오에 의한 체결 시작시각,
청산결제,TCSMIH25301,TCSMIH25301,착오거래구제접수송신,DATA,9,체결종료시각,TRADING_END_TIME,String,9,,착오에 의한 체결 종료시각,
청산결제,TCSMIH25301,TCSMIH25301,착오거래구제접수송신,DATA,10,담당자명,PERSON IN CHARGE_NAME,String,80,,착오거래구제 담당자,
청산결제,TCSMIH25301,TCSMIH25301,착오거래구제접수송신,DATA,11,담당자전화번호,PERSON IN CHARGE_TELEPHONE NUMBER,String,40,,착오거래구제 담당자 전화번호,
청산결제,TCSMIH25301,TCSMIH25301,착오거래구제접수송신,DATA,12,신청매체구분코드,APPLICATION_MEDIA_TYPE_CODE,String,1,,"1:I/F, 2:단말, 3:FAX, 4:E-Mail, 9:기타",
청산결제,TCSMIH25301,TCSMIH25301,착오거래구제접수송신,DATA,13,착오거래구제신청거부사유코드,ERRONEOUS TRADING_RELIEF_APPLICATION_REJECTED_REASON_CODE,String,4,,,
청산결제,TCSMIH25301,TCSMIH25301,착오거래구제접수송신,DATA,14,착오거래구제신청시각,ERRONEOUS TRADING_RELIEF_APPLICATION_TIME,String,9,,,
청산결제,TCSMIH25301,TCSMIH25301,착오거래구제접수송신,DATA,15,착오거래구제접수시각,ERRONEOUS TRADING_RELIEF_ACCEPT_TIME,String,9,,,
청산결제,TCSMIH25301,TCSMIH25301,착오거래구제접수송신,DATA,16,착오거래구제접수번호,ERRONEOUS TRADING_RELIEF_ACCEPT_NUMBER,Long,10,,,
청산결제,TCSMIH25301,TCSMIH25301,착오거래구제접수송신,DATA,17,필러값,FILLER_VALUE,String,961,,,
청산결제,TCSMIH25401,TCSMIH25401,착오거래구제대상송신,DATA,1,메세지일련번호,MESSAGE_SESUENCE NUMBER,Long,11,,,
청산결제,TCSMIH25401,TCSMIH25401,착오거래구제대상송신,DATA,2,트랜잭션코드,TRANSACTION_CODE,String,11,,TCSMIH25401,
청산결제,TCSMIH25401,TCSMIH25401,착오거래구제대상송신,DATA,3,전송일자,TRANSMIT_DATE,String,8,,,
청산결제,TCSMIH25401,TCSMIH25401,착오거래구제대상송신,DATA,4,착오거래구제접수번호,ERRONEOUS TRADING_RELIEF_ACCEPT_NUMBER,Long,10,,,
청산결제,TCSMIH25401,TCSMIH25401,착오거래구제대상송신,DATA,5,착오거래구제송신구분코드,ERRONEOUS TRADING_RELIEF_SEND_TYPE_CODE,String,1,,1:신청회원체결 / 2:상대회원체결,
청산결제,TCSMIH25401,TCSMIH25401,착오거래구제대상송신,DATA,6,회원번호,MEMBER_NUMBER,String,5,,,
청산결제,TCSMIH25401,TCSMIH25401,착오거래구제대상송신,DATA,7,계좌번호,ACCOUNT_NUMBER,String,12,,,
청산결제,TCSMIH25401,TCSMIH25401,착오거래구제대상송신,DATA,8,보드ID,BOARD_ID,String,2,,* 별첨,
청산결제,TCSMIH25401,TCSMIH25401,착오거래구제대상송신,DATA,9,종목코드,ISSUE_CODE,String,12,,,
청산결제,TCSMIH25401,TCSMIH25401,착오거래구제대상송신,DATA,10,매도매수구분코드,ASK_BID_TYPE_CODE,String,1,,,
청산결제,TCSMIH25401,TCSMIH25401,착오거래구제대상송신,DATA,11,체결번호,TRADING_NUMBER,Long,11,,,
청산결제,TCSMIH25401,TCSMIH25401,착오거래구제대상송신,DATA,12,체결가격,TRADING_PRICE,Float,11,,,
청산결제,TCSMIH25401,TCSMIH25401,착오거래구제대상송신,DATA,13,체결수량,TRADING_VOLUMN,Long,10,,,
청산결제,TCSMIH25401,TCSMIH25401,착오거래구제대상송신,DATA,14,체결시각,TRADING_TIME,String,9,,,
청산결제,TCSMIH25401,TCSMIH25401,착오거래구제대상송신,DATA,15,필러값,FILLER_VALUE,String,1086,,,
청산결제,TCSMIH25501,TCSMIH25501,착오거래구제기준가격송신,DATA,1,메세지일련번호,MESSAGE_SESUENCE NUMBER,Long,11,,,
청산결제,TCSMIH25501,TCSMIH25501,착오거래구제기준가격송신,DATA,2,트랜잭션코드,TRANSACTION_CODE,String,11,,TCSMIH25501,
청산결제,TCSMIH25501,TCSMIH25501,착오거래구제기준가격송신,DATA,3,전송일자,TRANSMIT_DATE,String,8,,,
청산결제,TCSMIH25501,TCSMIH25501,착오거래구제기준가격송신,DATA,4,착오거래구제접수번호,ERRONEOUS TRADING_RELIEF_ACCEPT_NUMBER,Long,10,,,
청산결제,TCSMIH25501,TCSMIH25501,착오거래구제기준가격송신,DATA,5,착오거래구제송신구분코드,ERRONEOUS TRADING_RELIEF_SEND_TYPE_CODE,String,1,,1:신청회원체결 / 2:상대회원체결,
청산결제,TCSMIH25501,TCSMIH25501,착오거래구제기준가격송신,DATA,6,회원번호,MEMBER_NUMBER,String,5,,,
청산결제,TCSMIH25501,TCSMIH25501,착오거래구제기준가격송신,DATA,7,계좌번호,ACCOUNT_NUMBER,String,12,,,
청산결제,TCSMIH25501,TCSMIH25501,착오거래구제기준가격송신,DATA,8,보드ID,BOARD_ID,String,2,,* 별첨,
청산결제,TCSMIH25501,TCSMIH25501,착오거래구제기준가격송신,DATA,9,종목코드,ISSUE_CODE,String,12,,,
청산결제,TCSMIH25501,TCSMIH25501,착오거래구제기준가격송신,DATA,10,매도매수구분코드,ASK_BID_TYPE_CODE,String,1,,,
청산결제,TCSMIH25501,TCSMIH25501,착오거래구제기준가격송신,DATA,11,체결번호,TRADING_NUMBER,Long,11,,,
청산결제,TCSMIH25501,TCSMIH25501,착오거래구제기준가격송신,DATA,12,체결가격,TRADING_PRICE,Float,11,,,
청산결제,TCSMIH25501,TCSMIH25501,착오거래구제기준가격송신,DATA,13,체결수량,TRADING_VOLUMN,Long,10,,,
청산결제,TCSMIH25501,TCSMIH25501,착오거래구제기준가격송신,DATA,14,체결시각,TRADING_TIME,String,9,,,
청산결제,TCSMIH25501,TCSMIH25501,착오거래구제기준가격송신,DATA,15,착오거래구제기준가격,ERRONEOUS TRADING_RELIEF_BASE_PRICE,Float,11,,,
청산결제,TCSMIH25501,TCSMIH25501,착오거래구제기준가격송신,DATA,16,착오거래구제상단가격,ERRONEOUS TRADING_RELIEF_UPPER LIMIT PRICE,Float,11,,,
청산결제,TCSMIH25501,TCSMIH25501,착오거래구제기준가격송신,DATA,17,착오거래구제하단가격,ERRONEOUS TRADING_RELIEF_LOWER LIMIT PRICE,Float,11,,,
청산결제,TCSMIH25501,TCSMIH25501,착오거래구제기준가격송신,DATA,18,착오거래구제가격,ERRONEOUS TRADING_RELIEF_PRICE,Float,11,,,
청산결제,TCSMIH25501,TCSMIH25501,착오거래구제기준가격송신,DATA,19,필러값,FILLER_VALUE,String,1042,,,
청산결제,TCSMIH26101,TCSMIH26101,수수료(주식시장),DATA,1,메세지일련번호,MESSAGE_ / SEQUENCE NUMBER,Long,11,,메세지일련번호,
청산결제,TCSMIH26101,TCSMIH26101,수수료(주식시장),DATA,2,트랜잭션코드,TRANSACTION_ / CODE,String,11,,TCSMIH26101,
청산결제,TCSMIH26101,TCSMIH26101,수수료(주식시장),DATA,3,전송일자,TRANSMIT_DATE,String,8,,YYYYMMDD,
청산결제,TCSMIH26101,TCSMIH26101,수수료(주식시장),DATA,4,전문완료여부,EMSG_COMPLT_YN,String,1,,"Y:전송완료, N:전송중",
청산결제,TCSMIH26101,TCSMIH26101,수수료(주식시장),DATA,5,시장ID,MARKET_ / IDENTIFICATION,String,3,,별첨-KRX 차세대 상품 ID체계 참고,
청산결제,TCSMIH26101,TCSMIH26101,수수료(주식시장),DATA,6,증권그룹ID,SECURITIES  / GROUP_ / IDENTIFICATION,String,2,,별첨-KRX 차세대 상품 ID체계 참고,
청산결제,TCSMIH26101,TCSMIH26101,수수료(주식시장),DATA,7,회원번호,MEMBER_NUMBER,String,5,,,
청산결제,TCSMIH26101,TCSMIH26101,수수료(주식시장),DATA,8,거래전문회원번호,NON CLREARING MEMBER_NUMBER,String,5,,,
청산결제,TCSMIH26101,TCSMIH26101,수수료(주식시장),DATA,9,거래일자,TRADING_DATE,String,8,,YYYYMMDD,
청산결제,TCSMIH26101,TCSMIH26101,수수료(주식시장),DATA,10,결제일자,SETTLEMENT_DATE,String,8,,YYYYMMDD,
청산결제,TCSMIH26101,TCSMIH26101,수수료(주식시장),DATA,11,납부일자,PAY_DATE,String,8,,YYYYMMDD,
청산결제,TCSMIH26101,TCSMIH26101,수수료(주식시장),DATA,12,수수료,FEE,Float,22,,거래체결KRX거래수수료 + 거래체결KRX청산결제수수료,
청산결제,TCSMIH26101,TCSMIH26101,수수료(주식시장),DATA,13,거래체결KRX거래수수료,TRADING_KRX_TRADING_FEE,Float,22,,,
청산결제,TCSMIH26101,TCSMIH26101,수수료(주식시장),DATA,14,거래체결KRX청산결제수수료,TRADING_KRX_CLEARING & SETTLEMENT_FEE,Float,22,,,
청산결제,TCSMIH26101,TCSMIH26101,수수료(주식시장),DATA,13,필러값,FILLER_VALUE,String,1064,,,
청산결제,TCSMIH26201,TCSMIH26201,종목별결제내역(주식시장),DATA,1,메세지일련번호,MESSAGE_ / SEQUENCE NUMBER,Long,11,,메세지일련번호,
청산결제,TCSMIH26201,TCSMIH26201,종목별결제내역(주식시장),DATA,2,트랜잭션코드,TRANSACTION_ / CODE,String,11,,TCSMIH26201,
청산결제,TCSMIH26201,TCSMIH26201,종목별결제내역(주식시장),DATA,3,전송일자,TRANSMIT_DATE,String,8,,YYYYMMDD,
청산결제,TCSMIH26201,TCSMIH26201,종목별결제내역(주식시장),DATA,4,전문완료여부,EMSG_COMPLT_TY,String,1,,"Y:전송완료, N:전송중",
청산결제,TCSMIH26201,TCSMIH26201,종목별결제내역(주식시장),DATA,5,시장ID,MARKET_ / IDENTIFICATION,String,3,,별첨-KRX 차세대 상품 ID체계 참고,
청산결제,TCSMIH26201,TCSMIH26201,종목별결제내역(주식시장),DATA,6,증권그룹ID,SECURITIES GROUP_ / IDENTIFICATION,String,2,,별첨-KRX 차세대 상품 ID체계 참고,
청산결제,TCSMIH26201,TCSMIH26201,종목별결제내역(주식시장),DATA,7,회원번호,MEMBER_NUMBER,String,5,,,
청산결제,TCSMIH26201,TCSMIH26201,종목별결제내역(주식시장),DATA,8,거래전문회원번호,NON CLREARING MEMBER_NUMBER,String,5,,,
청산결제,TCSMIH26201,TCSMIH26201,종목별결제내역(주식시장),DATA,9,결제구분,SETTLEMENT_ / TYPE,String,1,,"1:순수회원결제, 2:유통결제, 3:순수회원결제+유통결제 / 4. 이연결제, 5: 순수회원결제 + 유통결제 + 이연결제",
청산결제,TCSMIH26201,TCSMIH26201,종목별결제내역(주식시장),DATA,10,거래일자,TRADING_DATE,String,8,,YYYYMMDD,
청산결제,TCSMIH26201,TCSMIH26201,종목별결제내역(주식시장),DATA,11,결제일자,SETTLEMENT_DATE,String,8,,YYYYMMDD,
청산결제,TCSMIH26201,TCSMIH26201,종목별결제내역(주식시장),DATA,12,종목코드,ISSUE_CODE,String,12,,현물/파생/채권/REPO 통합상품의 종목 코드(ISIN종목코드),
청산결제,TCSMIH26201,TCSMIH26201,종목별결제내역(주식시장),DATA,13,LP여부,LIQUID PROVIDER_ / YES OR NO,String,1,,"1:LP포함, 2:LP거래, 이연결제 및 이연결제를 포함할 경우 1,  /  - 1:순수회원결제의 경우 1:LP포함의 경우에만 이연결제차감, /  - 4:이연결제의 경우 1:LP포함만 송신",
청산결제,TCSMIH26201,TCSMIH26201,종목별결제내역(주식시장),DATA,14,위탁매도체결수량,TRUST_ASK_ / TRADING VOLUMN,Long,12,,"단위:주,좌, 이연결제 및 이연결제를 포함할 경우 0 / 이연결제만 있는 경우 0",
청산결제,TCSMIH26201,TCSMIH26201,종목별결제내역(주식시장),DATA,15,위탁매수체결수량,TRUST_BID_ / TRADING VOLUMN,Long,12,,"단위:주,좌, 이연결제 및 이연결제를 포함할 경우 0 / 이연결제만 있는 경우 0",
청산결제,TCSMIH26201,TCSMIH26201,종목별결제내역(주식시장),DATA,16,입출고구분코드,SECURITIES IN-OUT_TYPE_CODE,String,1,,"0:입고(회원사 => 거래소, 매도결제수량),  / 1:출고(회원사 <= 거래소, 매수결제수량)",
청산결제,TCSMIH26201,TCSMIH26201,종목별결제내역(주식시장),DATA,17,위탁결제수량,TRUST_ / SETTLEMENT_ / QUANTITY,Long,15,,"단위:주,좌",
청산결제,TCSMIH26201,TCSMIH26201,종목별결제내역(주식시장),DATA,18,자기매도체결수량,PRINCIPAL_ASK_ / TRADING VOLUMN,Long,12,,"단위:주,좌, 이연결제 및 이연결제를 포함할 경우 0 / 이연결제만 있는 경우 0",
청산결제,TCSMIH26201,TCSMIH26201,종목별결제내역(주식시장),DATA,19,자기매수체결수량,PRINCIPAL_BID_ / TRADING VOLUMN,Long,12,,"단위:주,좌, 이연결제 및 이연결제를 포함할 경우 0 / 이연결제만 있는 경우 0",
청산결제,TCSMIH26201,TCSMIH26201,종목별결제내역(주식시장),DATA,20,입출고구분코드,SECURITIES IN-OUT_TYPE_CODE,String,1,,"0:입고(회원사 => 거래소, 매도결제수량),  / 1:출고(회원사 <= 거래소, 매수결제수량)",
청산결제,TCSMIH26201,TCSMIH26201,종목별결제내역(주식시장),DATA,21,자기결제수량,PRINCIPAL_ / SETTLEMENT_ / QUANTITY,Long,15,,,
청산결제,TCSMIH26201,TCSMIH26201,종목별결제내역(주식시장),DATA,22,위탁매도거래대금,TRUST_ASK_ / TRADING VALUE,Float,22,,"단위:주,좌, 이연결제 및 이연결제를 포함할 경우 0 / 이연결제만 있는 경우 0",
청산결제,TCSMIH26201,TCSMIH26201,종목별결제내역(주식시장),DATA,23,위탁매수거래대금,TRUST_BID_ / TRADING VALUE,Float,22,,"단위:주,좌, 이연결제 및 이연결제를 포함할 경우 0 / 이연결제만 있는 경우 0",
청산결제,TCSMIH26201,TCSMIH26201,종목별결제내역(주식시장),DATA,24,입출금구분코드,SECURITIES IN-OUT_TYPE_CODE,String,1,,"1:입금(회원사 => 거래소, 매수결제금액),  / 2:출금(회원사 <= 거래소, 매도결제금액)",
청산결제,TCSMIH26201,TCSMIH26201,종목별결제내역(주식시장),DATA,25,위탁결제금액,TRUST_ / SETTLEMENT_ / VALUE,Float,22,,단위:원,
청산결제,TCSMIH26201,TCSMIH26201,종목별결제내역(주식시장),DATA,26,자기매도거래대금,PRINCIPAL_ASK_ / TRADING VALUE,Float,22,,"단위:주,좌, 이연결제 및 이연결제를 포함할 경우 0 / 이연결제만 있는 경우 0",
청산결제,TCSMIH26201,TCSMIH26201,종목별결제내역(주식시장),DATA,27,자기매수거래대금,PRINCIPAL_BID_ / TRADING VALUE,Float,22,,"단위:주,좌, 이연결제 및 이연결제를 포함할 경우 0 / 이연결제만 있는 경우 0",
청산결제,TCSMIH26201,TCSMIH26201,종목별결제내역(주식시장),DATA,28,입출금구분코드,SECURITIES IN-OUT_TYPE_CODE,String,1,,"1:입금(회원사 => 거래소, 매수결제금액),  / 2:출금(회원사 <= 거래소, 매도결제금액)",
청산결제,TCSMIH26201,TCSMIH26201,종목별결제내역(주식시장),DATA,29,자기결제금액,PRINCIPAL_ / SETTLEMENT_ / VALUE,Float,22,,단위:원,
청산결제,TCSMIH26201,TCSMIH26201,종목별결제내역(주식시장),DATA,30,필러값,FILLER_VALUE,String,910,,,
청산결제,TCSMIH26301,TCSMIH26301,회원별결제내역(주식시장),DATA,1,메세지일련번호,MESSAGE_ / SEQUENCE NUMBER,Long,11,,메세지일련번호,
청산결제,TCSMIH26301,TCSMIH26301,회원별결제내역(주식시장),DATA,2,트랜잭션코드,TRANSACTION_ / CODE,String,11,,TCSMIH26301,
청산결제,TCSMIH26301,TCSMIH26301,회원별결제내역(주식시장),DATA,3,전송일자,TRANSMIT_DATE,String,8,,YYYYMMDD,
청산결제,TCSMIH26301,TCSMIH26301,회원별결제내역(주식시장),DATA,4,전문완료여부,EMSG_COMPLT_YN,String,1,,"Y:전송완료, N:전송중",
청산결제,TCSMIH26301,TCSMIH26301,회원별결제내역(주식시장),DATA,5,시장ID,MARKET_ / IDENTIFICATION,String,3,,별첨-KRX 차세대 상품 ID체계 참고,
청산결제,TCSMIH26301,TCSMIH26301,회원별결제내역(주식시장),DATA,6,회원번호,MEMBER_NUMBER,String,5,,,
청산결제,TCSMIH26301,TCSMIH26301,회원별결제내역(주식시장),DATA,7,거래전문회원번호,NON CLREARING MEMBER_NUMBER,String,5,,,
청산결제,TCSMIH26301,TCSMIH26301,회원별결제내역(주식시장),DATA,8,결제구분,SETTLEMENT_ / TYPE,String,1,,"1:순수회원결제, 2:유통결제, 3:순수회원결제+유통결제 / 4. 이연결제, 5: 순수회원결제 + 유통결제 + 이연결제",
청산결제,TCSMIH26301,TCSMIH26301,회원별결제내역(주식시장),DATA,9,거래일자,TRADING_DATE,String,8,,YYYYMMDD,
청산결제,TCSMIH26301,TCSMIH26301,회원별결제내역(주식시장),DATA,10,결제일자,SETTLEMENT_DATE,String,8,,YYYYMMDD,
청산결제,TCSMIH26301,TCSMIH26301,회원별결제내역(주식시장),DATA,11,LP여부,LIQUID PROVIDER_ / YES OR NO,String,1,,"1:LP포함, 2:LP거래, 이연결제 및 이연결제를 포함할 경우 1,  /  - 1:순수회원결제의 경우 1:LP포함의 경우에만 이연결제 차감적용, /  - 4:이연결제의 경우 1:LP포함만 송신",
청산결제,TCSMIH26301,TCSMIH26301,회원별결제내역(주식시장),DATA,12,위탁매도거래대금,TRUST_ASK_ / TRADING VALUE,Float,22,,"단위:원, 이연결제 및 이연결제를 포함할 경우 0 / 이연결제만 있는 경우 0",
청산결제,TCSMIH26301,TCSMIH26301,회원별결제내역(주식시장),DATA,13,위탁매수거래대금,TRUST_BID_ / TRADING VALUE,Float,22,,"단위:원, 이연결제 및 이연결제를 포함할 경우 0 / 이연결제만 있는 경우 0",
청산결제,TCSMIH26301,TCSMIH26301,회원별결제내역(주식시장),DATA,14,자기매도거래대금,PRINCIPAL_ASK_ / TRADING VALUE,Float,22,,"단위:원, 이연결제 및 이연결제를 포함할 경우 0 / 이연결제만 있는 경우 0",
청산결제,TCSMIH26301,TCSMIH26301,회원별결제내역(주식시장),DATA,15,자기매수거래대금,PRINCIPAL_BID_ / TRADING VALUE,Float,22,,"단위:원, 이연결제 및 이연결제를 포함할 경우 0 / 이연결제만 있는 경우 0",
청산결제,TCSMIH26301,TCSMIH26301,회원별결제내역(주식시장),DATA,16,입출금구분코드,SECURITIES IN-OUT_TYPE_CODE,String,1,,"1:입금(회원사 => 거래소, 매수결제금액),  / 2:출금(회원사 <= 거래소, 매도결제금액)",
청산결제,TCSMIH26301,TCSMIH26301,회원별결제내역(주식시장),DATA,17,결제금액,SETTLEMENT_ / AMOUNT,Float,22,,단위:원,
청산결제,TCSMIH26301,TCSMIH26301,회원별결제내역(주식시장),DATA,18,필러값,FILLER_VALUE,String,1027,,,
청산결제,TCSMIH26401,TCSMIH26401,거래전문회원의종목거래내역(주식시장),DATA,1,메세지일련번호,MESSAGE_ / SEQUENCE NUMBER,Long,11,,메세지일련번호,
청산결제,TCSMIH26401,TCSMIH26401,거래전문회원의종목거래내역(주식시장),DATA,2,트랜잭션코드,TRANSACTION_ / CODE,String,11,,TCSMIH26401,
청산결제,TCSMIH26401,TCSMIH26401,거래전문회원의종목거래내역(주식시장),DATA,3,전송일자,TRANSMIT_DATE,String,8,,YYYYMMDD,
청산결제,TCSMIH26401,TCSMIH26401,거래전문회원의종목거래내역(주식시장),DATA,4,전문완료여부,EMSG_COMPLT_YN,String,1,,"Y:전송완료, N:전송중",
청산결제,TCSMIH26401,TCSMIH26401,거래전문회원의종목거래내역(주식시장),DATA,5,시장ID,MKT_ID,String,3,,별첨-KRX 차세대 상품 ID체계 참고,변경
청산결제,TCSMIH26401,TCSMIH26401,거래전문회원의종목거래내역(주식시장),DATA,6,증권그룹ID,SECURITIES GROUP_ / IDENTIFICATION,String,2,,별첨-KRX 차세대 상품 ID체계 참고,
청산결제,TCSMIH26401,TCSMIH26401,거래전문회원의종목거래내역(주식시장),DATA,7,회원번호,MEMBER_NUMBER,String,5,,,
청산결제,TCSMIH26401,TCSMIH26401,거래전문회원의종목거래내역(주식시장),DATA,8,거래전문회원번호,NON CLREARING MEMBER_NUMBER,String,5,,,
청산결제,TCSMIH26401,TCSMIH26401,거래전문회원의종목거래내역(주식시장),DATA,9,종목코드,ISSUE_CODE,String,12,,현물/파생/채권/REPO 통합상품의 종목 코드(ISIN종목코드),
청산결제,TCSMIH26401,TCSMIH26401,거래전문회원의종목거래내역(주식시장),DATA,10,매도거래량,ASK TRADING VOLUMN,Long,10,,단위:주,
청산결제,TCSMIH26401,TCSMIH26401,거래전문회원의종목거래내역(주식시장),DATA,11,매수거래량,BID TRADING VOLUMN,Long,10,,단위:주,
청산결제,TCSMIH26401,TCSMIH26401,거래전문회원의종목거래내역(주식시장),DATA,12,매도거래대금,ASK TRADING  / VALUE,Float,22,,단위:원,
청산결제,TCSMIH26401,TCSMIH26401,거래전문회원의종목거래내역(주식시장),DATA,13,매수거래대금,BID TRADING / VALUE,Float,22,,단위:원,
청산결제,TCSMIH26401,TCSMIH26401,거래전문회원의종목거래내역(주식시장),DATA,14,필러값,FILLER_VALUE,String,1078,,,
청산결제,TCSMIH26801,TCSMIH26801,"접속세션이용료(주식,파생시장)",DATA,1,메세지일련번호,MSG_SEQ,Long,11,,,
청산결제,TCSMIH26801,TCSMIH26801,"접속세션이용료(주식,파생시장)",DATA,2,트랜잭션코드,TR_CD,String,11,,TCSMIH26801,
청산결제,TCSMIH26801,TCSMIH26801,"접속세션이용료(주식,파생시장)",DATA,3,전송일자,TRNSM_DD,String,8,,YYYYMMDD,
청산결제,TCSMIH26801,TCSMIH26801,"접속세션이용료(주식,파생시장)",DATA,4,전문완료여부,EMSG_COMPLT_YN,String,1,,"Y:전송완료, N:전송중",
청산결제,TCSMIH26801,TCSMIH26801,"접속세션이용료(주식,파생시장)",DATA,5,회원프로세스이용료구분코드,PROCS_UTILFEE_TP_CD,String,1,,1: 프로세스이용료  / 2: DropCopy이용료,
청산결제,TCSMIH26801,TCSMIH26801,"접속세션이용료(주식,파생시장)",DATA,6,시장ID,MKT_ID,String,3,,별첨-KRX 차세대 상품 ID체계 참고,변경
청산결제,TCSMIH26801,TCSMIH26801,"접속세션이용료(주식,파생시장)",DATA,7,회원번호,MBR_NO,String,5,,,
청산결제,TCSMIH26801,TCSMIH26801,"접속세션이용료(주식,파생시장)",DATA,8,거래전문회원번호,NCLR_MBR_NO_1,String,5,,,
청산결제,TCSMIH26801,TCSMIH26801,"접속세션이용료(주식,파생시장)",DATA,9,결제일자,SETL_DD,String,8,,YYYYMMDD,
청산결제,TCSMIH26801,TCSMIH26801,"접속세션이용료(주식,파생시장)",DATA,10,프로세스이용료,PROCS_UTILFEE,Float,22,,기본프로세스이용료 + 추가프로세스이용료 + 추가징수분 + 환급분,
청산결제,TCSMIH26801,TCSMIH26801,"접속세션이용료(주식,파생시장)",DATA,11,기본프로세스이용료,BAS_PROCS_UTILFEE,Float,22,,익월분 기본 프로세스 이용료,
청산결제,TCSMIH26801,TCSMIH26801,"접속세션이용료(주식,파생시장)",DATA,12,추가프로세스이용료,ADD_PROCS_UTILFEE,Float,22,,익월분 추가 프로세스 이용료,
청산결제,TCSMIH26801,TCSMIH26801,"접속세션이용료(주식,파생시장)",DATA,13,추가징수분,ADD_COLLCT_PROCS_UTILFEE,Float,22,,당월분 프로세스 이용료 추가징수분,
청산결제,TCSMIH26801,TCSMIH26801,"접속세션이용료(주식,파생시장)",DATA,14,환급분,REFND_PROCS_UTILFEE,Float,22,,당월분 프로세스 이용료환급분,
청산결제,TCSMIH26801,TCSMIH26801,"접속세션이용료(주식,파생시장)",DATA,15,필러값,FILR_VAL,String,1037,,,
청산결제,TCSMIH27001,TCSMIH27001,회원별페일확정정보(주식시장),DATA,1,메세지일련번호,MESSAGE_SEQUENCE NUMBER,Long,11,,,
청산결제,TCSMIH27001,TCSMIH27001,회원별페일확정정보(주식시장),DATA,2,트랜잭션코드,TRANSACTION_CODE,String,11,,TCSMIH27001,
청산결제,TCSMIH27001,TCSMIH27001,회원별페일확정정보(주식시장),DATA,3,전송일자,TRANSMIT_DATE,String,8,,YYYYMMDD,
청산결제,TCSMIH27001,TCSMIH27001,회원별페일확정정보(주식시장),DATA,4,거래일자,TRADING_DATE,String,8,,YYYYMMDD,
청산결제,TCSMIH27001,TCSMIH27001,회원별페일확정정보(주식시장),DATA,5,결제일자,SETTLEMENT_DATE,String,8,,YYYYMMDD,
청산결제,TCSMIH27001,TCSMIH27001,회원별페일확정정보(주식시장),DATA,6,전문완료여부,EMSG_COMPLT_YN,String,1,,"Y:전송완료, N:전송중",
청산결제,TCSMIH27001,TCSMIH27001,회원별페일확정정보(주식시장),DATA,7,회원번호,MEMBER_NUMBER,String,5,,,
청산결제,TCSMIH27001,TCSMIH27001,회원별페일확정정보(주식시장),DATA,8,시장ID,MARKET_IDENTIFICATION,String,3,,별첨-KRX 차세대 상품 ID체계 참고,
청산결제,TCSMIH27001,TCSMIH27001,회원별페일확정정보(주식시장),DATA,9,증권그룹ID,SECURITIES GROUP_IDENTIFICATION,String,2,,별첨-KRX 차세대 상품 ID체계 참고,
청산결제,TCSMIH27001,TCSMIH27001,회원별페일확정정보(주식시장),DATA,10,종목코드,ISSUE_CODE,String,12,,현물/파생/채권/REPO 통합상품의 종목 코드(ISIN종목코드),
청산결제,TCSMIH27001,TCSMIH27001,회원별페일확정정보(주식시장),DATA,11,위탁자기구분코드,TRUST PRINCIPAL TYPE CODE,String,2,,1)현물 / 10 위탁매매 / 30 자기매매 /  / 2)파생상품 /   11 위탁거래 /   12 위탁주선거래 /   13 회원의 위탁거래  /   31 호가입력회원의 자기거래 /   32 비회원의 자기거래 /  / 3)채권 / 10 위탁매매 / 30 자기매매 / 33 매도대행사 반대매도,
청산결제,TCSMIH27001,TCSMIH27001,회원별페일확정정보(주식시장),DATA,12,결제포지션코드,SETTLEMENT_POSITION_CODE,String,1,,"0:입고(회원사 => 거래소),  / 1:출고(회원사 <= 거래소)",
청산결제,TCSMIH27001,TCSMIH27001,회원별페일확정정보(주식시장),DATA,13,결제페일수량,SETTLEMENT_FAIL_QUANTITY,Long,15,,"단위:주,좌",
청산결제,TCSMIH27001,TCSMIH27001,회원별페일확정정보(주식시장),DATA,14,페일누적일수,FAIL_ACCUMULATION_DAYS,Long,3,,,
청산결제,TCSMIH27001,TCSMIH27001,회원별페일확정정보(주식시장),DATA,15,필러값,FILLER_VALUE,String,1110,,,
청산결제,TCSMIH27101,TCSMIH27101,회원별이연결제대금정보(주식시장),DATA,1,메세지일련번호,MESSAGE_SEQUENCE NUMBER,Long,11,,,
청산결제,TCSMIH27101,TCSMIH27101,회원별이연결제대금정보(주식시장),DATA,2,트랜잭션코드,TRANSACTION_CODE,String,11,,TCSMIH27101,
청산결제,TCSMIH27101,TCSMIH27101,회원별이연결제대금정보(주식시장),DATA,3,전송일자,TRANSMIT_DATE,String,8,,YYYYMMDD (당일),
청산결제,TCSMIH27101,TCSMIH27101,회원별이연결제대금정보(주식시장),DATA,4,결제일자,SETTLEMENT_DATE,String,8,,YYYYMMDD (당일),
청산결제,TCSMIH27101,TCSMIH27101,회원별이연결제대금정보(주식시장),DATA,5,전문완료여부,EMSG_COMPLT_YN,String,1,,"Y:전송완료, N:전송중",
청산결제,TCSMIH27101,TCSMIH27101,회원별이연결제대금정보(주식시장),DATA,6,회원번호,MEMBER_NUMBER,String,5,,,
청산결제,TCSMIH27101,TCSMIH27101,회원별이연결제대금정보(주식시장),DATA,7,시장ID,MKT_ID,String,3,,별첨-KRX 차세대 상품 ID체계 참고 / 회원별 합계 송신 시 : '000',
청산결제,TCSMIH27101,TCSMIH27101,회원별이연결제대금정보(주식시장),DATA,8,증권그룹ID,SECUGRP_ID,String,2,,별첨-KRX 차세대 상품 ID체계 참고 / 회원별 합계 송신 시 : '00',
청산결제,TCSMIH27101,TCSMIH27101,회원별이연결제대금정보(주식시장),DATA,9,종목코드,ISU_CD,String,12,,회원별 합계 송신 시 : 'KR9999999999',
청산결제,TCSMIH27101,TCSMIH27101,회원별이연결제대금정보(주식시장),DATA,10,위탁자기구분코드,TRUST PRINCIPAL TYPE CODE,String,2,,1)현물 / 10 위탁매매 / 30 자기매매 /  / 2)파생상품 /   11 위탁거래 /   12 위탁주선거래 /   13 회원의 위탁거래  /   31 호가입력회원의 자기거래 /   32 비회원의 자기거래 /  / 3)채권 / 10 위탁매매 / 30 자기매매 / 33 매도대행사 반대매도,
청산결제,TCSMIH27101,TCSMIH27101,회원별이연결제대금정보(주식시장),DATA,11,결제페일수량,SETL FAIL QTY,Long,15,,회원별 합계 송신 시 : 0,
청산결제,TCSMIH27101,TCSMIH27101,회원별이연결제대금정보(주식시장),DATA,12,종가,CLSPRC,Long,12,,회원별 합계 송신 시 : 0,
청산결제,TCSMIH27101,TCSMIH27101,회원별이연결제대금정보(주식시장),DATA,13,이연결제대금,CONTIONUOUS NET SETTLEMENT AMOUNT,Long,22,,> 0,
청산결제,TCSMIH27101,TCSMIH27101,회원별이연결제대금정보(주식시장),DATA,14,이연결제대금결제포지션,CONTIONUOUS NET SETTLEMENT AMOUNT SETTLEMENT POSITION,String,1,,"1:입금(회원사 => 거래소),  / 2:출금(회원사 <= 거래소)",
청산결제,TCSMIH27101,TCSMIH27101,회원별이연결제대금정보(주식시장),DATA,15,필러값,FILLER_VALUE,String,1087,,,
청산결제,TCSMIH28101,TCSMIH28101,국채전문유통시장차감결제내역,DATA,1,메세지일련번호,MESSAGE_SEQUENCE NUMBER,Long,11,,,
청산결제,TCSMIH28101,TCSMIH28101,국채전문유통시장차감결제내역,DATA,2,트랜잭션코드,TRANSACTION_CODE,String,11,,TCSMIH28101,
청산결제,TCSMIH28101,TCSMIH28101,국채전문유통시장차감결제내역,DATA,3,전송일자,TRANSMIT_DATE,String,8,,YYYYMMDD,
청산결제,TCSMIH28101,TCSMIH28101,국채전문유통시장차감결제내역,DATA,4,전문완료여부,EMSG_COMPLT_YN,String,1,,"Y:전송완료, N:전송중",
청산결제,TCSMIH28101,TCSMIH28101,국채전문유통시장차감결제내역,DATA,5,결제일자,SETTLEMENT_DATE,String,8,,YYYYMMDD,
청산결제,TCSMIH28101,TCSMIH28101,국채전문유통시장차감결제내역,DATA,6,결제번호,SETTLEMENT_NUMBER,String,10,,,
청산결제,TCSMIH28101,TCSMIH28101,국채전문유통시장차감결제내역,DATA,7,DVP단계,DVP_STEP,String,2,,"00 : 해당없음, 01 : 1단계, 02 : 2단계",
청산결제,TCSMIH28101,TCSMIH28101,국채전문유통시장차감결제내역,DATA,8,회원번호,MEMBER_NUMBER,String,5,,,
청산결제,TCSMIH28101,TCSMIH28101,국채전문유통시장차감결제내역,DATA,9,종목코드,ISSUE_CODE,String,12,,현물/파생/채권/REPO 통합상품의 종목 코드(ISIN종목코드),
청산결제,TCSMIH28101,TCSMIH28101,국채전문유통시장차감결제내역,DATA,10,차감납부수량,DEDUCTION_PAYMENT_QUANTITY,Float,22,,단위:원(납부수량>수령수량),
청산결제,TCSMIH28101,TCSMIH28101,국채전문유통시장차감결제내역,DATA,11,차감수령수량,DEDUCTION_RECEIVE_QUANTITY,Float,22,,단위:원(납부수량<수령수량),
청산결제,TCSMIH28101,TCSMIH28101,국채전문유통시장차감결제내역,DATA,12,차감납부대금,DEDUCTION_PAYMENT_MONEY,Float,22,,단위:원(납부대금>수령대금),
청산결제,TCSMIH28101,TCSMIH28101,국채전문유통시장차감결제내역,DATA,13,차감수령대금,DEDUCTION_RECEIVE_MONEY,Float,22,,단위:원(납부대금<수령대금),
청산결제,TCSMIH28101,TCSMIH28101,국채전문유통시장차감결제내역,DATA,14,DVP결제제외여부,DVP_SETTLEMENT_EXCLUDE_YES OR NO,String,2,,"01:DVP결제, 02:DVP결제 제외(FOS)",
청산결제,TCSMIH28101,TCSMIH28101,국채전문유통시장차감결제내역,DATA,15,위탁자기통합구분코드,TRST_PRINC_INTEG_TP_CD,String,2,,"01:자기, 02:위탁, 03:신탁",
청산결제,TCSMIH28101,TCSMIH28101,국채전문유통시장차감결제내역,DATA,16,필러값,FILLER_VALUE,String,1040,,,
청산결제,TCSMIH27201,TCSMIH27201,Buy-in실행정보,DATA,1,메세지일련번호,MESSAGE_SEQUENCE NUMBER,Long,11,,,
청산결제,TCSMIH27201,TCSMIH27201,Buy-in실행정보,DATA,2,트랜잭션코드,TRACSACTION_CODE,String,11,,TCSMIH27201,
청산결제,TCSMIH27201,TCSMIH27201,Buy-in실행정보,DATA,3,전송일자,TRANSMIT_DATE,String,8,,YYYYMMDD,
청산결제,TCSMIH27201,TCSMIH27201,Buy-in실행정보,DATA,4,전문완료여부,EMSG_COMPLT_YN,String,1,,"Y:전송완료, N:전송중",
청산결제,TCSMIH27201,TCSMIH27201,Buy-in실행정보,DATA,5,Buy-in구분완료여부,BUYIN_TYPE_COMPLT_YN,String,1,,"Y:전송완료, N:전송중",
청산결제,TCSMIH27201,TCSMIH27201,Buy-in실행정보,DATA,6,Buy-in구분코드,BUYIN_TYPE_CODE,String,1,,"1: 일반 Buy-in, 2: 당일 Buy-in",
청산결제,TCSMIH27201,TCSMIH27201,Buy-in실행정보,DATA,7,거래일자,TRADING_DATE,String,8,,YYYYMMDD,
청산결제,TCSMIH27201,TCSMIH27201,Buy-in실행정보,DATA,8,결제일자,SETTLEMENT_DATE,String,8,,YYYYMMDD,
청산결제,TCSMIH27201,TCSMIH27201,Buy-in실행정보,DATA,9,회원번호,MEMBER_NUMBER,String,5,,,
청산결제,TCSMIH27201,TCSMIH27201,Buy-in실행정보,DATA,10,시장ID,MARKET_IDENTIFICATION,String,3,,별첨-KRX 차세대 상품 ID체계 참고,
청산결제,TCSMIH27201,TCSMIH27201,Buy-in실행정보,DATA,11,증권그룹ID,SECURITIES GROUP_IDENTIFICATION,String,2,,별첨-KRX 차세대 상품 ID체계 참고,
청산결제,TCSMIH27201,TCSMIH27201,Buy-in실행정보,DATA,12,종목코드,ISSUE_CODE,String,12,,현물/파생/채권/REPO 통합상품의 종목 코드(ISIN종목코드),
청산결제,TCSMIH27201,TCSMIH27201,Buy-in실행정보,DATA,13,위탁자기구분코드,TRUST_PRINCIPAL_TYPE_CODE,String,2,,1)현물 / 10 위탁매매 / 30 자기매매 /  / 2)파생상품 /   11 위탁거래 /   12 위탁주선거래 /   13 회원의 위탁거래  /   31 호가입력회원의 자기거래 /   32 비회원의 자기거래 /  / 3)채권 / 10 위탁매매 / 30 자기매매 / 33 매도대행사 반대매도,
청산결제,TCSMIH27201,TCSMIH27201,Buy-in실행정보,DATA,14,Buy-in 실행수량,BUYIN_TOTAL_QUANTITY,Long,15,,해당 종목의 위탁.자기 각각 Buy-in실행 수량 합계,
청산결제,TCSMIH27201,TCSMIH27201,Buy-in실행정보,DATA,15,Buy-in 매수 주문수량,BUYIN_BID_ORDER_QUANTITY,Long,15,,"페일회원:수량표시, 그외회원:0",
청산결제,TCSMIH27201,TCSMIH27201,Buy-in실행정보,DATA,16,FILLER,FILLER_VALUE,String,1097,,,
청산결제,TCSMIH27301,TCSMIH27301,Buy-in회원별결제수량,DATA,1,메세지일련번호,MESSAGE_SESUENCE NUMBER,Long,11,,,
청산결제,TCSMIH27301,TCSMIH27301,Buy-in회원별결제수량,DATA,2,트랜잭션코드,TRANSACTION_CODE,String,11,,TCSMIH27301,
청산결제,TCSMIH27301,TCSMIH27301,Buy-in회원별결제수량,DATA,3,전송일자,TRANSMIT_DATE,String,8,,YYYYMMDD (데이타생성일자),
청산결제,TCSMIH27301,TCSMIH27301,Buy-in회원별결제수량,DATA,4,전문완료여부,EMSG_COMPLT_YN,String,1,,"Y:전송완료, N:전송중",
청산결제,TCSMIH27301,TCSMIH27301,Buy-in회원별결제수량,DATA,5,Buy-in구분완료여부,BUYIN_TYPE_COMPLT_YN,String,1,,"Y:전송완료, N:전송중",
청산결제,TCSMIH27301,TCSMIH27301,Buy-in회원별결제수량,DATA,6,시장ID,MARKET_IDENTIFICATION,String,3,,별첨-KRX 차세대 상품 ID체계 참고,
청산결제,TCSMIH27301,TCSMIH27301,Buy-in회원별결제수량,DATA,7,증권그룹ID,SECURITIES GROUP_IDENTIFICATION,String,2,,별첨-KRX 차세대 상품 ID체계 참고,
청산결제,TCSMIH27301,TCSMIH27301,Buy-in회원별결제수량,DATA,8,결제회원구분,CLEARING MEMBER_TYPE,String,1,,1:거래전문회원이 없는 결제회원(자기분만 결제) / 2:거래전문회원이 있는 결제회원(거래전문회원합산결제) / 3:거래전문회원,
청산결제,TCSMIH27301,TCSMIH27301,Buy-in회원별결제수량,DATA,9,회원번호,MEMBER_NUMBER,String,5,,,
청산결제,TCSMIH27301,TCSMIH27301,Buy-in회원별결제수량,DATA,10,거래일자,TRADING_DATE,String,8,,YYYYMMDD,
청산결제,TCSMIH27301,TCSMIH27301,Buy-in회원별결제수량,DATA,11,결제일자,SETTLEMENT_DATE,String,8,,YYYYMMDD,
청산결제,TCSMIH27301,TCSMIH27301,Buy-in회원별결제수량,DATA,12,Buy-in 구분코드,BUYIN_TYPE_CODE,String,1,,"1: 일반 Buy-in, 2: 당일 Buy-in",
청산결제,TCSMIH27301,TCSMIH27301,Buy-in회원별결제수량,DATA,13,종목코드,ISSUE_CODE,String,12,,현물/파생/채권/REPO 통합상품의 종목 코드(ISIN종목코드),
청산결제,TCSMIH27301,TCSMIH27301,Buy-in회원별결제수량,DATA,14,위탁차감매도수량,TRUST_DECUCTION_ASK_QUANTITY,Long,15,,위탁매도수량 > 위탁매수수량,
청산결제,TCSMIH27301,TCSMIH27301,Buy-in회원별결제수량,DATA,15,위탁차감매수수량,TRUST_DECUCTION_BID_QUANTITY,Long,15,,위탁매도수량 < 위탁매수수량,
청산결제,TCSMIH27301,TCSMIH27301,Buy-in회원별결제수량,DATA,16,상품차감매도수량,PRINCIPAL_DECUCTION_ASK_QUANTITY,Long,15,,상품매도수량 > 상품매수수량,
청산결제,TCSMIH27301,TCSMIH27301,Buy-in회원별결제수량,DATA,17,상품차감매수수량,PRINCIPAL_DECUCTION_BID_QUANTITY,Long,15,,상품매도수량 < 상품매수수량,
청산결제,TCSMIH27301,TCSMIH27301,Buy-in회원별결제수량,DATA,18,총차감매도수량,TOTAL_DEDUCTION_ASK_QUANTITY,Long,15,,총매도수량 > 총매수수량,
청산결제,TCSMIH27301,TCSMIH27301,Buy-in회원별결제수량,DATA,19,총차감매수수량,TOTAL_DEDUCTION_BID_QUANTITY,Long,15,,총매도수량 < 총매수수량,
청산결제,TCSMIH27301,TCSMIH27301,Buy-in회원별결제수량,DATA,20,FILLER,FILLER_VALUE,String,1038,,,
청산결제,TCSMIH27401,TCSMIH27401,Buy-in회원별결제대금,DATA,1,메세지일련번호,MESSAGE_SESUENCE NUMBER,Long,11,,,
청산결제,TCSMIH27401,TCSMIH27401,Buy-in회원별결제대금,DATA,2,트랜잭션코드,TRANSACTION_CODE,String,11,,TCSMIH27401,
청산결제,TCSMIH27401,TCSMIH27401,Buy-in회원별결제대금,DATA,3,전송일자,TRANSMIT_DATE,String,8,,YYYYMMDD,
청산결제,TCSMIH27401,TCSMIH27401,Buy-in회원별결제대금,DATA,4,전문완료여부,EMSG_COMPLT_YN,String,1,,"Y:전송완료, N:전송중",
청산결제,TCSMIH27401,TCSMIH27401,Buy-in회원별결제대금,DATA,5,Buy-in구분완료여부,BUYIN_TYPE_COMPLT_YN,String,1,,"Y:전송완료, N:전송중",
청산결제,TCSMIH27401,TCSMIH27401,Buy-in회원별결제대금,DATA,6,결제회원구분,CLEARING MEMBER_TYPE,String,1,,1:거래전문회원이 없는 결제회원(자기분만 결제) / 2:거래전문회원이 있는 결제회원(거래전문회원합산결제) / 3:거래전문회원,
청산결제,TCSMIH27401,TCSMIH27401,Buy-in회원별결제대금,DATA,7,회원번호,MEMBER_NUMBER,String,5,,,
청산결제,TCSMIH27401,TCSMIH27401,Buy-in회원별결제대금,DATA,8,거래일자,TRADING_DATE,String,8,,YYYYMMDD,
청산결제,TCSMIH27401,TCSMIH27401,Buy-in회원별결제대금,DATA,9,결제일자,SETTLEMENT_DATE,String,8,,YYYYMMDD,
청산결제,TCSMIH27401,TCSMIH27401,Buy-in회원별결제대금,DATA,10,Buy-in 구분코드,BUYIN_TYPE_CODE,String,1,,"1: 일반 Buy-in, 2: 당일 Buy-in",
청산결제,TCSMIH27401,TCSMIH27401,Buy-in회원별결제대금,DATA,11,차감매도대금,DEDUCTION_ASK_AMOUNT,Long,22,,누적매도대금 > 누적매수대금,
청산결제,TCSMIH27401,TCSMIH27401,Buy-in회원별결제대금,DATA,12,차감매수대금,DEDUCTION_BID_AMOUNT,Long,22,,누적매도대금 < 누적매수대금,
청산결제,TCSMIH27401,TCSMIH27401,Buy-in회원별결제대금,DATA,13,FILLER,,String,1101,,,
청산결제,TCSMIH27501,TCSMIH27501,차익거래면세한도(주식시장),DATA,1,메세지일련번호,MESSAGE_SEQUENCE NUMBER,Long,11,,메세지일련번호,
청산결제,TCSMIH27501,TCSMIH27501,차익거래면세한도(주식시장),DATA,2,트랜잭션코드,TRACSACTION_CODE,String,11,,TCSMIH27501,
청산결제,TCSMIH27501,TCSMIH27501,차익거래면세한도(주식시장),DATA,3,전송일자,TRANSMIT_DATE,String,8,,YYYYMMDD / 데이터 생성일자,
청산결제,TCSMIH27501,TCSMIH27501,차익거래면세한도(주식시장),DATA,4,전문완료여부,EMSG_COMPLT_YN,String,1,,"Y:전송완료, N:전송중",
청산결제,TCSMIH27501,TCSMIH27501,차익거래면세한도(주식시장),DATA,5,회원번호,MEMBER_NUMBER,String,5,,,
청산결제,TCSMIH27501,TCSMIH27501,차익거래면세한도(주식시장),DATA,6,기본선물코드,BASE FUTURE CODE,String,2,,01:개별주식 / 02:코스피200 / 03:미니코스피200 / 04:코스닥150 / 05:코스닥 개별주식,
청산결제,TCSMIH27501,TCSMIH27501,차익거래면세한도(주식시장),DATA,7,계좌번호,ACCOUNT NUMBER,String,12,,,
청산결제,TCSMIH27501,TCSMIH27501,차익거래면세한도(주식시장),DATA,8,거래일자,TRADING DATE,String,8,,,
청산결제,TCSMIH27501,TCSMIH27501,차익거래면세한도(주식시장),DATA,9,시장ID,MARKET_IDENTIFICATION,String,3,,별첨-KRX 차세대 상품 ID체계 참고,
청산결제,TCSMIH27501,TCSMIH27501,차익거래면세한도(주식시장),DATA,10,증권그룹ID,SECURITIES GROUP_IDENTIFICATION,String,2,,별첨-KRX 차세대 상품 ID체계 참고,
청산결제,TCSMIH27501,TCSMIH27501,차익거래면세한도(주식시장),DATA,11,종목코드,ISSUE_CODE,String,12,,,
청산결제,TCSMIH27501,TCSMIH27501,차익거래면세한도(주식시장),DATA,12,매도거래량,ASK TRADING VOLUMN,Long,10,,회원 기본선물별 계좌별 종목별 거래일자별 매도수량 합계,
청산결제,TCSMIH27501,TCSMIH27501,차익거래면세한도(주식시장),DATA,13,매도거래대금,ASK TRADING VALUE,Float,22,,회원 기본선물별 계좌별 종목별 거래일자별 매도거래대금 합계,
청산결제,TCSMIH27501,TCSMIH27501,차익거래면세한도(주식시장),DATA,14,필러값,FILLER_VALUE,String,1093,,,
청산결제,TCSMIH27601,TCSMIH27601,차익거래면세대상체결(주식시장),DATA,1,메세지일련번호,MESSAGE_SEQUENCE NUMBER,Long,11,,메세지일련번호,
청산결제,TCSMIH27601,TCSMIH27601,차익거래면세대상체결(주식시장),DATA,2,트랜잭션코드,TRACSACTION_CODE,String,11,,TCSMIH27601,
청산결제,TCSMIH27601,TCSMIH27601,차익거래면세대상체결(주식시장),DATA,3,전송일자,TRANSMIT_DATE,String,8,,YYYYMMDD / 데이터 생성일자,
청산결제,TCSMIH27601,TCSMIH27601,차익거래면세대상체결(주식시장),DATA,4,전문완료여부,EMSG_COMPLT_YN,String,1,,"Y:전송완료, N:전송중",
청산결제,TCSMIH27601,TCSMIH27601,차익거래면세대상체결(주식시장),DATA,5,회원번호,MEMBER_NUMBER,String,5,,,
청산결제,TCSMIH27601,TCSMIH27601,차익거래면세대상체결(주식시장),DATA,6,기본선물코드,BASE FUTURE CODE,String,2,,01:개별주식 / 02:코스피200 / 03:미니코스피200 / 04:코스닥150 / 05:코스닥 개별주식,
청산결제,TCSMIH27601,TCSMIH27601,차익거래면세대상체결(주식시장),DATA,7,계좌번호,ACCOUNT NUMBER,String,12,,,
청산결제,TCSMIH27601,TCSMIH27601,차익거래면세대상체결(주식시장),DATA,8,거래일자,TRADING DATE,String,8,,,
청산결제,TCSMIH27601,TCSMIH27601,차익거래면세대상체결(주식시장),DATA,9,시장ID,MARKET_IDENTIFICATION,String,3,,별첨-KRX 차세대 상품 ID체계 참고,
청산결제,TCSMIH27601,TCSMIH27601,차익거래면세대상체결(주식시장),DATA,10,증권그룹ID,SECURITIES GROUP_IDENTIFICATION,String,2,,별첨-KRX 차세대 상품 ID체계 참고,
청산결제,TCSMIH27601,TCSMIH27601,차익거래면세대상체결(주식시장),DATA,11,종목코드,ISSUE_CODE,String,12,,,
청산결제,TCSMIH27601,TCSMIH27601,차익거래면세대상체결(주식시장),DATA,12,보드ID,BOARD_ID,String,2,,별첨_보드ID 매핑 참고,
청산결제,TCSMIH27601,TCSMIH27601,차익거래면세대상체결(주식시장),DATA,13,매도매수구분코드,BID AND ASK_TYPE_CODE,String,1,,"1: 매도, 2: 매수",
청산결제,TCSMIH27601,TCSMIH27601,차익거래면세대상체결(주식시장),DATA,14,체결번호,TRADING_NUMBER,Long,11,,,
청산결제,TCSMIH27601,TCSMIH27601,차익거래면세대상체결(주식시장),DATA,15,체결가격,TRADING_PRICE,Float,11,,,
청산결제,TCSMIH27601,TCSMIH27601,차익거래면세대상체결(주식시장),DATA,16,체결수량,TRADING VOLUMN,Long,10,,,
청산결제,TCSMIH27601,TCSMIH27601,차익거래면세대상체결(주식시장),DATA,17,체결시각,TRADING_TIME,String,9,,HHMMSSsss,
청산결제,TCSMIH27601,TCSMIH27601,차익거래면세대상체결(주식시장),DATA,18,면세수량,TAX FREE QUANTITY,Long,10,,,
청산결제,TCSMIH27601,TCSMIH27601,차익거래면세대상체결(주식시장),DATA,19,면세금액,TAX FREE AMOUNT,Float,22,,,
청산결제,TCSMIH27601,TCSMIH27601,차익거래면세대상체결(주식시장),DATA,20,필러값,FILLER_VALUE,String,1049,,,
청산결제,TCSMIR30101,TCSMIR30101,옵션권리행사(거부)신고및접수통보(파생시장),DATA,1,메세지일련번호,MESSAGE_ / SEQUENCE NUMBER,Long,11,,신고 시 SPACE / 통보 시 적격/부적격 구분없이 번호부여,
청산결제,TCSMIR30101,TCSMIR30101,옵션권리행사(거부)신고및접수통보(파생시장),DATA,2,트랜잭션코드,TRANSACTION_ / CODE,String,11,,TCSMIR30101,
청산결제,TCSMIR30101,TCSMIR30101,옵션권리행사(거부)신고및접수통보(파생시장),DATA,3,전송일자,TRANSMIT_DATE,String,8,,YYYYMMDD,
청산결제,TCSMIR30101,TCSMIR30101,옵션권리행사(거부)신고및접수통보(파생시장),DATA,4,시장ID,MARKET_ / IDENTIFICATION,String,3,,별첨-KRX 차세대 상품 ID체계 참고,
청산결제,TCSMIR30101,TCSMIR30101,옵션권리행사(거부)신고및접수통보(파생시장),DATA,5,증권그룹ID,SECURITIES  / GROUP_ / IDENTIFICATION,String,2,,"FU:선물, OP:옵션, FX:FLEX",
청산결제,TCSMIR30101,TCSMIR30101,옵션권리행사(거부)신고및접수통보(파생시장),DATA,6,기초자산코드,UNDERLYING ASSET_CODE,String,2,,1,
청산결제,TCSMIR30101,TCSMIR30101,옵션권리행사(거부)신고및접수통보(파생시장),DATA,7,회원번호,MEMBER_NUMBER,String,5,,,
청산결제,TCSMIR30101,TCSMIR30101,옵션권리행사(거부)신고및접수통보(파생시장),DATA,8,신고시각,DECLARATION_ / TIME,String,8,,HHMMSSss,
청산결제,TCSMIR30101,TCSMIR30101,옵션권리행사(거부)신고및접수통보(파생시장),DATA,9,거부코드,REJECTED_CODE,String,2,,별첨-TR별 참조내용 참고,
청산결제,TCSMIR30101,TCSMIR30101,옵션권리행사(거부)신고및접수통보(파생시장),DATA,10,계좌번호,ACCOUNT_NUMBER,String,12,,,
청산결제,TCSMIR30101,TCSMIR30101,옵션권리행사(거부)신고및접수통보(파생시장),DATA,11,종목코드,ISSUE_CODE,String,12,,현물/파생/채권/REPO 통합상품의 종목 코드(ISIN종목코드),
청산결제,TCSMIR30101,TCSMIR30101,옵션권리행사(거부)신고및접수통보(파생시장),DATA,12,매수미결제약정수량,ASK_OPEN INTEREST_ / QUANTITY,Long,10,,단위:계약,
청산결제,TCSMIR30101,TCSMIR30101,옵션권리행사(거부)신고및접수통보(파생시장),DATA,13,권리행사신고유형코드,EXERCISE_ / DECLARATION_ / TYPE_CODE,String,1,,"A:권리행사, B:권리행사 취소, C:행사거부,  / D:행사거부 취소",
청산결제,TCSMIR30101,TCSMIR30101,옵션권리행사(거부)신고및접수통보(파생시장),DATA,14,권리행사신고수량,DECLARATION_ / QUANTITY,Long,10,,"단위:계약, 권리행사 또는 거부수량",
청산결제,TCSMIR30101,TCSMIR30101,옵션권리행사(거부)신고및접수통보(파생시장),DATA,15,회원사용영역,MEMBER_USER_ / AREA,String,60,,,
청산결제,TCSMIR30401,TCSMIR30401,구분착오정정신고및접수통보(파생시장),DATA,1,메세지일련번호,MESSAGE_ / SEQUENCE NUMBER,Long,11,,신고 시 SPACE / 통보 시 적격/부적격 구분없이 번호부여,
청산결제,TCSMIR30401,TCSMIR30401,구분착오정정신고및접수통보(파생시장),DATA,2,트랜잭션코드,TRANSACTION_ / CODE,String,11,,TCSMIR30401,
청산결제,TCSMIR30401,TCSMIR30401,구분착오정정신고및접수통보(파생시장),DATA,3,전송일자,TRANSMIT_DATE,String,8,,YYYYMMDD,
청산결제,TCSMIR30401,TCSMIR30401,구분착오정정신고및접수통보(파생시장),DATA,4,시장ID,MKT_ID,String,3,,별첨-KRX 차세대 상품 ID체계 참고,변경
청산결제,TCSMIR30401,TCSMIR30401,구분착오정정신고및접수통보(파생시장),DATA,5,회원번호,MEMBER_NUMBER,String,5,,,
청산결제,TCSMIR30401,TCSMIR30401,구분착오정정신고및접수통보(파생시장),DATA,6,신고시각,DECLARATION_ / TIME,String,8,,HHMMSSss,
청산결제,TCSMIR30401,TCSMIR30401,구분착오정정신고및접수통보(파생시장),DATA,7,구분착오정정거부사유코드,TYPE_ERROR_ / MODIFICATION_ / REJECTED_ / REASON_CODE,String,2,,별첨-TR별 참조내용 참고,
청산결제,TCSMIR30401,TCSMIR30401,구분착오정정신고및접수통보(파생시장),DATA,8,계좌번호,ACCOUNT_NUMBER,String,12,,,
청산결제,TCSMIR30401,TCSMIR30401,구분착오정정신고및접수통보(파생시장),DATA,9,신고입력구분코드,DECLARATION_ / INPUT_TYPE_ / CODE,String,1,,"1:신고, 2:취소",
청산결제,TCSMIR30401,TCSMIR30401,구분착오정정신고및접수통보(파생시장),DATA,10,위탁자기구분코드,TRUST_ / PRINCIPAL_ / TYPE_CODE,String,2,,1)현물 / 10 위탁매매 / 30 자기매매 /  / 2)파생상품 /   11 위탁거래 /   12 위탁주선거래 /   13 회원의 위탁거래  /   31 호가입력회원의 자기거래 /   32 비회원의 자기거래 /  / 3)채권 / 10 위탁매매 / 30 자기매매 / 33 매도대행사 반대매도,
청산결제,TCSMIR30401,TCSMIR30401,구분착오정정신고및접수통보(파생시장),DATA,11,국가코드,COUNTRY_CODE,String,3,,"* 국가코드표 참조 ISO3166-1적용 (Number-3) 없으면 거부 /   - ISO에 없는 코드 추가 : 997, 998, 999 (대한민국국민인해외영주권자, 국제기구, 기타) /   - 기존코드에는 분류되어 있으나 ISO에는 구분없는 코드 신규 생성 : 991, 992 (말레이지아 라부안, 채널아일랜드) /  / * 정정, 취소호가는 SPACE로 입력",
청산결제,TCSMIR30401,TCSMIR30401,구분착오정정신고및접수통보(파생시장),DATA,12,투자자구분코드,INVESTOR_ / TYPE_CODE,String,4,,"1000 금융투자회사 / 2000 보험회사 / 3000 자산운용회사 및 투자회사 / 3100 사모펀드 / 4000 은행 (자산운용회사의 신탁재산은 자산운용회사로 분류) / 5000 기타금융 / 6000 연금, 기금 및 공제회 / 7000 국가, 지자체 국제기구 및 공익기관 / 7100 기타법인 / 8000 개인 /  / * 7100 : 기존 7000번 분류를 세분화하여 추가확정  / * 파생 : 3100 사용불가 /   --> 기타 투자자분류코드(예 : 3000, 7100 등)에 맞게 입력함 / * 정정, 취소호가는 SPACE로 입",
청산결제,TCSMIR30401,TCSMIR30401,구분착오정정신고및접수통보(파생시장),DATA,13,외국인투자자구분코드,FOREIGN  / INVESTOR_TYPE_ / CODE,String,2,,"1) 현물 / 00 외국인아님 / (10 외국인(거주)) /   11 식별번호 있는 외국인 (거주) /   12 식별번호 없는 외국인 (거주) / (20 외국인(비거주)) /   21 식별번호 있는 외국인 (비거주) /   22 식별번호 없는 외국인 (비거주) /  / 2) 파생상품 / 00 외국인아님 / 10 외국인(거주) / 20 외국인(비거주) /  / * 정정, 취소호가는 SPACE로 입력 / * 정정의 경우 원호가의 정보와 동일한 것으로 인정함",
청산결제,TCSMIR30401,TCSMIR30401,구분착오정정신고및접수통보(파생시장),DATA,14,회원사용영역,MEMBER_USER_ / AREA,String,60,,,
청산결제,TCSMIR30501,TCSMIR30501,착오거래정정신고및접수/승인통보(주식·파생시장),DATA,1,메세지일련번호,MSG_SEQ,Long,11,,신고 시 SPACE / 통보 시 적격/부적격 구분없이 번호부여,
청산결제,TCSMIR30501,TCSMIR30501,착오거래정정신고및접수/승인통보(주식·파생시장),DATA,2,트랜잭션코드,TR_CD,String,11,,TCSMIR30501,
청산결제,TCSMIR30501,TCSMIR30501,착오거래정정신고및접수/승인통보(주식·파생시장),DATA,3,전송일자,TRNSM_DD,String,8,,YYYYMMDD,
청산결제,TCSMIR30501,TCSMIR30501,착오거래정정신고및접수/승인통보(주식·파생시장),DATA,4,시장ID,MKT_ID,String,3,,별첨-KRX 차세대 상품 ID체계 참고,변경
청산결제,TCSMIR30501,TCSMIR30501,착오거래정정신고및접수/승인통보(주식·파생시장),DATA,5,회원번호,MBR_NO,String,5,,,
청산결제,TCSMIR30501,TCSMIR30501,착오거래정정신고및접수/승인통보(주식·파생시장),DATA,6,신고시각,IF_DECL_TM,String,8,,HHMMSSss,
청산결제,TCSMIR30501,TCSMIR30501,착오거래정정신고및접수/승인통보(주식·파생시장),DATA,7,착오거래정정거부사유코드,ERR_TRDCORRCT_REJ_RSN_CD,String,2,,별첨-TR별 참조내용 참고,변경
청산결제,TCSMIR30501,TCSMIR30501,착오거래정정신고및접수/승인통보(주식·파생시장),DATA,8,거래일자,TRD_DD,String,8,,YYYYMMDD,
청산결제,TCSMIR30501,TCSMIR30501,착오거래정정신고및접수/승인통보(주식·파생시장),DATA,9,신고입력구분코드,DECL_INPUT_TP_CD,String,1,,"1:신규, 2:취소",
청산결제,TCSMIR30501,TCSMIR30501,착오거래정정신고및접수/승인통보(주식·파생시장),DATA,10,종목코드,ISU_CD,String,12,,현물/파생/채권/REPO 통합상품의 종목 코드(ISIN종목코드),
청산결제,TCSMIR30501,TCSMIR30501,착오거래정정신고및접수/승인통보(주식·파생시장),DATA,11,보드ID,BRD_ID,String,2,,별첨_보드ID 매핑 참고,
청산결제,TCSMIR30501,TCSMIR30501,착오거래정정신고및접수/승인통보(주식·파생시장),DATA,12,체결번호,STR_TRDCORRCT_TRD_NO,Long,11,,,
청산결제,TCSMIR30501,TCSMIR30501,착오거래정정신고및접수/승인통보(주식·파생시장),DATA,13,착오거래정정그룹번호,STR_TRDCORRCT_GRP_NO,Long,5,,미사용(입력해도 무시),
청산결제,TCSMIR30501,TCSMIR30501,착오거래정정신고및접수/승인통보(주식·파생시장),DATA,14,그룹별착오거래정정신청건수,STR_BYGRP_TRDCORRCT_APPL_CNT,Long,4,,미사용(입력해도 무시),
청산결제,TCSMIR30501,TCSMIR30501,착오거래정정신고및접수/승인통보(주식·파생시장),DATA,15,매도매수구분코드,ASKBID_TP_CD,String,1,,"1:매도, 2:매수",
청산결제,TCSMIR30501,TCSMIR30501,착오거래정정신고및접수/승인통보(주식·파생시장),DATA,16,거래정정후위탁계좌번호,AFTRDCORRCT_TRST_ACNT_NO,String,12,,,
청산결제,TCSMIR30501,TCSMIR30501,착오거래정정신고및접수/승인통보(주식·파생시장),DATA,17,거래정정후위탁구분코드,AFTRDCORRCT_TRST_TP_CD,String,2,,주식시장 /  10:위탁매매 /  / 파생시장 /  11:위탁거래 /  12:위탁주선거래 /  13:회원의위탁거래,
청산결제,TCSMIR30501,TCSMIR30501,착오거래정정신고및접수/승인통보(주식·파생시장),DATA,18,거래정정후위탁국가코드,AFTRDCORRCT_TRST_CNTR_CD,String,3,,별첨-국가코드 매핑 참고,
청산결제,TCSMIR30501,TCSMIR30501,착오거래정정신고및접수/승인통보(주식·파생시장),DATA,19,거래정정후위탁투자자구분코드,AFTRDCORRCT_TRST_INVST_TP_CD,String,4,,"1000 금융투자업자 / 2000 보험 / 3000 집합투자기구 / 3100 사모집합투자기구 / 4000 은행 / 5000 기타금융기관 / 6000 연기금 / 7000 국가, 지자체, 국제기구 및 공익기관 / 7100 기타법인 / 8000 개인",
청산결제,TCSMIR30501,TCSMIR30501,착오거래정정신고및접수/승인통보(주식·파생시장),DATA,20,거래정정후위탁외국인투자자구분코드,AFTRDCORRCT_TRST_FORNINVST_CD,String,2,,"주식시장 /  00:외국인 아님 /   11 식별번호 있는 외국인 (거주) /   12 식별번호 없는 외국인 (거주)  /   21 식별번호 있는 외국인 (비거주) /   22 식별번호 없는 외국인 (비거주) /  / 파생시장 /  00:외국인 아님,  /  10:외국인(거주),  /  20:외국인(비거주)",
청산결제,TCSMIR30501,TCSMIR30501,착오거래정정신고및접수/승인통보(주식·파생시장),DATA,21,거래정정후위탁체결수량,STR_AFTRDCORRCT_TRST_TRDVOL,Long,10,,"단위:주,계약",
청산결제,TCSMIR30501,TCSMIR30501,착오거래정정신고및접수/승인통보(주식·파생시장),DATA,22,거래정정후위탁사번호,AFTRDCORRCT_TRSTCOM_NO,String,5,,,
청산결제,TCSMIR30501,TCSMIR30501,착오거래정정신고및접수/승인통보(주식·파생시장),DATA,23,거래정정후자기계좌번호,AFTRDCORRCT_PRINC_ACNT_NO,String,12,,,
청산결제,TCSMIR30501,TCSMIR30501,착오거래정정신고및접수/승인통보(주식·파생시장),DATA,24,거래정정후자기구분코드,AFTRDCORRCT_PRINC_TP_CD,String,2,,주식시장 /  30:자기매매 /  / 파생시장 /  31:호가입력회원의 자기거래 /  32:비회원의 자기거래,
청산결제,TCSMIR30501,TCSMIR30501,착오거래정정신고및접수/승인통보(주식·파생시장),DATA,25,거래정정후자기국가코드,AFTRDCORRCT_PRINC_CNTR_CD,String,3,,별첨-국가코드 매핑 참고,
청산결제,TCSMIR30501,TCSMIR30501,착오거래정정신고및접수/승인통보(주식·파생시장),DATA,26,거래정정후자기투자자구분코드,AFTRDCORRCT_PRINC_INVST_TP_CD,String,4,,거래정정후위탁투자자구분코드 참고,
청산결제,TCSMIR30501,TCSMIR30501,착오거래정정신고및접수/승인통보(주식·파생시장),DATA,27,거래정정후자기외국인투자자구분코드,AFTRDCORRCT_PRINC_FORNINVST_CD,String,2,,거래정정후자기외국인투자자구분코드 참고,
청산결제,TCSMIR30501,TCSMIR30501,착오거래정정신고및접수/승인통보(주식·파생시장),DATA,28,거래정정후자기체결수량,STR_AFTRDCORRCT_PRINC_TRDVOL,Long,10,,"단위:주,계약",
청산결제,TCSMIR30501,TCSMIR30501,착오거래정정신고및접수/승인통보(주식·파생시장),DATA,29,착오거래정정내부통제여부,ERR_TRDCORRCT_INSIDE_CTRL_YN,String,1,,"Y:내부통제실시, N:내부통제미실시 / * 파생시장의 경우 위탁->위탁계좌간 정정시에는 'Y'로 입력",
청산결제,TCSMIR30501,TCSMIR30501,착오거래정정신고및접수/승인통보(주식·파생시장),DATA,30,입력자성명,OPERTR_NM,String,80,,선물옵션종목인 경우는 선물옵션단말기를 통하여 등록된 선물옵션 담당자 또는 책임자의 성명이어야 함,
청산결제,TCSMIR30501,TCSMIR30501,착오거래정정신고및접수/승인통보(주식·파생시장),DATA,31,입력자전화번호,OPERTR_TEL_NO,String,20,,"선물옵션종목인 경우는 선물옵션단말기를 통하여 등록된 선물옵션 담당자 또는 책임자의 성명이어야 함 숫자만 표시하고, 지역번호를 포함 / 예) 0237745555",
청산결제,TCSMIR30501,TCSMIR30501,착오거래정정신고및접수/승인통보(주식·파생시장),DATA,32,착오거래정정사유코드,ERR_TRDCORRCT_RSN_CD,String,2,,<주식시장> / 01:일반-종목 착오 / 02:일반-가격 착오 / 03:일반-매도매수구분 착오 / 04:일반-수량 착오 / 05:일반-계좌정보 착오 / 06:일반-회원사전산 착오 / 07:일반-호가종류 착오 / 09:일반-기타 / 21:프로그램-종목 착오 (주식·파생시장 / 22:프로그램-가격 착오  / 23:프로그램-매도매수구분 착오 / 24:프로그램-수량 착오 / 25:프로그램-계좌정보 착오 / 26:프로그램-회원사전산 착오 / 27:프로그램-호가종류 착오 / 29:프로그램-기타 /  / <파생시장> /  01:종목 착오 /  ,
청산결제,TCSMIR30501,TCSMIR30501,착오거래정정신고및접수/승인통보(주식·파생시장),DATA,33,착오거래정정상세사유,ERR_TRDCORRCT_DTL_RSN,String,1000,,* 현물시장 : 미사용(입력내용 무시) / * 파생시장 : 착오거래정정사유코드가 99(기타)인 경우 내용 입력 /                  99(기타) 이외인 경우 미사용,
청산결제,TCSMIR30501,TCSMIR30501,착오거래정정신고및접수/승인통보(주식·파생시장),DATA,34,회원사용영역,MBR_USE_AREA2,String,60,,,
청산결제,TCSMIR30601,TCSMIR30601,사후증거금계좌신고및접수통보(파생시장),DATA,1,메세지일련번호,MESSAGE_ / SEQUENCE NUMBER,Long,11,,신고 시 SPACE / 통보 시 적격/부적격 구분없이 번호부여,
청산결제,TCSMIR30601,TCSMIR30601,사후증거금계좌신고및접수통보(파생시장),DATA,2,트랜잭션코드,TRANSACTION_ / CODE,String,11,,TCSMIR30601,
청산결제,TCSMIR30601,TCSMIR30601,사후증거금계좌신고및접수통보(파생시장),DATA,3,전송일자,TRANSMIT_DATE,String,8,,YYYYMMDD,
청산결제,TCSMIR30601,TCSMIR30601,사후증거금계좌신고및접수통보(파생시장),DATA,4,시장ID,MKT_ID,String,3,,별첨-KRX 차세대 상품 ID체계 참고,변경
청산결제,TCSMIR30601,TCSMIR30601,사후증거금계좌신고및접수통보(파생시장),DATA,5,회원번호,MEMBER_NUMBER,String,5,,,
청산결제,TCSMIR30601,TCSMIR30601,사후증거금계좌신고및접수통보(파생시장),DATA,6,신고시각,DECLARATION_ / TIME,String,8,,HHMMSSss,
청산결제,TCSMIR30601,TCSMIR30601,사후증거금계좌신고및접수통보(파생시장),DATA,7,거부코드,REJECTED_CODE,String,2,,별첨-TR별 참조내용 참고,
청산결제,TCSMIR30601,TCSMIR30601,사후증거금계좌신고및접수통보(파생시장),DATA,8,신고계좌번호,DECLARATION_ / ACCOUNT_NUMBER,String,12,,,
청산결제,TCSMIR30601,TCSMIR30601,사후증거금계좌신고및접수통보(파생시장),DATA,9,신고유형상세구분코드,DECLARATION_ / TYPE_DETAIL_ / TYPE_CODE,String,1,,신고업무구분코드 / 1 - 사후증거금일반계좌 개설 / 2 - 사후증거금할인계좌 개설 / 3 - 사전증거금계좌 -> 사후증거금일반계좌 변경 / 4 - 사전증거금계좌 -> 사후증거금할인계좌 변경 / 5 - 사후증거금일반계좌 -> 사후증거금할인계좌 / 6 - 사후증거금할인계좌 -> 사후증거금일반계좌 / 7 - 사후증거금일반계좌의 해지 / 8 - 사후증거금할인계좌의 해지 / 9 - 사후증거금일반계좌 연계현물계좌 변경 / A - 사후증거금할인계좌 연계현물계좌 변경,
청산결제,TCSMIR30601,TCSMIR30601,사후증거금계좌신고및접수통보(파생시장),DATA,10,국가코드,COUNTRY_CODE,String,3,,"* 국가코드표 참조 ISO3166-1적용 (Number-3) 없으면 거부 /   - ISO에 없는 코드 추가 : 997, 998, 999 (대한민국국민인해외영주권자, 국제기구, 기타) /   - 기존코드에는 분류되어 있으나 ISO에는 구분없는 코드 신규 생성 : 991, 992 (말레이지아 라부안, 채널아일랜드) /  / * 정정, 취소호가는 SPACE로 입력",
청산결제,TCSMIR30601,TCSMIR30601,사후증거금계좌신고및접수통보(파생시장),DATA,11,투자자구분코드,INVESTOR_ / TYPE_CODE,String,4,,"1000 금융투자회사 / 2000 보험회사 / 3000 자산운용회사 및 투자회사 / 3100 사모펀드 / 4000 은행 (자산운용회사의 신탁재산은 자산운용회사로 분류) / 5000 기타금융 / 6000 연금, 기금 및 공제회 / 7000 국가, 지자체 국제기구 및 공익기관 / 7100 기타법인 / 8000 개인 /  / * 7100 : 기존 7000번 분류를 세분화하여 추가확정  / * 파생 : 3100 사용불가 /   --> 기타 투자자분류코드(예 : 3000, 7100 등)에 맞게 입력함 / * 정정, 취소호가는 SPACE로 입",
청산결제,TCSMIR30601,TCSMIR30601,사후증거금계좌신고및접수통보(파생시장),DATA,12,외국인투자자구분코드,FOREIGN / INVESTOR_ / TYPE_CODE,String,2,,"1) 현물 / 00 외국인아님 / (10 외국인(거주)) /   11 식별번호 있는 외국인 (거주) /   12 식별번호 없는 외국인 (거주) / (20 외국인(비거주)) /   21 식별번호 있는 외국인 (비거주) /   22 식별번호 없는 외국인 (비거주) /  / 2) 파생상품 / 00 외국인아님 / 10 외국인(거주) / 20 외국인(비거주) /  / * 정정, 취소호가는 SPACE로 입력 / * 정정의 경우 원호가의 정보와 동일한 것으로 인정함",
청산결제,TCSMIR30601,TCSMIR30601,사후증거금계좌신고및접수통보(파생시장),DATA,13,위탁자기구분코드,TRUST_ / PRINCIPAL_ / TYPE_CODE,String,2,,1)현물 / 10 위탁매매 / 30 자기매매 /  / 2)파생상품 /   11 위탁거래 /   12 위탁주선거래 /   13 회원의 위탁거래 (추가:2020-09-07) /   31 호가입력회원의 자기거래 /   32 비회원의 자기거래 (삭제:2020-09-07) /  / 3)채권 / 10 위탁매매 / 30 자기매매 / 33 매도대행사 반대매도 /  / * 현물 /  - 자기매매 : 증권업자가 자기계정으로 매매하는 경우 /  - 위탁매매 : 자기매매가 아닌 경우 / * 파생 /   - 신탁업 및 집합투자업을 겸영하는 투자매매업자의 ,
청산결제,TCSMIR30601,TCSMIR30601,사후증거금계좌신고및접수통보(파생시장),DATA,14,연계현물계좌번호,LINK_SPOT_ / ACCOUNT_NUMBER,String,12,,"9.신고유형상세구분코드'가 2, 4, 5, A인 경우에만 필수항목임",
청산결제,TCSMIR30601,TCSMIR30601,사후증거금계좌신고및접수통보(파생시장),DATA,15,연계현물계좌회원번호,LINK_SPOT_ / ACCOUNT_ / MEMBER_NUMBER,String,5,,"9.신고유형상세구분코드'가 2, 4, 5, A인 경우에만 필수항목임",
청산결제,TCSMIR30601,TCSMIR30601,사후증거금계좌신고및접수통보(파생시장),DATA,16,연계사후일반계좌1,LINK_AFTER THE  / FACT_GENERAL_ / ACCOUNT_ / NUMBER 1,String,12,,"9.신고유형상세구분코드'가 2, 4, 5인 경우에만 필수항목임",
청산결제,TCSMIR30601,TCSMIR30601,사후증거금계좌신고및접수통보(파생시장),DATA,17,연계사후일반계좌2,LINK_AFTER THE  / FACT_GENERAL_ / ACCOUNT_ / NUMBER 2,String,12,,"9.신고유형상세구분코드'가 2, 4, 5인 경우에만 사용",
청산결제,TCSMIR30601,TCSMIR30601,사후증거금계좌신고및접수통보(파생시장),DATA,18,연계사후일반계좌3,LINK_AFTER THE  / FACT_GENERAL_ / ACCOUNT_ / NUMBER 3,String,12,,"9.신고유형상세구분코드'가 2, 4, 5인 경우에만 사용",
청산결제,TCSMIR30601,TCSMIR30601,사후증거금계좌신고및접수통보(파생시장),DATA,19,회원사용영역,MEMBER_USER_ / AREA,String,60,,,
청산결제,TCSMIR30701,TCSMIR30701,"할인계좌헤지,차익거래신고및접수통보(파생시장)",DATA,1,메세지일련번호,MESSAGE_ / SEQUENCE NUMBER,Long,11,,신고 시 SPACE / 통보 시 적격/부적격 구분없이 번호부여,
청산결제,TCSMIR30701,TCSMIR30701,"할인계좌헤지,차익거래신고및접수통보(파생시장)",DATA,2,트랜잭션코드,TRANSACTION_ / CODE,String,11,,TCSMIR30701,
청산결제,TCSMIR30701,TCSMIR30701,"할인계좌헤지,차익거래신고및접수통보(파생시장)",DATA,3,전송일자,TRANSMIT_DATE,String,8,,YYYYMMDD,
청산결제,TCSMIR30701,TCSMIR30701,"할인계좌헤지,차익거래신고및접수통보(파생시장)",DATA,4,시장ID,MKT_ID,String,3,,별첨-KRX 차세대 상품 ID체계 참고,변경
청산결제,TCSMIR30701,TCSMIR30701,"할인계좌헤지,차익거래신고및접수통보(파생시장)",DATA,5,회원번호,MEMBER_NUMBER,String,5,,,
청산결제,TCSMIR30701,TCSMIR30701,"할인계좌헤지,차익거래신고및접수통보(파생시장)",DATA,6,사후증거금할인계좌번호,DISCOUNT_ / ACCOUNT_NUMBER,String,12,,,
청산결제,TCSMIR30701,TCSMIR30701,"할인계좌헤지,차익거래신고및접수통보(파생시장)",DATA,7,신고시각,DECLARATION_ / TIME,String,8,,HHMMSSss,
청산결제,TCSMIR30701,TCSMIR30701,"할인계좌헤지,차익거래신고및접수통보(파생시장)",DATA,8,거부코드,REJECTED_CODE,String,2,,별첨-TR별 참조내용 참고,
청산결제,TCSMIR30701,TCSMIR30701,"할인계좌헤지,차익거래신고및접수통보(파생시장)",DATA,9,거래일자,TRADING_DATE,String,8,,YYYYMMDD,
청산결제,TCSMIR30701,TCSMIR30701,"할인계좌헤지,차익거래신고및접수통보(파생시장)",DATA,10,신고입력구분코드,DECLARATION_ / INPUT_TYPE_CODE,String,1,,"1:신고, 2:취소",
청산결제,TCSMIR30701,TCSMIR30701,"할인계좌헤지,차익거래신고및접수통보(파생시장)",DATA,11,신고유형구분코드,DECLARATION_ / TYPE_TYPE_CODE,String,1,,"1:입증, 2:미입증",
청산결제,TCSMIR30701,TCSMIR30701,"할인계좌헤지,차익거래신고및접수통보(파생시장)",DATA,12,회원사용영역,MEMBER_USER_ / AREA,String,60,,,
청산결제,TCSMIR31101,TCSMIR31101,착오거래구제신청(파생시장),DATA,1,메세지일련번호,MESSAGE_SESUENCE NUMBER,Long,11,,신고 응답시 KRX가 부여,
청산결제,TCSMIR31101,TCSMIR31101,착오거래구제신청(파생시장),DATA,2,트랜잭션코드,TRANSACTION_CODE,String,11,,TCSMIR31101,
청산결제,TCSMIR31101,TCSMIR31101,착오거래구제신청(파생시장),DATA,3,전송일자,TRANSMIT_DATE,String,8,,,
청산결제,TCSMIR31101,TCSMIR31101,착오거래구제신청(파생시장),DATA,4,회원번호,MEMBER_NUMBER,String,5,,,
청산결제,TCSMIR31101,TCSMIR31101,착오거래구제신청(파생시장),DATA,5,착오거래구제신청ID,ERRONEOUS TRADING_RELIEF_APPLICATION_IDENTIFICATION,String,10,,* 회원+신청ID가 KEY,
청산결제,TCSMIR31101,TCSMIR31101,착오거래구제신청(파생시장),DATA,6,계좌번호,ACCOUNT_NUMBER,String,12,,,
청산결제,TCSMIR31101,TCSMIR31101,착오거래구제신청(파생시장),DATA,7,상품ID,PRODUCT_IDENTIFICATION,String,11,,* 파생상품시장에 한함 / * 별첨,
청산결제,TCSMIR31101,TCSMIR31101,착오거래구제신청(파생시장),DATA,8,체결시작시각,TRADING_START_TIME,String,9,,착오에 의한 체결 시작시각,
청산결제,TCSMIR31101,TCSMIR31101,착오거래구제신청(파생시장),DATA,9,체결종료시각,TRADING_END_TIME,String,9,,착오에 의한 체결 종료시각,
청산결제,TCSMIR31101,TCSMIR31101,착오거래구제신청(파생시장),DATA,10,담당자명,PERSON IN CHARGE_NAME,String,80,,착오거래구제 담당자,
청산결제,TCSMIR31101,TCSMIR31101,착오거래구제신청(파생시장),DATA,11,담당자전화번호,PERSON IN CHARGE_TELEPHONE NUMBER,String,40,,착오거래구제 담당자 전화번호,
청산결제,TCSMIR31101,TCSMIR31101,착오거래구제신청(파생시장),DATA,12,착오거래구제신청거부사유코드,ERRONEOUS TRADING_RELIEF_APPLICATION_REJECTED_REASON_CODE,String,4,,별첨-TR별 참조내용 참고 /   0000 : 정상 /   0001 : 업무 개시 이전 접수 /   0002 : 업무 마감 이후 접수 /   0090 : 시스템 오류 /   0091 : 기타 사유 거부 /   0101 : 트랜잭션코드 오류 /   0102 : 회원번호 오류 /   0103 : 착오거래구제신청ID 오류 /   0104 : 계좌번호 오류 /   0105 : 상품ID 오류 /   0106 : 체결시작시각 오류 /   0107 : 체결종료시각 오류 /   0108 : 담당자명 오류 /   0109 : 담당자전화번호 오류 /,
청산결제,TCSMIR31101,TCSMIR31101,착오거래구제신청(파생시장),DATA,13,착오거래구제신청시각,ERRONEOUS TRADING_RELIEF_APPLICATION_TIME,String,9,,신고 응답시 KRX가 부여,
청산결제,TCSMIR31301,TCSMIR31301,착오거래포지션이관신청및접수통보,DATA,1,메세지일련번호,MSG_SEQ,Long,11,,메세지일련번호,
청산결제,TCSMIR31301,TCSMIR31301,착오거래포지션이관신청및접수통보,DATA,2,트랜잭션코드,TR_CD,String,11,,"TCSMIR31301 /  * 위탁계좌에서의 착오거래로 인한 미결제 포지션을 자기계좌로 이관 /  * 구제 승인이 확정된 착오거래 대상 종목들에 대해서만 이관 가능 /  * 결제내역의 이관은 없고, 단순히 익일 해당 이관계좌의 미결제 포지션에 대해서 수관계좌로 이관됨",
청산결제,TCSMIR31301,TCSMIR31301,착오거래포지션이관신청및접수통보,DATA,3,전송일자,TRNSM_DD,String,8,,YYYYMMDD,
청산결제,TCSMIR31301,TCSMIR31301,착오거래포지션이관신청및접수통보,DATA,4,회원번호,MBR_NO,String,5,,,
청산결제,TCSMIR31301,TCSMIR31301,착오거래포지션이관신청및접수통보,DATA,5,포지션이관신청ID,POS_TRANSCTRL_APPL_ID,String,10,,회원+신청ID가 KEY,신규
청산결제,TCSMIR31301,TCSMIR31301,착오거래포지션이관신청및접수통보,DATA,6,포지션이관원신청ID,POS_TRANSCTRL_ORGN_APPL_ID,String,10,,정상 신청시는 SPACE / 취소 신청시는 포지션이관신고ID,신규
청산결제,TCSMIR31301,TCSMIR31301,착오거래포지션이관신청및접수통보,DATA,7,신고입력구분코드,DECL_INPUT_TP_CD,String,1,,"1:신고, 2:취소",
청산결제,TCSMIR31301,TCSMIR31301,착오거래포지션이관신청및접수통보,DATA,8,착오거래일자,ERRTRD_DD,String,8,,,
청산결제,TCSMIR31301,TCSMIR31301,착오거래포지션이관신청및접수통보,DATA,9,이관계좌번호,TRANSCTRL_ACNT_NO,String,12,,* 착오거래가 발생한 위탁계좌 /  * 취소시 원 신고와 동일하게 입력,
청산결제,TCSMIR31301,TCSMIR31301,착오거래포지션이관신청및접수통보,DATA,10,종목코드,ISU_CD,String,12,,* 착오거래가 발생한 위탁계좌의 거래 종목 /  * 취소시 원 신고와 동일하게 입력,
청산결제,TCSMIR31301,TCSMIR31301,착오거래포지션이관신청및접수통보,DATA,11,매도매수구분코드,ASKBID_TP_CD,String,1,,"1:매도, 2:매수",신규
청산결제,TCSMIR31301,TCSMIR31301,착오거래포지션이관신청및접수통보,DATA,12,미결제약정수량,OPNINT_QTY,Long,10,,* 착오거래가 발생한 위탁계좌의 거래 수량 /  * 취소시 원 신고와 동일하게 입력,
청산결제,TCSMIR31301,TCSMIR31301,착오거래포지션이관신청및접수통보,DATA,13,수관계좌번호,TKCTRL_ACNT_NO,String,12,,* 착오거래로 인한 미결제 포지션을 수관하는 계좌 /  * 취소시 원 신고와 동일하게 입력,
청산결제,TCSMIR31301,TCSMIR31301,착오거래포지션이관신청및접수통보,DATA,14,수관위탁자기구분코드,TKCTRL_TRST_PRINC_TP_CD,String,2,,* 취소시 space 입력 /  /  ※ '별첨_코드정의'의 위탁자기구분코드 참조,
청산결제,TCSMIR31301,TCSMIR31301,착오거래포지션이관신청및접수통보,DATA,15,수관대용주권계좌번호,TKCTRL_SB_STKCERT_ACNT_NO,String,12,,* 취소시 space 입력,
청산결제,TCSMIR31301,TCSMIR31301,착오거래포지션이관신청및접수통보,DATA,16,수관계좌구분코드,TKCTRL_ACNT_TP_CD,String,2,,* 취소시 space 입력 /  /  ※ '별첨_코드정의'의 계좌구분코드 참조,
청산결제,TCSMIR31301,TCSMIR31301,착오거래포지션이관신청및접수통보,DATA,17,수관계좌증거금유형코드,TKCTRL_ACNT_MRGN_TP_CD,String,2,,* 취소시 space 입력 /  /  ※ '별첨_코드정의'의 계좌증거금유형코드 참조,
청산결제,TCSMIR31301,TCSMIR31301,착오거래포지션이관신청및접수통보,DATA,18,수관국가코드,TKCTRL_CNTR_CD,String,3,,* 취소시 space 입력 /  /  ※ '별첨_코드정의'의 국가코드 참조,
청산결제,TCSMIR31301,TCSMIR31301,착오거래포지션이관신청및접수통보,DATA,19,수관투자자구분코드,TKCTRL_INVST_TP_CD,String,4,,* 취소시 space 입력 /  /  ※ '별첨_코드정의'의 투자자구분코드 참조,
청산결제,TCSMIR31301,TCSMIR31301,착오거래포지션이관신청및접수통보,DATA,20,수관외국인투자자구분코드,TKCTRL_FORNINVST_TP_CD,String,2,,* 취소시 space 입력 /  /  ※ '별첨_코드정의'의 외국인투자자구분코드 참조,
청산결제,TCSMIR31301,TCSMIR31301,착오거래포지션이관신청및접수통보,DATA,21,신청시각,APPL_TM,String,9,,,
청산결제,TCSMIR31301,TCSMIR31301,착오거래포지션이관신청및접수통보,DATA,22,착오거래포지션이관신청거부사유코드,ERRTRD_POS_TRANSCTRL_REJ_CD,String,4,,별첨-TR별 참조내용 참고,
청산결제,TCSMIR31601,TCSMIR31601,옴니버스계좌미결제배분신고및접수통보,DATA,1,메세지일련번호,MESSAGE_SEQUENCE NUMBER,Long,11,,메세지일련번호,
청산결제,TCSMIR31601,TCSMIR31601,옴니버스계좌미결제배분신고및접수통보,DATA,2,트랜잭션코드,TRACSACTION_CODE,String,11,,TCSMIR31601,
청산결제,TCSMIR31601,TCSMIR31601,옴니버스계좌미결제배분신고및접수통보,DATA,3,전송일자,TRANSMIT_DATE,String,8,,YYYYMMDD,
청산결제,TCSMIR31601,TCSMIR31601,옴니버스계좌미결제배분신고및접수통보,DATA,4,회원번호,MEMBER_NUMBER,String,5,,,
청산결제,TCSMIR31601,TCSMIR31601,옴니버스계좌미결제배분신고및접수통보,DATA,5,미결제배분신고ID,OPEN INTEREST_ALLOCATION_DECLARATION_ID,String,10,,회원+신청ID가 KEY,
청산결제,TCSMIR31601,TCSMIR31601,옴니버스계좌미결제배분신고및접수통보,DATA,6,미결제배분원신고ID,OPEN INTEREST_ALLOCATION_DECLARATION_ORIGINAL_ID,String,10,,정상 신고시는 SPACE / 취소 신고시는 미결제배분신고ID,
청산결제,TCSMIR31601,TCSMIR31601,옴니버스계좌미결제배분신고및접수통보,DATA,7,신고입력구분코드,DECLARATION_INPUT_TYPE_CODE,String,1,,"1:신고, 2:취소",
청산결제,TCSMIR31601,TCSMIR31601,옴니버스계좌미결제배분신고및접수통보,DATA,8,배분최종투자자계좌번호,ALLOCATION_END CLIENT_ACCOUNT_NUMBER,String,12,,,
청산결제,TCSMIR31601,TCSMIR31601,옴니버스계좌미결제배분신고및접수통보,DATA,9,종목코드,ISSUE_CODE,String,12,,,
청산결제,TCSMIR31601,TCSMIR31601,옴니버스계좌미결제배분신고및접수통보,DATA,10,배분대상미결제약정기준일자,ALLOCATION_OPEN INTEREST_BASE_DATE,String,8,,YYYYMMDD,
청산결제,TCSMIR31601,TCSMIR31601,옴니버스계좌미결제배분신고및접수통보,DATA,11,매도미결제약정수량,ASK_OPEN INTEREST_QUANTITY,Long,10,,,
청산결제,TCSMIR31601,TCSMIR31601,옴니버스계좌미결제배분신고및접수통보,DATA,12,매수미결제약정수량,BID_OPEN INTEREST_QUANTITY,Long,10,,,
청산결제,TCSMIR31601,TCSMIR31601,옴니버스계좌미결제배분신고및접수통보,DATA,13,하위최종투자자계좌번호,SUB_END CLIENT_ACCOUNT_NUMBER,String,12,,,
청산결제,TCSMIR31601,TCSMIR31601,옴니버스계좌미결제배분신고및접수통보,DATA,14,회원사용영역,MEMBER_ / USE_AREA,String,60,,,
청산결제,TCSMIR31601,TCSMIR31601,옴니버스계좌미결제배분신고및접수통보,DATA,15,신고시각,DECLARATION_TIME,String,9,,신고 응답시 KRX가 부여,
청산결제,TCSMIR31601,TCSMIR31601,옴니버스계좌미결제배분신고및접수통보,DATA,16,미결제배분신고거부사유코드,OPEN INTEREST_ALLOCATION_DECLARATION_REJECTED_REASON_CODE,String,4,,신고 응답시 KRX가 부여 /  / 0000 : 정상 / 0001 : 업무 개시 이전 접수 / 0002 : 업무 마감 이후 접수 / 0090 : 시스템 오류 / 0091 : 기타 사유 거부 / 0101 : 트랜잭션코드 오류 / 0102 : 전송일자 오류 / 0103 : 회원번호 오류 / 0104 : 미결제배분신고ID 오류 / 0105 : 미결제배분원신고ID 오류 / 0106 : 신고입력구분코드 오류 / 0107 : 배분최종투자자계좌번호 오류 / 0108 : 종목코드 오류 / 0109 : 매도미결제약정수량 오류 / 0110 : 매수미,
청산결제,TCSMIR31701,TCSMIR31701,포지션이관신청및접수통보,DATA,1,메세지일련번호,MSG_SEQ,Long,11,,메세지일련번호,
청산결제,TCSMIR31701,TCSMIR31701,포지션이관신청및접수통보,DATA,2,트랜잭션코드,TR_CD,String,11,,TCSMIR31701,
청산결제,TCSMIR31701,TCSMIR31701,포지션이관신청및접수통보,DATA,3,전송일자,TRNSM_DD,String,8,,YYYYMMDD,
청산결제,TCSMIR31701,TCSMIR31701,포지션이관신청및접수통보,DATA,4,회원번호,MBR_NO,String,5,,,
청산결제,TCSMIR31701,TCSMIR31701,포지션이관신청및접수통보,DATA,5,포지션이관신청ID,POS_TRANSCTRL_APPL_ID,String,10,,회원+신청ID가 KEY,
청산결제,TCSMIR31701,TCSMIR31701,포지션이관신청및접수통보,DATA,6,포지션이관원신청ID,POS_TRANSCTRL_ORGN_APPL_ID,String,10,,정상 신청시는 SPACE / 취소 신청시는 포지션이관신고ID,
청산결제,TCSMIR31701,TCSMIR31701,포지션이관신청및접수통보,DATA,7,신고입력구분코드,DECL_INPUT_TP_CD,String,1,,"1:신고, 2:취소 / ※ 취소시 이관계좌번호 이하 항목 SPACE 또는 0 입력",변경
청산결제,TCSMIR31701,TCSMIR31701,포지션이관신청및접수통보,DATA,8,포지션이관신청구분코드,POS_TRANSCTRL_APPL_TP_CD,String,2,,10:옴니버스계좌 포지션이관 / 20:타회원위탁계좌 포지션이관 / 30:일반포지션이관(구 TCSMIR30901),변경
청산결제,TCSMIR31701,TCSMIR31701,포지션이관신청및접수통보,DATA,9,이관계좌번호,TRANSCTRL_ACNT_NO,String,12,,- 포지션이관신청구분코드 = 10 인 경우 /    : 옴니버스 계좌번호가 아닌 하위최종투자자 계좌번호 / - 포지션이관신청구분코드 = 20 인 경우 /    : 자기계좌이거나 회원위탁계좌인 계좌번호,
청산결제,TCSMIR31701,TCSMIR31701,포지션이관신청및접수통보,DATA,10,종목코드,ISU_CD,String,12,,※ 포지션이관신청구분코드가 '20' 또는 '30'인 경우 SPACE 입력 /    (이관계좌의 전체 종목 이관),변경
청산결제,TCSMIR31701,TCSMIR31701,포지션이관신청및접수통보,DATA,11,매도매수구분코드,ASKBID_TP_CD,String,1,,"1:매도, 2:매수 / ※ 포지션이관신청구분코드가 '20' 또는 '30'인 경우 SPACE 입력",변경
청산결제,TCSMIR31701,TCSMIR31701,포지션이관신청및접수통보,DATA,12,미결제약정수량,OPNINT_QTY,Long,10,,이관계좌의 현재미결제약정수량 범위 이내 수량  / ※ 포지션이관신청구분코드가 '20' 또는 '30'인 경우 0 입력,변경
청산결제,TCSMIR31701,TCSMIR31701,포지션이관신청및접수통보,DATA,13,수관회원번호,TKCTRL_MBR_NO,String,5,,,
청산결제,TCSMIR31701,TCSMIR31701,포지션이관신청및접수통보,DATA,14,수관계좌번호,TKCTRL_ACNT_NO,String,12,,- 포지션이관신청구분코드 = 10 인 경우 /    : 옴니버스 계좌번호가 아닌 하위최종투자자 계좌번호 / - 포지션이관신청구분코드 = 20 인 경우 /    : 자기계좌이거나 회원위탁계좌인 계좌번호,
청산결제,TCSMIR31701,TCSMIR31701,포지션이관신청및접수통보,DATA,15,실명확인번호,REAL_NM_CONFRM_NO,String,20,,"- 개인(외국인 포함) : 생년월일(YYYYMMDD) / - 법인 : 사업자등록번호 / ※ 포지션이관신청구분코드가 '30'인 경우만 입력 /    (''10', '20'인 경우 SPACE 입력) / ※ 하이픈을 빼고 왼쪽부터 채우며 나머지는 SPACE / ※ 주민번호 입력시 거부 처리",신규
청산결제,TCSMIR31701,TCSMIR31701,포지션이관신청및접수통보,DATA,16,회원사용영역,MBR_USE_AREA,String,60,,,
청산결제,TCSMIR31701,TCSMIR31701,포지션이관신청및접수통보,DATA,17,신청시각,APPL_TM,String,9,,신고 응답시 KRX가 부여,
청산결제,TCSMIR31701,TCSMIR31701,포지션이관신청및접수통보,DATA,18,포지션이관신청거부사유코드,POS_TRANSCTRL_APPL_REJ_RSN_CD,String,4,,신고 응답시 KRX가 부여 / ※ 별첨-TR별 참조내용 참고,변경
청산결제,TCSMIR31801,TCSMIR31801,타회원위탁계좌(사전증거금계좌)신고및접수통보(파생시장),DATA,1,메세지일련번호,MSG_SEQ,Long,11,,신고 시 SPACE / 신고 응답시 KRX가 부여 : 적격/부적격 구분없이 번호부여,
청산결제,TCSMIR31801,TCSMIR31801,타회원위탁계좌(사전증거금계좌)신고및접수통보(파생시장),DATA,2,트랜잭션코드,TR_CD,String,11,,TCSMIR31801,
청산결제,TCSMIR31801,TCSMIR31801,타회원위탁계좌(사전증거금계좌)신고및접수통보(파생시장),DATA,3,전송일자,TRNSM_DD,String,8,,YYYYMMDD,
청산결제,TCSMIR31801,TCSMIR31801,타회원위탁계좌(사전증거금계좌)신고및접수통보(파생시장),DATA,4,회원번호,MBR_NO,String,5,,수탁회원번호와 동일,
청산결제,TCSMIR31801,TCSMIR31801,타회원위탁계좌(사전증거금계좌)신고및접수통보(파생시장),DATA,5,신고시각,DECL_TM,String,8,,신고 응답 시 KRX가 부여,
청산결제,TCSMIR31801,TCSMIR31801,타회원위탁계좌(사전증거금계좌)신고및접수통보(파생시장),DATA,6,타회원위탁계좌신고 거부코드,OTHRMBR_TRST_ACNT_DECL_REJ_CD,String,2,,별첨-TR별 참조내용 참고,
청산결제,TCSMIR31801,TCSMIR31801,타회원위탁계좌(사전증거금계좌)신고및접수통보(파생시장),DATA,7,타회원위탁계좌신고 구분코드,OTHRMBR_TRST_ACNT_DECL_TP_CD,String,1,,"1:신규, 2: 변경, 3:해지",
청산결제,TCSMIR31801,TCSMIR31801,타회원위탁계좌(사전증거금계좌)신고및접수통보(파생시장),DATA,8,신고계좌번호,DECL_ACNT_NO,String,12,,,
청산결제,TCSMIR31801,TCSMIR31801,타회원위탁계좌(사전증거금계좌)신고및접수통보(파생시장),DATA,9,국가코드,CNTR_CD,String,3,,,
청산결제,TCSMIR31801,TCSMIR31801,타회원위탁계좌(사전증거금계좌)신고및접수통보(파생시장),DATA,10,외국인투자자구분코드,FORNINVST_TP_CD,String,2,,"00(외국인아님)', '10(외국인_거주)', '20(외국인_비거주)",
청산결제,TCSMIR31801,TCSMIR31801,타회원위탁계좌(사전증거금계좌)신고및접수통보(파생시장),DATA,11,수탁회원 담당자 성명,TRSTEE_MBR_CHRG_NM,String,80,,,
청산결제,TCSMIR31801,TCSMIR31801,타회원위탁계좌(사전증거금계좌)신고및접수통보(파생시장),DATA,12,수탁회원 담당자 연락처,TRSTEE_MBR_CHRG_NM_CONTACTPNT,String,20,,,
청산결제,TCSMIR31801,TCSMIR31801,타회원위탁계좌(사전증거금계좌)신고및접수통보(파생시장),DATA,13,위탁회원번호,TRSTER_MBR_NO,String,5,,,
청산결제,TCSMIR31801,TCSMIR31801,타회원위탁계좌(사전증거금계좌)신고및접수통보(파생시장),DATA,14,위탁회원 담당자 성명,TRSTER_MBR_CHRG_NM,String,80,,,
청산결제,TCSMIR31801,TCSMIR31801,타회원위탁계좌(사전증거금계좌)신고및접수통보(파생시장),DATA,15,위탁회원 담당자 연락처,TRSTER_MBR_CHRG_NM_CONTACTPNT,String,20,,,
청산결제,TCSMIR31801,TCSMIR31801,타회원위탁계좌(사전증거금계좌)신고및접수통보(파생시장),DATA,16,기준일자,BAS_DD,String,8,,,
청산결제,TCSMIR31801,TCSMIR31801,타회원위탁계좌(사전증거금계좌)신고및접수통보(파생시장),DATA,17,재위탁여부,RETRST_YN,String,1,,,
청산결제,TCSMIR31801,TCSMIR31801,타회원위탁계좌(사전증거금계좌)신고및접수통보(파생시장),DATA,18,미결제약정 한도관리 방식,OPNINT_QTY_LMT_ADM_METHD,String,350,,,
청산결제,TCSMIR31801,TCSMIR31801,타회원위탁계좌(사전증거금계좌)신고및접수통보(파생시장),DATA,19,거래상품,TRD_PROD,String,150,,,
청산결제,TCSMIR31801,TCSMIR31801,타회원위탁계좌(사전증거금계좌)신고및접수통보(파생시장),DATA,20,호가적합성 점검방식,ORD_SUTB_INSP_METHD,String,100,,,
청산결제,TCSMIR31801,TCSMIR31801,타회원위탁계좌(사전증거금계좌)신고및접수통보(파생시장),DATA,21,타회원위탁계좌 신고사유,OTHRMBR_TRST_ACNT_DECL_RSN,String,100,,,
청산결제,TCSMIR31801,TCSMIR31801,타회원위탁계좌(사전증거금계좌)신고및접수통보(파생시장),DATA,22,회원사용영역,MBR_USE_AREA2,String,60,,,
청산결제,TCSMIR33001,TCSMIR33001,옴니버스계좌신고및접수통보(파생시장),DATA,1,메세지일련번호,MSG_SEQ,Long,11,,신고 시 SPACE / 통보 시 적격/부적격 구분없이 번호부여,
청산결제,TCSMIR33001,TCSMIR33001,옴니버스계좌신고및접수통보(파생시장),DATA,2,트랜잭션코드,TR_CD,String,11,,TCSMIR31001,
청산결제,TCSMIR33001,TCSMIR33001,옴니버스계좌신고및접수통보(파생시장),DATA,3,전송일자,TRNSM_DD,String,8,,YYYYMMDD,
청산결제,TCSMIR33001,TCSMIR33001,옴니버스계좌신고및접수통보(파생시장),DATA,4,회원번호,MBR_NO,String,5,,,
청산결제,TCSMIR33001,TCSMIR33001,옴니버스계좌신고및접수통보(파생시장),DATA,5,신고시각,DECL_TM,String,8,,HHMMSSss,
청산결제,TCSMIR33001,TCSMIR33001,옴니버스계좌신고및접수통보(파생시장),DATA,6,옴니버스계좌신고 거부코드,OMNI_ACNT_DECL_REJ_CD,String,2,,별첨-TR별 참조내용 참고,
청산결제,TCSMIR33001,TCSMIR33001,옴니버스계좌신고및접수통보(파생시장),DATA,7,옴니버스계좌 신고구분코드,OMNI_ACNT_DECL_TP_CD,String,2,,01 : 최종투자자일반계좌 등록 / 02 : 최종투자자일반계좌 해지 / 03 : 최종투자자배분계좌 등록 / 04 : 최종투자자배분계좌 해지 / 05 : 최종투자자하위계좌 등록 / 06 : 최종투자자하위계좌 해지 / 07 : 최종투자자배분계좌의 이전계좌 지정 / 08 : 옴니버스계좌 알고리즘여부 변경,
청산결제,TCSMIR33001,TCSMIR33001,옴니버스계좌신고및접수통보(파생시장),DATA,8,신고계좌번호,DECL_ACNT_NO,String,12,,"7. 옴니버스계좌 신고구분코드 = 01, 02 /    - 최종투자자일반계좌번호 / 7. 옴니버스계좌 신고구분코드 = 03, 04 /    - 최종투자자배분계좌번호 / 7. 옴니버스계좌 신고구분코드 = 05, 06 /    - 최종투자자하위계좌번호 / 7. 옴니버스계좌 신고구분코드 = 07 /    - 이전계좌로 사용하는 최종투자자하위계좌번호를 말하며 /       해당 계좌는 사전에 거래소에 신고되어 있어야 함 / 7. 옴니버스계좌 신고구분코드 = 08 /    - 옴니버스계좌",
청산결제,TCSMIR33001,TCSMIR33001,옴니버스계좌신고및접수통보(파생시장),DATA,9,최종투자자상위계좌번호,DECL_HGRK_ACNT_NO,String,12,,"7. 옴니버스계좌 신고구분코드 = 01, 02 /    - 최종투자자일반계좌가 속하는 옴니버스계좌번호 / 7. 옴니버스계좌 신고구분코드 = 03, 04  /    - 최종투자자배분계좌가 속하는 옴니버스계좌번호 / 7. 옴니버스계좌 신고구분코드 = 05, 06, 07 /    - 최종투자자하위계좌가 속하는 최종투자자배분계좌번호 / 7. 옴니버스계좌 신고구분코드 = 08 /    - SPACE",
청산결제,TCSMIR33001,TCSMIR33001,옴니버스계좌신고및접수통보(파생시장),DATA,10,옴니버스계좌 알고리즘여부,OMNI_ACNT_ALGO_YN,String,1,,"7. 옴니버스계좌 신고구분코드 = 01, 03, 08 /    Y : 알고리즘 /    N : 비알고리즘 / 7. 옴니버스계좌 신고구분코드가 08 인 경우 /    - '변경후 알고리즘'를 표시해야 함",
청산결제,TCSMIR33001,TCSMIR33001,옴니버스계좌신고및접수통보(파생시장),DATA,11,국가코드,CNTR_CD,String,3,,ISO 3166-1 국가코드 중 숫자 3자리 / 최종투자자일반계좌·배분계좌·하위계좌가 속하는 옴니버스계좌 개설주체를 기준으로 입력,
청산결제,TCSMIR33001,TCSMIR33001,옴니버스계좌신고및접수통보(파생시장),DATA,12,투자자구분코드,INVESTOR_ / TYPE_CODE,String,4,,"최종투자자일반계좌·배분계좌·하위계좌가 속하는 외국인통합계좌 개설주체를 기준으로 입력 / 1000 : 금융투자회사 / 2000 : 보험회사 / 3000 : 자산운용회사 및 투자회사 / 3100 : 사모펀드 / 4000 : 은행 (자산운용회사의 신탁재산은 자산운용회사로 분류) / 5000 : 기타금융 / 6000 : 연금, 기금 및 공제회 / 7000 : 국가, 지자체 국제기구 및 공익기관 / 7100 : 기타법인 / 8000 : 개인",
청산결제,TCSMIR33001,TCSMIR33001,옴니버스계좌신고및접수통보(파생시장),DATA,13,회원사용영역,MBR_USE_AREA,String,60,,,
청산결제,TCSMIP46101,TCSMIP46101,당일거래분유통결제정보(주식시장),DATA,1,메세지일련번호,MESSAGE_ / SEQUENCE NUMBER,Long,11,,메세지일련번호,
청산결제,TCSMIP46101,TCSMIP46101,당일거래분유통결제정보(주식시장),DATA,2,트랜잭션코드,TRANSACTION_ / CODE,String,11,,TCSMIP46101,
청산결제,TCSMIP46101,TCSMIP46101,당일거래분유통결제정보(주식시장),DATA,3,전송일자,TRANSMIT_DATE,String,8,,YYYYMMDD,
청산결제,TCSMIP46101,TCSMIP46101,당일거래분유통결제정보(주식시장),DATA,4,시장ID,MARKET_ / IDENTIFICATION,String,3,,별첨-KRX 차세대 상품 ID체계 참고,
청산결제,TCSMIP46101,TCSMIP46101,당일거래분유통결제정보(주식시장),DATA,5,거래일자,TRADING DATE,String,8,,YYYYMMDD,
청산결제,TCSMIP46101,TCSMIP46101,당일거래분유통결제정보(주식시장),DATA,6,결제일자,SETTLEMENT DATE,String,8,,YYYYMMDD,
청산결제,TCSMIP46101,TCSMIP46101,당일거래분유통결제정보(주식시장),DATA,7,회원번호,MEMBER NUMBER,String,5,,,
청산결제,TCSMIP46101,TCSMIP46101,당일거래분유통결제정보(주식시장),DATA,8,종목코드,ISSUE CODE,String,12,,현물/파생/채권/REPO 통합상품의 종목 코드(ISIN종목코드),
청산결제,TCSMIP46101,TCSMIP46101,당일거래분유통결제정보(주식시장),DATA,9,융자상환증권수령수량,LOAN  / REDEMPTION SECURITY  / RECEIVE,Long,15,,"융자상환에 따라 회원이 증권금융에서 / 지급받을 증권수량: 회원(+), 증금(-)",
청산결제,TCSMIP46101,TCSMIP46101,당일거래분유통결제정보(주식시장),DATA,10,융자신규증권납부수량,LOAN NEW / SECURITY  / PAYMENT,Long,15,,"신규융자에 따라 회원이 증권금융에 납부할 / 증권수량: 회원(-), 증금(+)",
청산결제,TCSMIP46101,TCSMIP46101,당일거래분유통결제정보(주식시장),DATA,11,융자상환납부금액,LOAN REDEMPTION  / AMOUNT PAYMENT,Float,22,,"융자상환에 따라 회원이 증권금융에 납부할 / 대금: 회원(-), 증금(+)",
청산결제,TCSMIP46101,TCSMIP46101,당일거래분유통결제정보(주식시장),DATA,12,융자신규수령금액,LOAN NEW / AMOUNT RECEIVE,Float,22,,"신규융자에 따라 회원이 증권금융에서  / 지급받을 대금: 회원(+), 증금(-)",
청산결제,TCSMIP46101,TCSMIP46101,당일거래분유통결제정보(주식시장),DATA,13,대주신규증권수령수량,STOCKLOAN NEW / SECURITY RECEIVE,Long,15,,"신규대주에 따라 회원이 증권금융에서  / 지급받을 증권수량: 회원(+), 증금(-)",
청산결제,TCSMIP46101,TCSMIP46101,당일거래분유통결제정보(주식시장),DATA,14,대주상환증권납부수량,STOCKLOAN REDEMPTION SECURITY PAYMENT,Long,15,,"대주상환에 따라 회원이 증권금융에 납부할 / 증권수량: 회원(-), 증금(+)",
청산결제,TCSMIP46101,TCSMIP46101,당일거래분유통결제정보(주식시장),DATA,15,대주신규납부금액,STOCKLOAN NEW / AMOUNT PAYMENT,Float,22,,"신규대주에 따라 회원이 증권금융에 납부할 / 대금: 회원(-), 증금(+)",
청산결제,TCSMIP46101,TCSMIP46101,당일거래분유통결제정보(주식시장),DATA,16,대주상환수령금액,STOCKLOAN REDEMPTION AMOUNT RECEIVE,Float,22,,"대주상환에 따라 회원이 증권금융에서  / 지급받을 대금: 회원(+), 증금(-)",
청산결제,TCSMIP46101,TCSMIP46101,당일거래분유통결제정보(주식시장),DATA,17,필러값,FILLER_VALUE,String,986,,,
청산결제,TCSMIP46401,TCSMIP46401,전일거래분유통결제정보(주식시장),DATA,1,메세지일련번호,MESSAGE_ / SEQUENCE NUMBER,Long,11,,메세지일련번호,
청산결제,TCSMIP46401,TCSMIP46401,전일거래분유통결제정보(주식시장),DATA,2,트랜잭션코드,TRANSACTION_ / CODE,String,11,,TCSMIP46401,
청산결제,TCSMIP46401,TCSMIP46401,전일거래분유통결제정보(주식시장),DATA,3,전송일자,TRANSMIT_DATE,String,8,,YYYYMMDD,
청산결제,TCSMIP46401,TCSMIP46401,전일거래분유통결제정보(주식시장),DATA,4,시장ID,MARKET_ / IDENTIFICATION,String,3,,별첨-KRX 차세대 상품 ID체계 참고,
청산결제,TCSMIP46401,TCSMIP46401,전일거래분유통결제정보(주식시장),DATA,5,거래일자,TRADING DATE,String,8,,YYYYMMDD,
청산결제,TCSMIP46401,TCSMIP46401,전일거래분유통결제정보(주식시장),DATA,6,결제일자,SETTLEMENT DATE,String,8,,YYYYMMDD,
청산결제,TCSMIP46401,TCSMIP46401,전일거래분유통결제정보(주식시장),DATA,7,회원번호,MEMBER NUMBER,String,5,,,
청산결제,TCSMIP46401,TCSMIP46401,전일거래분유통결제정보(주식시장),DATA,8,종목코드,ISSUE CODE,String,12,,현물/파생/채권/REPO 통합상품의 종목 코드(ISIN종목코드),
청산결제,TCSMIP46401,TCSMIP46401,전일거래분유통결제정보(주식시장),DATA,9,융자상환증권수령수량,LOAN  / REDEMPTION SECURITY  / RECEIVE,Long,15,,"융자상환에 따라 회원이 증권금융에서  / 지급받을 증권수량: 회원(+), 증금(-)",
청산결제,TCSMIP46401,TCSMIP46401,전일거래분유통결제정보(주식시장),DATA,10,융자신규증권납부수량,LOAN NEW / SECURITY  / PAYMENT,Long,15,,"신규융자에 따라 회원이 증권금융에 납부할  / 증권수량: 회원(-), 증금(+)",
청산결제,TCSMIP46401,TCSMIP46401,전일거래분유통결제정보(주식시장),DATA,11,융자상환납부금액,LOAN REDEMPTION  / AMOUNT PAYMENT,Float,22,,"융자상환에 따라 회원이 증권금융에 납부할  / 대금: 회원(-), 증금(+)",
청산결제,TCSMIP46401,TCSMIP46401,전일거래분유통결제정보(주식시장),DATA,12,융자신규수령금액,LOAN NEW / AMOUNT RECEIVE,Float,22,,"신규융자에 따라 회원이 증권금융에서  / 지급받을 대금: 회원(+), 증금(-)",
청산결제,TCSMIP46401,TCSMIP46401,전일거래분유통결제정보(주식시장),DATA,13,대주신규증권수령수량,STOCKLOAN NEW / SECURITY RECEIVE,Long,15,,"신규대주에 따라 회원이 증권금융에서  / 지급받을 증권수량: 회원(+), 증금(-)",
청산결제,TCSMIP46401,TCSMIP46401,전일거래분유통결제정보(주식시장),DATA,14,대주상환증권납부수량,STOCKLOAN REDEMPTION SECURITY PAYMENT,Long,15,,"대주상환에 따라 회원이 증권금융에 납부할  / 증권수량: 회원(-), 증금(+)",
청산결제,TCSMIP46401,TCSMIP46401,전일거래분유통결제정보(주식시장),DATA,15,대주신규납부금액,STOCKLOAN NEW / AMOUNT PAYMENT,Float,22,,"신규대주에 따라 회원이 증권금융에 납부할  / 대금: 회원(-), 증금(+)",
청산결제,TCSMIP46401,TCSMIP46401,전일거래분유통결제정보(주식시장),DATA,16,대주상환수령금액,STOCKLOAN REDEMPTION AMOUNT RECEIVE,Float,22,,"대주상환에 따라 회원이 증권금융에서  / 지급받을 대금: 회원(+), 증금(-)",
청산결제,TCSMIP46401,TCSMIP46401,전일거래분유통결제정보(주식시장),DATA,17,필러값,FILLER_VALUE,String,986,,,
청산결제,TCSMIP46501,TCSMIP46501,시장조성자증권거래세면제헤지거래신고,DATA,1,메세지일련번호,MESSAGE_SESUENCE NUMBER,Long,11,,메세지일련번호,
청산결제,TCSMIP46501,TCSMIP46501,시장조성자증권거래세면제헤지거래신고,DATA,2,트랜잭션코드,TRANSACTION_CODE,String,11,,TCSMIP46501,
청산결제,TCSMIP46501,TCSMIP46501,시장조성자증권거래세면제헤지거래신고,DATA,3,전송일자,TRANSMIT_DATE,String,8,,YYYYMMDD,
청산결제,TCSMIP46501,TCSMIP46501,시장조성자증권거래세면제헤지거래신고,DATA,4,회원번호,MEMBER_NUMBER,String,5,,,
청산결제,TCSMIP46501,TCSMIP46501,시장조성자증권거래세면제헤지거래신고,DATA,5,거래일자,TRADING_DATE,String,8,,,
청산결제,TCSMIP46501,TCSMIP46501,시장조성자증권거래세면제헤지거래신고,DATA,6,파생계좌번호,DERIVATION_ACCOUNT_NUMBER,String,12,,,
청산결제,TCSMIP46501,TCSMIP46501,시장조성자증권거래세면제헤지거래신고,DATA,7,연계현물계좌번호,LINK_SPOT_ACCOUNT_NUMBER,String,12,,,
청산결제,TCSMIP46501,TCSMIP46501,시장조성자증권거래세면제헤지거래신고,DATA,8,종목코드,ISSUE_CODE,String,12,,현물/파생/채권/REPO 통합상품의 종목 코드(ISIN종목코드),
청산결제,TCSMIP46501,TCSMIP46501,시장조성자증권거래세면제헤지거래신고,DATA,9,당일거래한도주식수량,THAT DAY_TRADING_LIMIT_STOCK_QUANTITY,Long,15,,,
청산결제,TCSMIP46501,TCSMIP46501,시장조성자증권거래세면제헤지거래신고,DATA,10,델타변화한도주식수량,DELTA_CHANGE_LIMIT_STOCK_QUANTITY,Long,15,,,
청산결제,TCSMIP46501,TCSMIP46501,시장조성자증권거래세면제헤지거래신고,DATA,11,최종결제한도주식수량,LAST_SETTLEMENT_LIMIT_STOCK_QUANTITY,Long,15,,,
청산결제,TCSMIP46501,TCSMIP46501,시장조성자증권거래세면제헤지거래신고,DATA,12,당일매도수량,THAT DAY_ASK_QUANTITY,Long,15,,,
청산결제,TCSMIP46501,TCSMIP46501,시장조성자증권거래세면제헤지거래신고,DATA,13,증권거래세면제수량,SECURITIES_TRANSACTION TAX_EXEMPTION_QUANTITY,Long,15,,,
청산결제,TCSMIP46501,TCSMIP46501,시장조성자증권거래세면제헤지거래신고,DATA,14,증권거래세면제금액,SECURITIES_TRANSACTION TAX_EXEMPTION_AMOUNT,Float,22,,,
청산결제,TCSMIP46601,TCSMIP46601,회원사고객계좌부전질권내역정보,DATA,1,메세지일련번호,MESSAGE_SESUENCE NUMBER,Long,11,,메세지일련번호,
청산결제,TCSMIP46601,TCSMIP46601,회원사고객계좌부전질권내역정보,DATA,2,트랜잭션코드,TRANSACTION_CODE,String,11,,TCSMIP46601,
청산결제,TCSMIP46601,TCSMIP46601,회원사고객계좌부전질권내역정보,DATA,3,전송일자,TRANSMIT_DATE,String,8,,YYYYMMDD,
청산결제,TCSMIP46601,TCSMIP46601,회원사고객계좌부전질권내역정보,DATA,4,회원번호,MEMBER_NUMBER,String,5,,,
청산결제,TCSMIP46601,TCSMIP46601,회원사고객계좌부전질권내역정보,DATA,5,증거금시장ID,MARGIN_MARKET_IDENTIFICATION,String,3,,"SPT:증권시장, DRV:파생시장",변경
청산결제,TCSMIP46601,TCSMIP46601,회원사고객계좌부전질권내역정보,DATA,6,위탁자기통합구분코드,TRUST_ / PRINCIPAL_ / INTEGRATION_ / TYPE_CODE,String,2,,10:위탁,
청산결제,TCSMIP46601,TCSMIP46601,회원사고객계좌부전질권내역정보,DATA,7,계좌번호,ACCOUNT_NUMBER,String,12,,거래소 시장계좌번호,
청산결제,TCSMIP46601,TCSMIP46601,회원사고객계좌부전질권내역정보,DATA,8,종목코드,ISSUE-CODE,String,12,,,
청산결제,TCSMIP46601,TCSMIP46601,회원사고객계좌부전질권내역정보,DATA,9,수량,QUANTITY,Float,16,,"해당수량, 단 채권은 발행단위(원)",
청산결제,TCSMIP46601,TCSMIP46601,회원사고객계좌부전질권내역정보,DATA,10,질권자 회원 번호,PLEDGE_MEMBER_NUMBER,String,5,,,
청산결제,TCSMIP46601,TCSMIP46601,회원사고객계좌부전질권내역정보,DATA,11,전질권자 회원 번호,PRE_PLEDGE_MEMBER_NUMBER,String,5,,전질권자가 KRX 라면 '00000' 으로 기입,
청산결제,TCSMIH11501,TCSMIH11501,주식선물미결제한도및예정내역,DATA,1,메세지일련번호,MESSAGE_ / SEQUENCE NUMBER,Long,11,,메세지일련번호,
청산결제,TCSMIH11501,TCSMIH11501,주식선물미결제한도및예정내역,DATA,2,트랜잭션코드,TRANSACTION_ / CODE,String,11,,TCSMIH11501,
청산결제,TCSMIH11501,TCSMIH11501,주식선물미결제한도및예정내역,DATA,3,전송일자,TRANSMIT_DATE,String,8,,YYYYMMDD,
청산결제,TCSMIH11501,TCSMIH11501,주식선물미결제한도및예정내역,DATA,4,전문완료여부,EMSG_COMPLT_YN,String,1,,"Y:전송완료, N:전송중",
청산결제,TCSMIH11501,TCSMIH11501,주식선물미결제한도및예정내역,DATA,5,상품완료여부,PROD_COMPLT_YN,String,1,,"Y:전송완료, N:전송중",
청산결제,TCSMIH11501,TCSMIH11501,주식선물미결제한도및예정내역,DATA,6,시장ID,MARKET_ / IDENTIFICATION,String,3,,별첨-KRX 차세대 상품 ID체계 참고,
청산결제,TCSMIH11501,TCSMIH11501,주식선물미결제한도및예정내역,DATA,7,증권그룹ID,SECURITIES  / GROUP_ / IDENTIFICATION,String,2,,"FU:선물, OP:옵션, FX:FLEX / SPACE",
청산결제,TCSMIH11501,TCSMIH11501,주식선물미결제한도및예정내역,DATA,8,기초자산코드,UNDERLYING ASSET_CODE,String,2,,‘ISIN표준코드’ 체계의 ‘대상물코드’를 사용,
청산결제,TCSMIH11501,TCSMIH11501,주식선물미결제한도및예정내역,DATA,9,적용일,START_DATE,String,8,,,
청산결제,TCSMIH11501,TCSMIH11501,주식선물미결제한도및예정내역,DATA,10,종목코드,ISSUE_CODE,String,12,,현선물 통합상품의 기초자산 종목 코드(ISIN종목코드),
청산결제,TCSMIH11501,TCSMIH11501,주식선물미결제한도및예정내역,DATA,11,산출유형코드,CALCULATE TYPE / CODE,String,1,,0:주식선물 최초 상장 / 1:연초 정기 산출 / 2:연중 수시 산출,
청산결제,TCSMIH11501,TCSMIH11501,주식선물미결제한도및예정내역,DATA,12,미결제한도변경사유,OPEN INTEREST / LIMIT CHANGE / REASON,String,2,,별첨-TR별 참조내용 참고,
청산결제,TCSMIH11501,TCSMIH11501,주식선물미결제한도및예정내역,DATA,13,기준상장주식수,BASE LISTING / NUMBER OF  / SHARES,Long,15,,단위:주,
청산결제,TCSMIH11501,TCSMIH11501,주식선물미결제한도및예정내역,DATA,14,미결제한도계약수,LIMIT QUANTITY,Long,15,,단위:계약,
청산결제,TCSMIH11501,TCSMIH11501,주식선물미결제한도및예정내역,DATA,15,필러값,FILLER_VALUE,String,1108,,,
청산결제,TCSMIH22501,TCSMIH22501,주식선물미결제수량조정후변경내역,DATA,1,메세지일련번호,MESSAGE_ / SEQUENCE NUMBER,Long,11,,메세지일련번호,
청산결제,TCSMIH22501,TCSMIH22501,주식선물미결제수량조정후변경내역,DATA,2,트랜잭션코드,TRANSACTION_ / CODE,String,11,,TCSMIH22501,
청산결제,TCSMIH22501,TCSMIH22501,주식선물미결제수량조정후변경내역,DATA,3,전송일자,TRANSMIT_DATE,String,8,,YYYYMMDD / 데이터 생성일자,
청산결제,TCSMIH22501,TCSMIH22501,주식선물미결제수량조정후변경내역,DATA,4,전문완료여부,EMSG_COMPLT_YN,String,1,,"Y:전송완료, N:전송중",
청산결제,TCSMIH22501,TCSMIH22501,주식선물미결제수량조정후변경내역,DATA,5,상품완료여부,PROD_COMPLT_YN,String,1,,"Y:전송완료, N:전송중",
청산결제,TCSMIH22501,TCSMIH22501,주식선물미결제수량조정후변경내역,DATA,6,시장ID,MARKET_ / IDENTIFICATION,String,3,,별첨-KRX 차세대 상품 ID체계 참고,
청산결제,TCSMIH22501,TCSMIH22501,주식선물미결제수량조정후변경내역,DATA,7,증권그룹ID,SECURITIES  / GROUP_ / IDENTIFICATION,String,2,,"FU:선물, OP:옵션, FX:FLEX",
청산결제,TCSMIH22501,TCSMIH22501,주식선물미결제수량조정후변경내역,DATA,8,기초자산코드,UNDERLYING ASSET_CODE,String,2,,‘ISIN표준코드’ 체계의 ‘대상물코드’를 사용,
청산결제,TCSMIH22501,TCSMIH22501,주식선물미결제수량조정후변경내역,DATA,9,회원번호,MEMBER_NUMBER,String,5,,,
청산결제,TCSMIH22501,TCSMIH22501,주식선물미결제수량조정후변경내역,DATA,10,거래전문회원번호,NON CLREARING MEMBER_NUMBER,String,5,,,
청산결제,TCSMIH22501,TCSMIH22501,주식선물미결제수량조정후변경내역,DATA,11,적용일자,START DATE,String,8,,YYYYMMDD,
청산결제,TCSMIH22501,TCSMIH22501,주식선물미결제수량조정후변경내역,DATA,12,조정사유코드,ADJUSTMENT REASON CODE,String,2,,별첨-TR별 참조내용 참고,
청산결제,TCSMIH22501,TCSMIH22501,주식선물미결제수량조정후변경내역,DATA,13,계좌번호,ACCOUNT_NUMBER,String,12,,,
청산결제,TCSMIH22501,TCSMIH22501,주식선물미결제수량조정후변경내역,DATA,14,종목코드,ISSUE_CODE,String,12,,현물/파생/채권/REPO 통합상품의 종목 코드(ISIN종목코드),
청산결제,TCSMIH22501,TCSMIH22501,주식선물미결제수량조정후변경내역,DATA,15,미결제약정수량조정계수,CONTRTSZ ADJ FACTR NUMRTR,Long,6,,조정전 미결제 수량에 곱하는 값(정수),
청산결제,TCSMIH22501,TCSMIH22501,주식선물미결제수량조정후변경내역,DATA,16,조정전매도미결제수량,BEFORE ADJUSTMENT ASK  / OPEN INTEREST  / QUANTITY,Long,10,,,
청산결제,TCSMIH22501,TCSMIH22501,주식선물미결제수량조정후변경내역,DATA,17,조정전매수미결제수량,BEFORE  / ADJUSTMENT BID  / OPEN INTEREST  / QUANTITY,Long,10,,,
청산결제,TCSMIH22501,TCSMIH22501,주식선물미결제수량조정후변경내역,DATA,18,조정후매도미결제수량,AFTER ADJUSTMENT  / ASK OPEN INTEREST  / QUANTITY,Long,10,,조정전 매도 미결제 * 미결제 조정계수,
청산결제,TCSMIH22501,TCSMIH22501,주식선물미결제수량조정후변경내역,DATA,19,조정후매수미결제수량,AFTER ADJUSTMENT  / BID OPEN INTEREST  / QUANTITY,Long,10,,조정전 매수 미결제 * 미결제 조정계수,
청산결제,TCSMIH22501,TCSMIH22501,주식선물미결제수량조정후변경내역,DATA,20,필러값,FILLER_VALUE,String,1071,,,
청산결제,TCSMIH22601,TCSMIH22601,시장조성자헤지한도계산용거래량가중평균델타,DATA,1,메세지일련번호,MESSAGE_ / SEQUENCE NUMBER,Long,11,,메세지일련번호,
청산결제,TCSMIH22601,TCSMIH22601,시장조성자헤지한도계산용거래량가중평균델타,DATA,2,트랜잭션코드,TRANSACTION_ / CODE,String,11,,TCSMIH22601,
청산결제,TCSMIH22601,TCSMIH22601,시장조성자헤지한도계산용거래량가중평균델타,DATA,3,전송일자,TRANSMIT_DATE,String,8,,YYYYMMDD,
청산결제,TCSMIH22601,TCSMIH22601,시장조성자헤지한도계산용거래량가중평균델타,DATA,4,전문완료여부,EMSG_COMPLT_YN,String,1,,"Y:전송완료, N:전송중",
청산결제,TCSMIH22601,TCSMIH22601,시장조성자헤지한도계산용거래량가중평균델타,DATA,5,거래일자,TRADING_DATE,String,8,,YYYYMMDD,
청산결제,TCSMIH22601,TCSMIH22601,시장조성자헤지한도계산용거래량가중평균델타,DATA,6,선물옵션구분코드,FUTURES AND OPTION_TYPE_CODE,String,1,,"F:선물, C:콜옵션, P:풋옵션",
청산결제,TCSMIH22601,TCSMIH22601,시장조성자헤지한도계산용거래량가중평균델타,DATA,7,종목코드,ISSUE_CODE,String,12,,현물/파생/채권/REPO 통합상품의 종목 코드(ISIN종목코드),
청산결제,TCSMIH22601,TCSMIH22601,시장조성자헤지한도계산용거래량가중평균델타,DATA,8,매수델타,BID_DLETA,Float,20,,,
청산결제,TCSMIH22601,TCSMIH22601,시장조성자헤지한도계산용거래량가중평균델타,DATA,9,매도델타,ASK_DLETA,Float,20,,,
청산결제,TCSMIH22601,TCSMIH22601,시장조성자헤지한도계산용거래량가중평균델타,DATA,10,필러값,FILLER_VALUE,String,1108,,,
청산결제,TCSMIH22701,TCSMIH22701,시장조성자헤지한도계산용지수반영시가총액비중,DATA,1,메세지일련번호,MESSAGE_ / SEQUENCE NUMBER,Long,11,,메세지일련번호,
청산결제,TCSMIH22701,TCSMIH22701,시장조성자헤지한도계산용지수반영시가총액비중,DATA,2,트랜잭션코드,TRANSACTION_ / CODE,String,11,,TCSMIH22701,
청산결제,TCSMIH22701,TCSMIH22701,시장조성자헤지한도계산용지수반영시가총액비중,DATA,3,전송일자,TRANSMIT_DATE,String,8,,YYYYMMDD,
청산결제,TCSMIH22701,TCSMIH22701,시장조성자헤지한도계산용지수반영시가총액비중,DATA,4,전문완료여부,EMSG_COMPLT_YN,String,1,,"Y:전송완료, N:전송중",
청산결제,TCSMIH22701,TCSMIH22701,시장조성자헤지한도계산용지수반영시가총액비중,DATA,5,거래일자,TRADING_DATE,String,8,,YYYYMMDD,
청산결제,TCSMIH22701,TCSMIH22701,시장조성자헤지한도계산용지수반영시가총액비중,DATA,6,지수관련기초자산ID,INDEX_RELATED_UNDERLYING ASSET_ID,String,3,,주식관련지수(변동성지수만 제외),
청산결제,TCSMIH22701,TCSMIH22701,시장조성자헤지한도계산용지수반영시가총액비중,DATA,7,구성종목코드,COMPOSITION_ISSUE_CODE,String,12,,ISIN종목코드,
청산결제,TCSMIH22701,TCSMIH22701,시장조성자헤지한도계산용지수반영시가총액비중,DATA,8,시가총액비중,MARKET CAPITALIZATION_WEIGHT,Float,13,,주가지수를 구성하는 개별 주식의 구성종목별 시가총액 비중,
청산결제,TCSMIH22701,TCSMIH22701,시장조성자헤지한도계산용지수반영시가총액비중,DATA,9,필러값,FILLER_VALUE,String,1133,,,
청산결제,TCSMIH22801,TCSMIH22801,공동기금과부족금액통보(주식·파생시장),DATA,1,메세지일련번호,MESSAGE_ / SEQUENCE NUMBER,Long,11,,메세지일련번호,
청산결제,TCSMIH22801,TCSMIH22801,공동기금과부족금액통보(주식·파생시장),DATA,2,트랜잭션코드,TRANSACTION_ / CODE,String,11,,TCSMIH22801,
청산결제,TCSMIH22801,TCSMIH22801,공동기금과부족금액통보(주식·파생시장),DATA,3,전송일자,TRANSMIT_DATE,String,8,,YYYYMMDD,
청산결제,TCSMIH22801,TCSMIH22801,공동기금과부족금액통보(주식·파생시장),DATA,4,공동기금시장ID,JOINT FUND_ / MARKET_ / IDENTIFICATION,String,3,,"SPT:현물시장, DRV:파생시장",변경
청산결제,TCSMIH22801,TCSMIH22801,공동기금과부족금액통보(주식·파생시장),DATA,5,회원번호,MEMBER_NUMBER,String,5,,,
청산결제,TCSMIH22801,TCSMIH22801,공동기금과부족금액통보(주식·파생시장),DATA,6,산출일,CALC_DATE,String,8,,YYYYMMDD,
청산결제,TCSMIH22801,TCSMIH22801,공동기금과부족금액통보(주식·파생시장),DATA,7,납부일,PAY_DATE,String,8,,YYYYMMDD,
청산결제,TCSMIH22801,TCSMIH22801,공동기금과부족금액통보(주식·파생시장),DATA,8,정기수시구분코드,REGUL_TMLY_TYPE_CODE,String,1,,"1:정기, 2:수시",
청산결제,TCSMIH22801,TCSMIH22801,공동기금과부족금액통보(주식·파생시장),DATA,9,공동기금필요액,JOINT FUND_ / REQUIRED VALUE,Float,22,,단위:원,
청산결제,TCSMIH22801,TCSMIH22801,공동기금과부족금액통보(주식·파생시장),DATA,10,공동기금예탁금액,JOINT FUND_ / DEPOSIT_AMOUNT,Float,22,,단위:원,
청산결제,TCSMIH22801,TCSMIH22801,공동기금과부족금액통보(주식·파생시장),DATA,11,과부족구분코드,OVRES & SHOTRS TYPE_CODE,String,1,,"1:초과, 2:부족, 3:일치",
청산결제,TCSMIH22801,TCSMIH22801,공동기금과부족금액통보(주식·파생시장),DATA,12,공동기금과부족금액,JOINT FUND_ / OVERS &  / SHORTS_AMOUNT,Float,22,,단위:원,
청산결제,TCSMIH22801,TCSMIH22801,공동기금과부족금액통보(주식·파생시장),DATA,13,필러값,FILLER_VALUE,String,1078,,,
청산결제,TCSMIH22901,TCSMIH22901,포지션이관신청처리결과통보(파생시장),DATA,1,메세지일련번호,MSG_SEQ,Long,11,,메세지일련번호,
청산결제,TCSMIH22901,TCSMIH22901,포지션이관신청처리결과통보(파생시장),DATA,2,트랜잭션코드,TR_CD,string,11,,TCSMIH22901,
청산결제,TCSMIH22901,TCSMIH22901,포지션이관신청처리결과통보(파생시장),DATA,3,전송일자,TRNSM_DD,string,8,,YYYYMMDD,
청산결제,TCSMIH22901,TCSMIH22901,포지션이관신청처리결과통보(파생시장),DATA,4,전문완료여부,EMSG_COMPLT_YN,string,1,,"Y:전송완료, N:전송중",
청산결제,TCSMIH22901,TCSMIH22901,포지션이관신청처리결과통보(파생시장),DATA,5,시장ID,MKT_ID,string,3,,별첨-KRX 차세대 상품 ID체계 참고,
청산결제,TCSMIH22901,TCSMIH22901,포지션이관신청처리결과통보(파생시장),DATA,6,회원번호,MBR_NO,string,5,,,
청산결제,TCSMIH22901,TCSMIH22901,포지션이관신청처리결과통보(파생시장),DATA,7,신청회원번호,APPL_MBR_NO,string,5,,,신규
청산결제,TCSMIH22901,TCSMIH22901,포지션이관신청처리결과통보(파생시장),DATA,8,포지션이관신청ID,POS_TRANSCTRL_APPL_ID,string,10,,,신규
청산결제,TCSMIH22901,TCSMIH22901,포지션이관신청처리결과통보(파생시장),DATA,9,포지션이관신청구분코드,POS_TRANSCTRL_APPL_TP_CD,string,2,,10:옴니버스계좌 포지션이관 / 20:타회원위탁계좌 포지션이관 / 30:일반포지션이관(구 TCSMIR30901),신규
청산결제,TCSMIH22901,TCSMIH22901,포지션이관신청처리결과통보(파생시장),DATA,10,이관회원번호,TRANSCTRL_MBR_NO,string,5,,,신규
청산결제,TCSMIH22901,TCSMIH22901,포지션이관신청처리결과통보(파생시장),DATA,11,이관계좌번호,TRANSCTRL_ACNT_NO,string,12,,,신규
청산결제,TCSMIH22901,TCSMIH22901,포지션이관신청처리결과통보(파생시장),DATA,12,종목코드,ISU_CD,string,12,,,신규
청산결제,TCSMIH22901,TCSMIH22901,포지션이관신청처리결과통보(파생시장),DATA,13,매도매수구분코드,ASKBID_TP_CD,string,1,,,신규
청산결제,TCSMIH22901,TCSMIH22901,포지션이관신청처리결과통보(파생시장),DATA,14,미결제약정수량,OPNINT_QTY,Long,10,,,신규
청산결제,TCSMIH22901,TCSMIH22901,포지션이관신청처리결과통보(파생시장),DATA,15,수관회원번호,TKCTRL_MBR_NO,string,5,,,신규
청산결제,TCSMIH22901,TCSMIH22901,포지션이관신청처리결과통보(파생시장),DATA,16,수관계좌번호,TKCTRL_ACNT_NO,string,12,,,신규
청산결제,TCSMIH22901,TCSMIH22901,포지션이관신청처리결과통보(파생시장),DATA,19,필러값,FILR_VAL,string,1087,,,
청산결제,TCSMIH26501,TCSMIH26501,종목별결제예정내역(주식시장),DATA,1,메세지일련번호,MESSAGE_ / SEQUENCE NUMBER,Long,11,,메세지일련번호,
청산결제,TCSMIH26501,TCSMIH26501,종목별결제예정내역(주식시장),DATA,2,트랜잭션코드,TRANSACTION_ / CODE,String,11,,TCSMIH26501,
청산결제,TCSMIH26501,TCSMIH26501,종목별결제예정내역(주식시장),DATA,3,전송일자,TRANSMIT_DATE,String,8,,YYYYMMDD,
청산결제,TCSMIH26501,TCSMIH26501,종목별결제예정내역(주식시장),DATA,4,전문완료여부,EMSG_COMPLT_TY,String,1,,"Y:전송완료, N:전송중",
청산결제,TCSMIH26501,TCSMIH26501,종목별결제예정내역(주식시장),DATA,5,시장ID,MARKET_ / IDENTIFICATION,String,3,,"STK:유가증권, KSQ:코스닥",
청산결제,TCSMIH26501,TCSMIH26501,종목별결제예정내역(주식시장),DATA,6,증권그룹ID,SECURITIES GROUP_ / IDENTIFICATION,String,2,,별첨-KRX 차세대 상품 ID체계 참고,
청산결제,TCSMIH26501,TCSMIH26501,종목별결제예정내역(주식시장),DATA,7,회원번호,MEMBER_NUMBER,String,5,,,
청산결제,TCSMIH26501,TCSMIH26501,종목별결제예정내역(주식시장),DATA,8,거래전문회원번호,NON CLREARING MEMBER_NUMBER,String,5,,,
청산결제,TCSMIH26501,TCSMIH26501,종목별결제예정내역(주식시장),DATA,9,결제구분,SETTLEMENT_ / TYPE,String,1,,"1:순수회원결제, 2:유통결제, 3:순수회원결제+유통결제",
청산결제,TCSMIH26501,TCSMIH26501,종목별결제예정내역(주식시장),DATA,10,거래일자,TRADING_DATE,String,8,,YYYYMMDD,
청산결제,TCSMIH26501,TCSMIH26501,종목별결제예정내역(주식시장),DATA,11,결제일자,SETTLEMENT_DATE,String,8,,YYYYMMDD,
청산결제,TCSMIH26501,TCSMIH26501,종목별결제예정내역(주식시장),DATA,12,종목코드,ISSUE_CODE,String,12,,현물/파생/채권/REPO 통합상품의 종목 코드(ISIN종목코드),
청산결제,TCSMIH26501,TCSMIH26501,종목별결제예정내역(주식시장),DATA,13,LP여부,LIQUID PROVIDER_ / YES OR NO,String,1,,,
청산결제,TCSMIH26501,TCSMIH26501,종목별결제예정내역(주식시장),DATA,14,위탁매도체결수량,TRUST_ASK_ / TRADING VOLUMN,Long,12,,"단위:주,좌",
청산결제,TCSMIH26501,TCSMIH26501,종목별결제예정내역(주식시장),DATA,15,위탁매수체결수량,TRUST_BID_ / TRADING VOLUMN,Long,12,,"단위:주,좌",
청산결제,TCSMIH26501,TCSMIH26501,종목별결제예정내역(주식시장),DATA,16,입출고구분코드,SECURITIES IN-OUT_TYPE_CODE,String,1,,"0:입고(회원사 => 거래소, 매도결제수량),  / 1:출고(회원사 <= 거래소, 매수결제수량)",
청산결제,TCSMIH26501,TCSMIH26501,종목별결제예정내역(주식시장),DATA,17,위탁결제수량,TRUST_ / SETTLEMENT_ / QUANTITY,Long,15,,"단위:주,좌",
청산결제,TCSMIH26501,TCSMIH26501,종목별결제예정내역(주식시장),DATA,18,자기매도체결수량,PRINCIPAL_ASK_ / TRADING VOLUMN,Long,12,,"단위:주,좌",
청산결제,TCSMIH26501,TCSMIH26501,종목별결제예정내역(주식시장),DATA,19,자기매수체결수량,PRINCIPAL_BID_ / TRADING VOLUMN,Long,12,,"단위:주,좌",
청산결제,TCSMIH26501,TCSMIH26501,종목별결제예정내역(주식시장),DATA,20,입출고구분코드,SECURITIES IN-OUT_TYPE_CODE,String,1,,"0:입고(회원사 => 거래소, 매도결제수량),  / 1:출고(회원사 <= 거래소, 매수결제수량)",
청산결제,TCSMIH26501,TCSMIH26501,종목별결제예정내역(주식시장),DATA,21,자기결제수량,PRINCIPAL_ / SETTLEMENT_ / QUANTITY,Long,15,,,
청산결제,TCSMIH26501,TCSMIH26501,종목별결제예정내역(주식시장),DATA,22,위탁매도거래대금,TRUST_ASK_ / TRADING VALUE,Float,22,,단위:원,
청산결제,TCSMIH26501,TCSMIH26501,종목별결제예정내역(주식시장),DATA,23,위탁매수거래대금,TRUST_BID_ / TRADING VALUE,Float,22,,단위:원,
청산결제,TCSMIH26501,TCSMIH26501,종목별결제예정내역(주식시장),DATA,24,입출금구분코드,SECURITIES IN-OUT_TYPE_CODE,String,1,,"1:입금(회원사 => 거래소, 매수결제금액),  / 2:출금(회원사 <= 거래소, 매도결제금액)",
청산결제,TCSMIH26501,TCSMIH26501,종목별결제예정내역(주식시장),DATA,25,위탁결제금액,TRUST_ / SETTLEMENT_ / VALUE,Float,22,,단위:원,
청산결제,TCSMIH26501,TCSMIH26501,종목별결제예정내역(주식시장),DATA,26,자기매도거래대금,PRINCIPAL_ASK_ / TRADING VALUE,Float,22,,단위:원,
청산결제,TCSMIH26501,TCSMIH26501,종목별결제예정내역(주식시장),DATA,27,자기매수거래대금,PRINCIPAL_BID_ / TRADING VALUE,Float,22,,단위:원,
청산결제,TCSMIH26501,TCSMIH26501,종목별결제예정내역(주식시장),DATA,28,입출금구분코드,SECURITIES IN-OUT_TYPE_CODE,String,1,,"1:입금(회원사 => 거래소, 매수결제금액),  / 2:출금(회원사 <= 거래소, 매도결제금액)",
청산결제,TCSMIH26501,TCSMIH26501,종목별결제예정내역(주식시장),DATA,29,자기결제금액,PRINCIPAL_ / SETTLEMENT_ / VALUE,Float,22,,단위:원,
청산결제,TCSMIH26501,TCSMIH26501,종목별결제예정내역(주식시장),DATA,30,필러값,FILLER_VALUE,String,910,,,
청산결제,TCSMIH26601,TCSMIH26601,회원별결제예정내역(주식시장),DATA,1,메세지일련번호,MESSAGE_ / SEQUENCE NUMBER,Long,11,,메세지일련번호,
청산결제,TCSMIH26601,TCSMIH26601,회원별결제예정내역(주식시장),DATA,2,트랜잭션코드,TRANSACTION_CODE,String,11,,TCSMIH26601,
청산결제,TCSMIH26601,TCSMIH26601,회원별결제예정내역(주식시장),DATA,3,전송일자,TRANSMIT_DATE,String,8,,YYYYMMDD,
청산결제,TCSMIH26601,TCSMIH26601,회원별결제예정내역(주식시장),DATA,4,전문완료여부,ELECTRONIC / MESSAGE_ / COMPLETION_ / YES OR NO,String,1,,"Y:전송완료, N:전송중",
청산결제,TCSMIH26601,TCSMIH26601,회원별결제예정내역(주식시장),DATA,5,시장ID,MARKET_ / IDENTIFICATION,String,3,,"STK:유가증권, KSQ:코스닥",
청산결제,TCSMIH26601,TCSMIH26601,회원별결제예정내역(주식시장),DATA,6,회원번호,MEMBER_NUMBER,String,5,,,
청산결제,TCSMIH26601,TCSMIH26601,회원별결제예정내역(주식시장),DATA,7,거래전문회원번호,NON CLREARING MEMBER_NUMBER,String,5,,,
청산결제,TCSMIH26601,TCSMIH26601,회원별결제예정내역(주식시장),DATA,8,결제구분,SETTLEMENT_TYPE,String,1,,"1:순수회원결제, 2:유통결제, 3:순수회원결제+유통결제",
청산결제,TCSMIH26601,TCSMIH26601,회원별결제예정내역(주식시장),DATA,9,거래일자,TRADING_DATE,String,8,,YYYYMMDD,
청산결제,TCSMIH26601,TCSMIH26601,회원별결제예정내역(주식시장),DATA,10,결제일자,SETTLEMENT_DATE,String,8,,YYYYMMDD,
청산결제,TCSMIH26601,TCSMIH26601,회원별결제예정내역(주식시장),DATA,11,LP여부,LIQUID PROVIDER_ / YES OR NO,String,1,,"1:LP포함, 2:LP거래",
청산결제,TCSMIH26601,TCSMIH26601,회원별결제예정내역(주식시장),DATA,12,위탁매도거래대금,TRUST_ASK_ / TRADING VALUE,Float,22,,단위:원,
청산결제,TCSMIH26601,TCSMIH26601,회원별결제예정내역(주식시장),DATA,13,위탁매수거래대금,TRUST_BID_ / TRADING VALUE,Float,22,,단위:원,
청산결제,TCSMIH26601,TCSMIH26601,회원별결제예정내역(주식시장),DATA,14,자기매도거래대금,PRINCIPAL_ASK_ / TRADING VALUE,Float,22,,단위:원,
청산결제,TCSMIH26601,TCSMIH26601,회원별결제예정내역(주식시장),DATA,15,자기매수거래대금,PRINCIPAL_BID_ / TRADING VALUE,Float,22,,단위:원,
청산결제,TCSMIH26601,TCSMIH26601,회원별결제예정내역(주식시장),DATA,16,입출금구분코드,SECURITIES IN-OUT_TYPE_CODE,String,1,,"1:입금(회원사 => 거래소, 매수결제금액),  / 2:출금(회원사 <= 거래소, 매도결제금액)",
청산결제,TCSMIH26601,TCSMIH26601,회원별결제예정내역(주식시장),DATA,17,결제금액,SETTLEMENT_ / AMOUNT,Float,22,,단위:원,
청산결제,TCSMIH26601,TCSMIH26601,회원별결제예정내역(주식시장),DATA,18,필러값,FILLER_VALUE,String,1027,,,
청산결제,TCSMIH26901,TCSMIH26901,옵션델타통보(파생시장),DATA,1,메세지일련번호,msgSeq,Long,11,,,
청산결제,TCSMIH26901,TCSMIH26901,옵션델타통보(파생시장),DATA,2,트랜잭션코드,trCd,String,11,,TCSMIH26901,
청산결제,TCSMIH26901,TCSMIH26901,옵션델타통보(파생시장),DATA,3,전송일자,trnsmDd,String,8,,YYYYMMDD,
청산결제,TCSMIH26901,TCSMIH26901,옵션델타통보(파생시장),DATA,4,전문완료여부,EMSG_COMPLT_YN,String,1,,"Y:전송완료, N:전송중",
청산결제,TCSMIH26901,TCSMIH26901,옵션델타통보(파생시장),DATA,5,시각대완료여부,PROD_COMPLT_YN,String,1,,"Y:전송완료, N:전송중",
청산결제,TCSMIH26901,TCSMIH26901,옵션델타통보(파생시장),DATA,6,확정여부,finalYn,String,1,,"Y:확정, N:장중 (아래 주1 참조)",
청산결제,TCSMIH26901,TCSMIH26901,옵션델타통보(파생시장),DATA,7,회원번호,mbrNo,String,5,,'99999'로 고정,변경
청산결제,TCSMIH26901,TCSMIH26901,옵션델타통보(파생시장),DATA,8,산출시각,calcTm,string,9,,별첨-TR별 참조내용 참고,
청산결제,TCSMIH26901,TCSMIH26901,옵션델타통보(파생시장),DATA,9,종목코드,isuCd,string,12,,"Kospi200옵션, 미니Kospi200옵션, 주식옵션, KOSDAQ150옵션",
청산결제,TCSMIH26901,TCSMIH26901,옵션델타통보(파생시장),DATA,10,델타,delta,Float,20,,델타,
청산결제,TCSMIH26901,TCSMIH26901,옵션델타통보(파생시장),DATA,11,필러값,filrVal,String,1121,,,
청산결제,TCSMIH23501,TCSMIH23501,착오거래선물일일정산예정내역,DATA,1,메세지일련번호,MESSAGE_SEQUENCE NUMBER,Long,11,,메세지일련번호,
청산결제,TCSMIH23501,TCSMIH23501,착오거래선물일일정산예정내역,DATA,2,트랜잭션코드,TRANSACTION_CODE,String,11,,TCSMIH23501 /  * 착오거래구제신청이 접수되고 구제승인 처리가 익일로 보류된 경우만 발생함 /  * 평상시에는 마감전문만 발생함 (변경 가능),
청산결제,TCSMIH23501,TCSMIH23501,착오거래선물일일정산예정내역,DATA,3,전송일자,TRANSMIT_DATE,String,8,,YYYYMMDD,
청산결제,TCSMIH23501,TCSMIH23501,착오거래선물일일정산예정내역,DATA,4,전문완료여부,EMSG_COMPLT_YN,String,1,,"Y:전송완료, N:전송중",
청산결제,TCSMIH23501,TCSMIH23501,착오거래선물일일정산예정내역,DATA,5,시장ID,MARKET_IDENTIFICATION,String,3,,별첨-KRX 차세대 상품 ID체계 참고,
청산결제,TCSMIH23501,TCSMIH23501,착오거래선물일일정산예정내역,DATA,6,증권그룹ID,SECURITIES GROUP_IDENTIFICATION,String,2,,"FU:선물, OP:옵션, FX:FLEX",
청산결제,TCSMIH23501,TCSMIH23501,착오거래선물일일정산예정내역,DATA,7,기초자산코드,UNDERLYING ASSET_CODE,String,2,,‘ISIN표준코드’ 체계의 ‘대상물코드’를 사용,
청산결제,TCSMIH23501,TCSMIH23501,착오거래선물일일정산예정내역,DATA,8,회원번호,MEMBER_NUMBER,String,5,,,
청산결제,TCSMIH23501,TCSMIH23501,착오거래선물일일정산예정내역,DATA,9,거래전문회원번호,NON CLREARING MEMBER_NUMBER,String,5,,,
청산결제,TCSMIH23501,TCSMIH23501,착오거래선물일일정산예정내역,DATA,10,결제일자,SETTLEMENT_DATE,String,8,,YYYYMMDD,
청산결제,TCSMIH23501,TCSMIH23501,착오거래선물일일정산예정내역,DATA,11,종목코드,ISSUE_CODE,String,12,,현물/파생/채권/REPO 통합상품의 종목 코드(ISIN종목코드),
청산결제,TCSMIH23501,TCSMIH23501,착오거래선물일일정산예정내역,DATA,12,이익손실구분코드,PROFIT_LOSS_TYPE_CODE,String,1,,"1:이익, 2:손실",
청산결제,TCSMIH23501,TCSMIH23501,착오거래선물일일정산예정내역,DATA,13,위탁당일차금,TRUST_THAT DAY_PAYOFF,Float,23,,,
청산결제,TCSMIH23501,TCSMIH23501,착오거래선물일일정산예정내역,DATA,14,이익손실구분코드,PROFIT_LOSS_TYPE_CODE,String,1,,"1:이익, 2:손실",
청산결제,TCSMIH23501,TCSMIH23501,착오거래선물일일정산예정내역,DATA,15,위탁갱신차금,TRUST_UPDATE_PAYOFF,Float,23,,,
청산결제,TCSMIH23501,TCSMIH23501,착오거래선물일일정산예정내역,DATA,16,이익손실구분코드,PROFIT_LOSS_TYPE_CODE,String,1,,"1:이익, 2:손실",
청산결제,TCSMIH23501,TCSMIH23501,착오거래선물일일정산예정내역,DATA,17,위탁최종결제차금,TRUST_LAST_SETTLEMENT_PAYOFF,Float,23,,현금결제방식의 최종거래일에만 표시,
청산결제,TCSMIH23501,TCSMIH23501,착오거래선물일일정산예정내역,DATA,18,이익손실구분코드,PROFIT_LOSS_TYPE_CODE,String,1,,"1:이익, 2:손실",
청산결제,TCSMIH23501,TCSMIH23501,착오거래선물일일정산예정내역,DATA,19,자기당일차금,PRINCIPAL_THAT DAY_PAYOFF,Float,23,,,
청산결제,TCSMIH23501,TCSMIH23501,착오거래선물일일정산예정내역,DATA,20,이익손실구분코드,PROFIT_LOSS_TYPE_CODE,String,1,,"1:이익, 2:손실",
청산결제,TCSMIH23501,TCSMIH23501,착오거래선물일일정산예정내역,DATA,21,자기갱신차금,PRINCIPAL_UPDATE_PAYOFF,Float,23,,,
청산결제,TCSMIH23501,TCSMIH23501,착오거래선물일일정산예정내역,DATA,22,이익손실구분코드,PROFIT_LOSS_TYPE_CODE,String,1,,"1:이익, 2::손실",
청산결제,TCSMIH23501,TCSMIH23501,착오거래선물일일정산예정내역,DATA,23,자기최종결제차금,PRINCIPAL_LAST_SETTLEMENT_PAYOFF,Float,23,,현금결제방식의 최종거래일에만 표시됨,
청산결제,TCSMIH23501,TCSMIH23501,착오거래선물일일정산예정내역,DATA,24,필러값,FILLER_VALUE,String,988,,,
청산결제,TCSMIH23601,TCSMIH23601,착오거래옵션결제차금예정내역,DATA,1,메세지일련번호,MESSAGE_SEQUENCE NUMBER,Long,11,,메세지일련번호,
청산결제,TCSMIH23601,TCSMIH23601,착오거래옵션결제차금예정내역,DATA,2,트랜잭션코드,TRANSACTION_CODE,String,11,,TCSMIH23601 /  * 착오거래구제신청이 접수되고 구제승인 처리가 익일로 보류된 경우만 발생함 /  * 평상시에는 마감전문만 발생함 (변경 가능),
청산결제,TCSMIH23601,TCSMIH23601,착오거래옵션결제차금예정내역,DATA,3,전송일자,TRANSMIT_DATE,String,8,,YYYYMMDD,
청산결제,TCSMIH23601,TCSMIH23601,착오거래옵션결제차금예정내역,DATA,4,전문완료여부,EMSG_COMPLT_YN,String,1,,"Y:전송완료, N:전송중",
청산결제,TCSMIH23601,TCSMIH23601,착오거래옵션결제차금예정내역,DATA,5,시장ID,MARKET_IDENTIFICATION,String,3,,별첨-KRX 차세대 상품 ID체계 참고,
청산결제,TCSMIH23601,TCSMIH23601,착오거래옵션결제차금예정내역,DATA,6,증권그룹ID,SECURITIES GROUP_IDENTIFICATION,String,2,,"FU:선물, OP:옵션, FX:FLEX",
청산결제,TCSMIH23601,TCSMIH23601,착오거래옵션결제차금예정내역,DATA,7,기초자산코드,UNDERLYING ASSET_CODE,String,2,,‘ISIN표준코드’ 체계의 ‘대상물코드’를 사용,
청산결제,TCSMIH23601,TCSMIH23601,착오거래옵션결제차금예정내역,DATA,8,회원번호,MEMBER_NUMBER,String,5,,,
청산결제,TCSMIH23601,TCSMIH23601,착오거래옵션결제차금예정내역,DATA,9,거래전문회원번호,NON CLREARING MEMBER_NUMBER,String,5,,,
청산결제,TCSMIH23601,TCSMIH23601,착오거래옵션결제차금예정내역,DATA,10,결제일자,SETTLEMENT_DATE,String,8,,YYYYMMDD,
청산결제,TCSMIH23601,TCSMIH23601,착오거래옵션결제차금예정내역,DATA,11,종목코드,ISSUE_CODE,String,12,,현물/파생/채권/REPO 통합상품의 종목 코드(ISIN종목코드),
청산결제,TCSMIH23601,TCSMIH23601,착오거래옵션결제차금예정내역,DATA,12,위탁매도거래대금,TRUST_ASK_TRADING VALUE,Float,22,,,
청산결제,TCSMIH23601,TCSMIH23601,착오거래옵션결제차금예정내역,DATA,13,위탁매수거래대금,TRUST_BID_TRADING VALUE,Float,22,,,
청산결제,TCSMIH23601,TCSMIH23601,착오거래옵션결제차금예정내역,DATA,14,자기매도거래대금,PRINCIPAL_ASK_TRADING VALUE,Float,22,,,
청산결제,TCSMIH23601,TCSMIH23601,착오거래옵션결제차금예정내역,DATA,15,자기매수거래대금,PRINCIPAL_BID_TRADING VALUE,Float,22,,,
청산결제,TCSMIH23601,TCSMIH23601,착오거래옵션결제차금예정내역,DATA,16,위탁권리행사차금,TRUST_EXERCISE_PAYOFF,Float,23,,현금결제방식의 최종거래일에만 표시,
청산결제,TCSMIH23601,TCSMIH23601,착오거래옵션결제차금예정내역,DATA,17,위탁권리배정차금,TRUST_EXERCISE ASSIGNMENT_PAYOFF,Float,23,,현금결제방식의 최종거래일에만 표시,
청산결제,TCSMIH23601,TCSMIH23601,착오거래옵션결제차금예정내역,DATA,18,자기권리행사차금,PRINCIPAL_EXERCISE_PAYOFF,Float,23,,현금결제방식의 최종거래일에만 표시,
청산결제,TCSMIH23601,TCSMIH23601,착오거래옵션결제차금예정내역,DATA,19,자기권리배정차금금액,PRINCIPAL_EXERCISE ASSIGNMENT_PAYOFF_AMOUNT,Float,23,,현금결제방식의 최종거래일에만 표시,
청산결제,TCSMIH23601,TCSMIH23601,착오거래옵션결제차금예정내역,DATA,20,필러값,FILLER_VALUE,String,952,,,
청산결제,TCSMIH23701,TCSMIH23701,착오거래수수료예정내역,DATA,1,메세지일련번호,MESSAGE_SEQUENCE NUMBER,Long,11,,메세지일련번호,
청산결제,TCSMIH23701,TCSMIH23701,착오거래수수료예정내역,DATA,2,트랜잭션코드,TRANSACTION_CODE,String,11,,TCSMIH23701 /  * 착오거래구제신청이 접수되고 구제승인 처리가 익일로 보류된 경우만 발생함 /  * 평상시에는 마감전문만 발생함 (변경 가능),
청산결제,TCSMIH23701,TCSMIH23701,착오거래수수료예정내역,DATA,3,전송일자,TRANSMIT_DATE,String,8,,YYYYMMDD,
청산결제,TCSMIH23701,TCSMIH23701,착오거래수수료예정내역,DATA,4,전문완료여부,EMSG_COMPLT_YN,String,1,,"Y:전송완료, N:전송중",
청산결제,TCSMIH23701,TCSMIH23701,착오거래수수료예정내역,DATA,5,시장ID,MARKET_IDENTIFICATION,String,3,,별첨-KRX 차세대 상품 ID체계 참고,
청산결제,TCSMIH23701,TCSMIH23701,착오거래수수료예정내역,DATA,6,증권그룹ID,SECURITIES   / GROUP_IDENTIFICATION,String,2,,"FU:선물, OP:옵션, FX:FLEX",
청산결제,TCSMIH23701,TCSMIH23701,착오거래수수료예정내역,DATA,7,기초자산코드,UNDERLYING ASSET_CODE,String,2,,‘ISIN표준코드’ 체계의 ‘대상물코드’를 사용,
청산결제,TCSMIH23701,TCSMIH23701,착오거래수수료예정내역,DATA,8,회원번호,MEMBER_NUMBER,String,5,,,
청산결제,TCSMIH23701,TCSMIH23701,착오거래수수료예정내역,DATA,9,거래전문회원번호,NON CLREARING MEMBER_NUMBER,String,5,,,
청산결제,TCSMIH23701,TCSMIH23701,착오거래수수료예정내역,DATA,10,결제일자,SETTLEMENT_DATE,String,8,,YYYYMMDD,
청산결제,TCSMIH23701,TCSMIH23701,착오거래수수료예정내역,DATA,11,수수료,FEE,Float,22,,거래체결KRX거래수수료 + 거래체결KRX청산결제수수료 + 거래체결CME거래수수료 + 거래체결CME청산결제수수료 + 최종결제거래수수료 + 최종결제청산결제수수료,
청산결제,TCSMIH23701,TCSMIH23701,착오거래수수료예정내역,DATA,12,거래체결KRX거래수수료,TRADING_KRX_TRADING_FEE,Float,22,,,
청산결제,TCSMIH23701,TCSMIH23701,착오거래수수료예정내역,DATA,13,거래체결KRX청산결제수수료,TRADING_KRX_CLEARING & SETTLEMENT_FEE,Float,22,,,
청산결제,TCSMIH23701,TCSMIH23701,착오거래수수료예정내역,DATA,14,거래체결CME거래수수료,TRADING_CME_TRADING_FEE,Float,22,,,
청산결제,TCSMIH23701,TCSMIH23701,착오거래수수료예정내역,DATA,15,거래체결CME청산결제수수료,TRADING_CME_CLEARING & SETTLEMENT_FEE,Float,22,,,
청산결제,TCSMIH23701,TCSMIH23701,착오거래수수료예정내역,DATA,16,최종결제거래수수료,LAST_SETTLEMENT_TRADING_FEE,Float,22,,,
청산결제,TCSMIH23701,TCSMIH23701,착오거래수수료예정내역,DATA,17,최종결제청산결제수수료,LAST_SETTLEMENT_CLEARING & SETTLEMENT_FEE,Float,22,,,
청산결제,TCSMIH23701,TCSMIH23701,착오거래수수료예정내역,DATA,18,협회비,ASSOCIATION_ / MEMBERSHIP FEE,Float,22,,거래체결협회비 + 최종결제협회비,
청산결제,TCSMIH23701,TCSMIH23701,착오거래수수료예정내역,DATA,19,최종결제협회비,UNDERWRITING AND DELIVERING_ / ASSOCIATION_ / MEMBERSHIP FEE,Float,22,,,
청산결제,TCSMIH23701,TCSMIH23701,착오거래수수료예정내역,DATA,20,필러값,FILLER_VALUE,String,946,,,
청산결제,TCSMIH23502,TCSMIH23502,착오거래선물일일정산확정내역,DATA,1,메세지일련번호,MESSAGE_SEQUENCE NUMBER,Long,11,,메세지일련번호,
청산결제,TCSMIH23502,TCSMIH23502,착오거래선물일일정산확정내역,DATA,2,트랜잭션코드,TRANSACTION_CODE,String,11,,TCSMIH23502 /  * 전일 구제 보류된 착오거래구제신청 접수건에 대해 당일 구제여부가 확정된 이후 발생함 /  * 평상시에는 마감전문만 발생함 (변경 가능),
청산결제,TCSMIH23502,TCSMIH23502,착오거래선물일일정산확정내역,DATA,3,전송일자,TRANSMIT_DATE,String,8,,YYYYMMDD,
청산결제,TCSMIH23502,TCSMIH23502,착오거래선물일일정산확정내역,DATA,4,전문완료여부,EMSG_COMPLT_YN,String,1,,"Y:전송완료, N:전송중",
청산결제,TCSMIH23502,TCSMIH23502,착오거래선물일일정산확정내역,DATA,5,시장ID,MARKET_IDENTIFICATION,String,3,,별첨-KRX 차세대 상품 ID체계 참고,
청산결제,TCSMIH23502,TCSMIH23502,착오거래선물일일정산확정내역,DATA,6,증권그룹ID,SECURITIES GROUP_IDENTIFICATION,String,2,,"FU:선물, OP:옵션, FX:FLEX",
청산결제,TCSMIH23502,TCSMIH23502,착오거래선물일일정산확정내역,DATA,7,기초자산코드,UNDERLYING ASSET_CODE,String,2,,‘ISIN표준코드’ 체계의 ‘대상물코드’를 사용,
청산결제,TCSMIH23502,TCSMIH23502,착오거래선물일일정산확정내역,DATA,8,회원번호,MEMBER_NUMBER,String,5,,,
청산결제,TCSMIH23502,TCSMIH23502,착오거래선물일일정산확정내역,DATA,9,거래전문회원번호,NON CLREARING MEMBER_NUMBER,String,5,,,
청산결제,TCSMIH23502,TCSMIH23502,착오거래선물일일정산확정내역,DATA,10,결제일자,SETTLEMENT_DATE,String,8,,YYYYMMDD,
청산결제,TCSMIH23502,TCSMIH23502,착오거래선물일일정산확정내역,DATA,11,종목코드,ISSUE_CODE,String,12,,현물/파생/채권/REPO 통합상품의 종목 코드(ISIN종목코드),
청산결제,TCSMIH23502,TCSMIH23502,착오거래선물일일정산확정내역,DATA,12,이익손실구분코드,PROFIT_LOSS_TYPE_CODE,String,1,,"1:이익, 2:손실",
청산결제,TCSMIH23502,TCSMIH23502,착오거래선물일일정산확정내역,DATA,13,위탁당일차금,TRUST_THAT DAY_PAYOFF,Float,23,,,
청산결제,TCSMIH23502,TCSMIH23502,착오거래선물일일정산확정내역,DATA,14,이익손실구분코드,PROFIT_LOSS_TYPE_CODE,String,1,,"1:이익, 2:손실",
청산결제,TCSMIH23502,TCSMIH23502,착오거래선물일일정산확정내역,DATA,15,위탁갱신차금,TRUST_UPDATE_PAYOFF,Float,23,,,
청산결제,TCSMIH23502,TCSMIH23502,착오거래선물일일정산확정내역,DATA,16,이익손실구분코드,PROFIT_LOSS_TYPE_CODE,String,1,,"1:이익, 2:손실",
청산결제,TCSMIH23502,TCSMIH23502,착오거래선물일일정산확정내역,DATA,17,위탁최종결제차금,TRUST_LAST_SETTLEMENT_PAYOFF,Float,23,,현금결제방식의 최종거래일에만 표시,
청산결제,TCSMIH23502,TCSMIH23502,착오거래선물일일정산확정내역,DATA,18,이익손실구분코드,PROFIT_LOSS_TYPE_CODE,String,1,,"1:이익, 2:손실",
청산결제,TCSMIH23502,TCSMIH23502,착오거래선물일일정산확정내역,DATA,19,자기당일차금,PRINCIPAL_THAT DAY_PAYOFF,Float,23,,,
청산결제,TCSMIH23502,TCSMIH23502,착오거래선물일일정산확정내역,DATA,20,이익손실구분코드,PROFIT_LOSS_TYPE_CODE,String,1,,"1:이익, 2:손실",
청산결제,TCSMIH23502,TCSMIH23502,착오거래선물일일정산확정내역,DATA,21,자기갱신차금,PRINCIPAL_UPDATE_PAYOFF,Float,23,,,
청산결제,TCSMIH23502,TCSMIH23502,착오거래선물일일정산확정내역,DATA,22,이익손실구분코드,PROFIT_LOSS_TYPE_CODE,String,1,,"1:이익, 2::손실",
청산결제,TCSMIH23502,TCSMIH23502,착오거래선물일일정산확정내역,DATA,23,자기최종결제차금,PRINCIPAL_LAST_SETTLEMENT_PAYOFF,Float,23,,현금결제방식의 최종거래일에만 표시됨,
청산결제,TCSMIH23502,TCSMIH23502,착오거래선물일일정산확정내역,DATA,24,필러값,FILLER_VALUE,String,988,,,
청산결제,TCSMIH23602,TCSMIH23602,착오거래옵션결제차금확정내역,DATA,1,메세지일련번호,MESSAGE_SEQUENCE NUMBER,Long,11,,메세지일련번호,
청산결제,TCSMIH23602,TCSMIH23602,착오거래옵션결제차금확정내역,DATA,2,트랜잭션코드,TRANSACTION_CODE,String,11,,TCSMIH23602 /  * 착오거래구제신청이 접수되고 구제승인 처리가 익일로 보류된 경우만 발생함 /  * 평상시에는 마감전문만 발생함 (변경 가능),
청산결제,TCSMIH23602,TCSMIH23602,착오거래옵션결제차금확정내역,DATA,3,전송일자,TRANSMIT_DATE,String,8,,YYYYMMDD,
청산결제,TCSMIH23602,TCSMIH23602,착오거래옵션결제차금확정내역,DATA,4,전문완료여부,EMSG_COMPLT_YN,String,1,,"Y:전송완료, N:전송중",
청산결제,TCSMIH23602,TCSMIH23602,착오거래옵션결제차금확정내역,DATA,5,시장ID,MARKET_IDENTIFICATION,String,3,,별첨-KRX 차세대 상품 ID체계 참고,
청산결제,TCSMIH23602,TCSMIH23602,착오거래옵션결제차금확정내역,DATA,6,증권그룹ID,SECURITIES GROUP_IDENTIFICATION,String,2,,"FU:선물, OP:옵션, FX:FLEX",
청산결제,TCSMIH23602,TCSMIH23602,착오거래옵션결제차금확정내역,DATA,7,기초자산코드,UNDERLYING ASSET_CODE,String,2,,‘ISIN표준코드’ 체계의 ‘대상물코드’를 사용,
청산결제,TCSMIH23602,TCSMIH23602,착오거래옵션결제차금확정내역,DATA,8,회원번호,MEMBER_NUMBER,String,5,,,
청산결제,TCSMIH23602,TCSMIH23602,착오거래옵션결제차금확정내역,DATA,9,거래전문회원번호,NON CLREARING MEMBER_NUMBER,String,5,,,
청산결제,TCSMIH23602,TCSMIH23602,착오거래옵션결제차금확정내역,DATA,10,결제일자,SETTLEMENT_DATE,String,8,,YYYYMMDD,
청산결제,TCSMIH23602,TCSMIH23602,착오거래옵션결제차금확정내역,DATA,11,종목코드,ISSUE_CODE,String,12,,현물/파생/채권/REPO 통합상품의 종목 코드(ISIN종목코드),
청산결제,TCSMIH23602,TCSMIH23602,착오거래옵션결제차금확정내역,DATA,12,위탁매도거래대금,TRUST_ASK_TRADING VALUE,Float,22,,,
청산결제,TCSMIH23602,TCSMIH23602,착오거래옵션결제차금확정내역,DATA,13,위탁매수거래대금,TRUST_BID_TRADING VALUE,Float,22,,,
청산결제,TCSMIH23602,TCSMIH23602,착오거래옵션결제차금확정내역,DATA,14,자기매도거래대금,PRINCIPAL_ASK_TRADING VALUE,Float,22,,,
청산결제,TCSMIH23602,TCSMIH23602,착오거래옵션결제차금확정내역,DATA,15,자기매수거래대금,PRINCIPAL_BID_TRADING VALUE,Float,22,,,
청산결제,TCSMIH23602,TCSMIH23602,착오거래옵션결제차금확정내역,DATA,16,위탁권리행사차금,TRUST_EXERCISE_PAYOFF,Float,23,,현금결제방식의 최종거래일에만 표시,
청산결제,TCSMIH23602,TCSMIH23602,착오거래옵션결제차금확정내역,DATA,17,위탁권리배정차금,TRUST_EXERCISE ASSIGNMENT_PAYOFF,Float,23,,현금결제방식의 최종거래일에만 표시,
청산결제,TCSMIH23602,TCSMIH23602,착오거래옵션결제차금확정내역,DATA,18,자기권리행사차금,PRINCIPAL_EXERCISE_PAYOFF,Float,23,,현금결제방식의 최종거래일에만 표시,
청산결제,TCSMIH23602,TCSMIH23602,착오거래옵션결제차금확정내역,DATA,19,자기권리배정차금금액,PRINCIPAL_EXERCISE ASSIGNMENT_PAYOFF_AMOUNT,Float,23,,현금결제방식의 최종거래일에만 표시,
청산결제,TCSMIH23602,TCSMIH23602,착오거래옵션결제차금확정내역,DATA,20,필러값,PRINCIPAL_EXERCISE ASSIGNMENT_PAYOFF_AMOUNT,String,952,,,
청산결제,TCSMIH23702,TCSMIH23702,착오거래수수료확정내역,DATA,1,메세지일련번호,MESSAGE_SEQUENCE NUMBER,Long,11,,메세지일련번호,
청산결제,TCSMIH23702,TCSMIH23702,착오거래수수료확정내역,DATA,2,트랜잭션코드,TRANSACTION_CODE,String,11,,TCSMIH23702 /  * 착오거래구제신청이 접수되고 구제승인 처리가 익일로 보류된 경우만 발생함 /  * 평상시에는 마감전문만 발생함 (변경 가능),
청산결제,TCSMIH23702,TCSMIH23702,착오거래수수료확정내역,DATA,3,전송일자,TRANSMIT_DATE,String,8,,YYYYMMDD,
청산결제,TCSMIH23702,TCSMIH23702,착오거래수수료확정내역,DATA,4,전문완료여부,EMSG_COMPLT_YN,String,1,,"Y:전송완료, N:전송중",
청산결제,TCSMIH23702,TCSMIH23702,착오거래수수료확정내역,DATA,5,시장ID,MARKET_IDENTIFICATION,String,3,,별첨-KRX 차세대 상품 ID체계 참고,
청산결제,TCSMIH23702,TCSMIH23702,착오거래수수료확정내역,DATA,6,증권그룹ID,SECURITIES   / GROUP_IDENTIFICATION,String,2,,"FU:선물, OP:옵션, FX:FLEX",
청산결제,TCSMIH23702,TCSMIH23702,착오거래수수료확정내역,DATA,7,기초자산코드,UNDERLYING ASSET_CODE,String,2,,‘ISIN표준코드’ 체계의 ‘대상물코드’를 사용,
청산결제,TCSMIH23702,TCSMIH23702,착오거래수수료확정내역,DATA,8,회원번호,MEMBER_NUMBER,String,5,,,
청산결제,TCSMIH23702,TCSMIH23702,착오거래수수료확정내역,DATA,9,거래전문회원번호,NON CLREARING MEMBER_NUMBER,String,5,,,
청산결제,TCSMIH23702,TCSMIH23702,착오거래수수료확정내역,DATA,10,결제일자,SETTLEMENT_DATE,String,8,,YYYYMMDD,
청산결제,TCSMIH23702,TCSMIH23702,착오거래수수료확정내역,DATA,11,수수료,FEE,Float,22,,거래체결KRX거래수수료 + 거래체결KRX청산결제수수료 + 거래체결CME거래수수료 + 거래체결CME청산결제수수료 + 최종결제거래수수료 + 최종결제청산결제수수료,
청산결제,TCSMIH23702,TCSMIH23702,착오거래수수료확정내역,DATA,12,거래체결KRX거래수수료,TRADING_KRX_TRADING_FEE,Float,22,,,
청산결제,TCSMIH23702,TCSMIH23702,착오거래수수료확정내역,DATA,13,거래체결KRX청산결제수수료,TRADING_KRX_CLEARING & SETTLEMENT_FEE,Float,22,,,
청산결제,TCSMIH23702,TCSMIH23702,착오거래수수료확정내역,DATA,14,거래체결야간CME거래수수료,TRADING_NDV_CME_TRADING_FEE,Float,22,,CME → 야간,
청산결제,TCSMIH23702,TCSMIH23702,착오거래수수료확정내역,DATA,15,거래체결야간CME청산결제수수료,TRADING_NDV_CME_CLEARING & SETTLEMENT_FEE,Float,22,,CME → 야간,
청산결제,TCSMIH23702,TCSMIH23702,착오거래수수료확정내역,DATA,16,최종결제거래수수료,LAST_SETTLEMENT_TRADING_FEE,Float,22,,,
청산결제,TCSMIH23702,TCSMIH23702,착오거래수수료확정내역,DATA,17,최종결제청산결제수수료,LAST_SETTLEMENT_CLEARING & SETTLEMENT_FEE,Float,22,,,
청산결제,TCSMIH23702,TCSMIH23702,착오거래수수료확정내역,DATA,18,협회비,ASSOCIATION_ / MEMBERSHIP FEE,Float,22,,거래체결협회비 + 최종결제협회비,
청산결제,TCSMIH23702,TCSMIH23702,착오거래수수료확정내역,DATA,19,최종결제협회비,UNDERWRITING AND DELIVERING_ / ASSOCIATION_ / MEMBERSHIP FEE,Float,22,,,
청산결제,TCSMIH23702,TCSMIH23702,착오거래수수료확정내역,DATA,20,필러값,FILLER_VALUE,String,946,,,
청산결제,TCSMIP46201,TCSMIP46201,비과세거래내역(코스닥포함),DATA,1,메세지일련번호,MESSAGE_ / SEQUENCE NUMBER,Long,11,,"메시지일련번호 / 마지막 레코드일 경우, 99999999999",
청산결제,TCSMIP46201,TCSMIP46201,비과세거래내역(코스닥포함),DATA,2,트랜잭션코드,TRANSACTION_CODE,String,11,,TCSMIP46201,
청산결제,TCSMIP46201,TCSMIP46201,비과세거래내역(코스닥포함),DATA,3,전송일자,TRANSMIT_DATE,String,8,,YYYYMMDD,
청산결제,TCSMIP46201,TCSMIP46201,비과세거래내역(코스닥포함),DATA,4,시장ID,MARKET_ / IDENTIFICATION,String,3,,별첨-KRX 차세대 상품 ID체계 참고,
청산결제,TCSMIP46201,TCSMIP46201,비과세거래내역(코스닥포함),DATA,5,거래일자,TRADING_DATE,String,8,,YYYYMMDD,
청산결제,TCSMIP46201,TCSMIP46201,비과세거래내역(코스닥포함),DATA,6,결제일자,SETTLEMENT_DATE,String,8,,YYYYMMDD,
청산결제,TCSMIP46201,TCSMIP46201,비과세거래내역(코스닥포함),DATA,7,증권회사번호,SECURITIES_ / COMPANY_NUMBER,String,5,,"회원번호, 비회원번호",
청산결제,TCSMIP46201,TCSMIP46201,비과세거래내역(코스닥포함),DATA,8,종목코드,ISSUE_CODE,String,12,,현물/파생/채권/REPO 통합상품의 종목 코드(ISIN종목코드),
청산결제,TCSMIP46201,TCSMIP46201,비과세거래내역(코스닥포함),DATA,9,단가,UNIT_PRICE,Long,10,,,
청산결제,TCSMIP46201,TCSMIP46201,비과세거래내역(코스닥포함),DATA,10,수량,QUANTITY,Long,15,,,
청산결제,TCSMIP46201,TCSMIP46201,비과세거래내역(코스닥포함),DATA,11,세율구분코드,ZERO_TAX RATE_TYPE_CODE,String,1,,1:비과세계좌 / 2:과세계좌의영세율 / 3:비과세계좌의영세율 / 4:상품영세율 / 5:증권저축의영세율,
청산결제,TCSMIP46201,TCSMIP46201,비과세거래내역(코스닥포함),DATA,12,회원번호,MEMBER_NUMBER,String,5,,비회원사 거래내역인 경우 회원번호,
청산결제,TCSMIP46201,TCSMIP46201,비과세거래내역(코스닥포함),DATA,13,주식발행가격,STOCK_ISSUE PRICE,Long,10,,,
청산결제,TCSMIH28201,TCSMIH28201,일반-소액채권시장차감거래량,DATA,1,메세지일련번호,MESSAGE_ / SEQUENCE NUMBER,Long,11,,메세지일련번호,
청산결제,TCSMIH28201,TCSMIH28201,일반-소액채권시장차감거래량,DATA,2,트랜잭션코드,TRANSACTION_CODE,String,11,,TCSMIH28201,
청산결제,TCSMIH28201,TCSMIH28201,일반-소액채권시장차감거래량,DATA,3,전송일자,TRANSMIT_DATE,String,8,,YYYYMMDD,
청산결제,TCSMIH28201,TCSMIH28201,일반-소액채권시장차감거래량,DATA,4,전문완료여부,EMSG_COMPLT_YN,String,1,,"Y:전문완료, N:전송중",
청산결제,TCSMIH28201,TCSMIH28201,일반-소액채권시장차감거래량,DATA,5,매매일,TRADING_DATE,String,8,,,
청산결제,TCSMIH28201,TCSMIH28201,일반-소액채권시장차감거래량,DATA,6,회원번호,MEMBER_NUMBER,String,5,,,
청산결제,TCSMIH28201,TCSMIH28201,일반-소액채권시장차감거래량,DATA,7,종목코드,ISSUE_CODE,String,12,,현물/파생/채권/REPO 통합상품의 종목 코드(ISIN종목코드),
청산결제,TCSMIH28201,TCSMIH28201,일반-소액채권시장차감거래량,DATA,8,위탁매도수량,TRUST_ASK_QUANTITY,Long,15,,"단위 : 1,000(포인트)",
청산결제,TCSMIH28201,TCSMIH28201,일반-소액채권시장차감거래량,DATA,9,위탁매수수량,TRUST_BID_QUANTITY,Long,15,,"단위 : 1,000(포인트)",
청산결제,TCSMIH28201,TCSMIH28201,일반-소액채권시장차감거래량,DATA,10,자기매도수량,PRINCIPAL_ASK_QUANTITY,Long,15,,"단위 : 1,000(포인트)",
청산결제,TCSMIH28201,TCSMIH28201,일반-소액채권시장차감거래량,DATA,11,자기매수수량,PRINCIPAL_BID_QUANTITY,Long,15,,"단위 : 1,000(포인트)",
청산결제,TCSMIH28201,TCSMIH28201,일반-소액채권시장차감거래량,DATA,12,신탁매도수량,TRUSTBUSINESS_ASK_QUANTITY,Long,15,,"단위 : 1,000(포인트)",
청산결제,TCSMIH28201,TCSMIH28201,일반-소액채권시장차감거래량,DATA,13,신탁매수수량,TRUSTBUSINESS_BID_QUANTITY,Long,15,,"단위 : 1,000(포인트)",
청산결제,TCSMIH28201,TCSMIH28201,일반-소액채권시장차감거래량,DATA,14,총차감매도수량,TOTAL_DEDUCTION_ASK_QUANTITY,Long,15,,"단위 : 1,000(포인트)",
청산결제,TCSMIH28201,TCSMIH28201,일반-소액채권시장차감거래량,DATA,15,총차감매수수량,TOTAL_DEDUCTION_BID_QUANTITY,Long,15,,"단위 : 1,000(포인트)",
청산결제,TCSMIH28201,TCSMIH28201,일반-소액채권시장차감거래량,DATA,16,필러값,FILLER_VALUE,String,1024,,,
청산결제,TCSMIH28301,TCSMIH28301,일반-소액채권시장차감거래대금,DATA,1,메세지일련번호,MESSAGE_SEQUENCE NUMBER,Long,11,,,
청산결제,TCSMIH28301,TCSMIH28301,일반-소액채권시장차감거래대금,DATA,2,트랜잭션코드,TRANSACTION_CODE,String,11,,TCSMIH28301,
청산결제,TCSMIH28301,TCSMIH28301,일반-소액채권시장차감거래대금,DATA,3,전송일자,TRANSMIT_DATE,String,8,,YYYYMMDD,
청산결제,TCSMIH28301,TCSMIH28301,일반-소액채권시장차감거래대금,DATA,4,전문완료여부,EMSG_COMPLT_YN,String,1,,"Y:전문완료, N:전송중",
청산결제,TCSMIH28301,TCSMIH28301,일반-소액채권시장차감거래대금,DATA,5,매매일,TRADING_DATE,String,8,,,
청산결제,TCSMIH28301,TCSMIH28301,일반-소액채권시장차감거래대금,DATA,6,회원번호,MEMBER_NUMBER,String,5,,,
청산결제,TCSMIH28301,TCSMIH28301,일반-소액채권시장차감거래대금,DATA,7,통화구분코드,CURR_TP_CD,string,1,,"1:원화, 2:US$, 3:엔, 4:유로화, 5:위안화",
청산결제,TCSMIH28301,TCSMIH28301,일반-소액채권시장차감거래대금,DATA,8,위탁매도대금,TRUST_ASK_AMOUNT,Float,22,,"단위 : 원, US$, 엔, 유로, 위안",
청산결제,TCSMIH28301,TCSMIH28301,일반-소액채권시장차감거래대금,DATA,9,위탁매수대금,TRUST_BID_AMOUNT,Float,22,,"단위 : 원, US$, 엔, 유로, 위안",
청산결제,TCSMIH28301,TCSMIH28301,일반-소액채권시장차감거래대금,DATA,10,자기매도대금,PRINCIPAL_ASK_AMOUNT,Float,22,,"단위 : 원, US$, 엔, 유로, 위안",
청산결제,TCSMIH28301,TCSMIH28301,일반-소액채권시장차감거래대금,DATA,11,자기매수대금,PRINCIPAL_BID_AMOUNT,Float,22,,"단위 : 원, US$, 엔, 유로, 위안",
청산결제,TCSMIH28301,TCSMIH28301,일반-소액채권시장차감거래대금,DATA,12,신탁매도대금,TRUSTBUSINESS_ASK_AMOUNT,Float,22,,"단위 : 원, US$, 엔, 유로, 위안",
청산결제,TCSMIH28301,TCSMIH28301,일반-소액채권시장차감거래대금,DATA,13,신탁매수대금,TRUSTBUSINESS_BID_AMOUNT,Float,22,,"단위 : 원, US$, 엔, 유로, 위안",
청산결제,TCSMIH28301,TCSMIH28301,일반-소액채권시장차감거래대금,DATA,14,총차감매도대금,TOTAL_DEDUCTION_ASK_AMOUNT,Float,22,,"단위 : 원, US$, 엔, 유로, 위안",
청산결제,TCSMIH28301,TCSMIH28301,일반-소액채권시장차감거래대금,DATA,15,총차감매수대금,TOTAL_DEDUCTION_BID_AMOUNT,Float,22,,"단위 : 원, US$, 엔, 유로, 위안",
청산결제,TCSMIH28301,TCSMIH28301,일반-소액채권시장차감거래대금,DATA,16,필러값,FILLER_VALUE,String,979,,,
청산결제,TCSMIH28401,TCSMIH28401,채권시장거래수수료,DATA,1,메세지일련번호,MESSAGE_SEQUENCE NUMBER,Long,11,,,
청산결제,TCSMIH28401,TCSMIH28401,채권시장거래수수료,DATA,2,트랜잭션코드,TRANSACTION_CODE,String,11,,TCSMIH28401,
청산결제,TCSMIH28401,TCSMIH28401,채권시장거래수수료,DATA,3,전송일자,TRANSMIT_DATE,String,8,,YYYYMMDD,
청산결제,TCSMIH28401,TCSMIH28401,채권시장거래수수료,DATA,4,전문완료여부,EMSG_COMPLT_YN,String,1,,"Y:전문완료, N:전송중",
청산결제,TCSMIH28401,TCSMIH28401,채권시장거래수수료,DATA,5,회원번호,MEMBER_NUMBER,String,5,,,
청산결제,TCSMIH28401,TCSMIH28401,채권시장거래수수료,DATA,6,거래회원번호,TRADING_MEMBER_NUMBER,String,5,,"자료 생성의 대상 회원을 의미 /  / 99999 인 경우, 위탁회원을 거느린 결제회원(위의 딜러번호 기준)의 전체 통합/차감 자료를 의미 /  / 거래전문회원에는 해당 회원 레코드만 발송 /  / 거래전문회원의 결제회원에는 다음 세 종류 전문 발송 /   - 결제를 위탁한 각 거래전문회원의 자료(이 항목에는 해당 각 거래전문회원 번호 표시) /   - 결제회원 자신의 자료(이 항목에는 해당 결제회원 번호 표시) /   - 결제회원에 결제를 위탁한 모든 거래전문회원의 자료를 통합/차감한 자료(이 항목에는 99999 표시)",
청산결제,TCSMIH28401,TCSMIH28401,채권시장거래수수료,DATA,7,시장구분,MARKET_TYPE,String,1,,"1: 일반채권, 2: KTS, 3: Repo, 6: 소액채권 / (2015.07.27 '6:소액채권'추가, '9:합계'삭제)",
청산결제,TCSMIH28401,TCSMIH28401,채권시장거래수수료,DATA,8,매매일,TRADING_DATE,String,8,,시장구분이 ‘합계’이면 ‘99999999’ / Repo시장의 경우 ‘환매수일’을 의미,
청산결제,TCSMIH28401,TCSMIH28401,채권시장거래수수료,DATA,9,결제일,SETTLEMENT_DATE,String,8,,결제대금의 납부일을 의미,
청산결제,TCSMIH28401,TCSMIH28401,채권시장거래수수료,DATA,10,수수료납부일,FEE_PAYMENT_DATE,String,8,,수수료의 납부일을 의미,
청산결제,TCSMIH28401,TCSMIH28401,채권시장거래수수료,DATA,11,거래체결KRX거래수수료,TRADING_FEE,Float,22,,단위: 원,
청산결제,TCSMIH28401,TCSMIH28401,채권시장거래수수료,DATA,12,거래체결KRX청산결제수수료,CLEARING & SETTLEMENT_FEE,Float,22,,단위: 원,
청산결제,TCSMIH28401,TCSMIH28401,채권시장거래수수료,DATA,13,수수료,FEE,Float,22,,단위: 원 / 거래체결KRX거래수수료 + 거래체결KRX청산결제수수료,
청산결제,TCSMIH28401,TCSMIH28401,채권시장거래수수료,DATA,14,필러값,FILLER_VALUE,String,1068,,,
청산결제,TCSMIH28501,TCSMIH28501,일반-소액채권시장거래량,DATA,1,메세지일련번호,MESSAGE_ / SEQUENCE NUMBER,Long,11,,메세지일련번호,
청산결제,TCSMIH28501,TCSMIH28501,일반-소액채권시장거래량,DATA,2,트랜잭션코드,TRANSACTION_CODE,String,11,,TCSMIH28501,
청산결제,TCSMIH28501,TCSMIH28501,일반-소액채권시장거래량,DATA,3,전송일자,TRANSMIT_DATE,String,8,,YYYYMMDD,
청산결제,TCSMIH28501,TCSMIH28501,일반-소액채권시장거래량,DATA,4,전문완료여부,EMSG_COMPLT_YN,String,1,,"Y:전문완료, N:전송중",
청산결제,TCSMIH28501,TCSMIH28501,일반-소액채권시장거래량,DATA,5,매매일,TRADING_DATE,String,8,,,
청산결제,TCSMIH28501,TCSMIH28501,일반-소액채권시장거래량,DATA,6,결제구분,SETTLEMENT_TYPE,String,1,,1: 당일결제거래,
청산결제,TCSMIH28501,TCSMIH28501,일반-소액채권시장거래량,DATA,7,회원번호,MEMBER_NUMBER,String,5,,,
청산결제,TCSMIH28501,TCSMIH28501,일반-소액채권시장거래량,DATA,8,비회원번호,NON MEMBER_NUMBER,String,5,,,
청산결제,TCSMIH28501,TCSMIH28501,일반-소액채권시장거래량,DATA,9,종목코드,ISSUE_CODE,String,12,,,
청산결제,TCSMIH28501,TCSMIH28501,일반-소액채권시장거래량,DATA,10,위탁매도수량,TRUST_ASK_QUANTITY,Long,15,,"단위 : 1,000원(포인트)",
청산결제,TCSMIH28501,TCSMIH28501,일반-소액채권시장거래량,DATA,11,위탁매도대금,TRUST_ASK_AMOUNT,Float,22,,"단위 : 원, US$, 엔, 유로, 위안",
청산결제,TCSMIH28501,TCSMIH28501,일반-소액채권시장거래량,DATA,12,위탁매수수량,TRUST_BID_QUANTITY,Long,15,,"단위 : 1,000원(포인트)",
청산결제,TCSMIH28501,TCSMIH28501,일반-소액채권시장거래량,DATA,13,위탁매수대금,TRUST_BID_AMOUNT,Float,22,,"단위 : 원, US$, 엔, 유로, 위안",
청산결제,TCSMIH28501,TCSMIH28501,일반-소액채권시장거래량,DATA,14,자기매도수량,PRINCIPAL_ASK_QUANTITY,Long,15,,"단위 : 1,000원(포인트)",
청산결제,TCSMIH28501,TCSMIH28501,일반-소액채권시장거래량,DATA,15,자기매도대금,PRINCIPAL_ASK_AMOUNT,Float,22,,"단위 : 원, US$, 엔, 유로, 위안",
청산결제,TCSMIH28501,TCSMIH28501,일반-소액채권시장거래량,DATA,16,자기매수수량,PRINCIPAL_BID_QUANTITY,Long,15,,"단위 : 1,000원(포인트)",
청산결제,TCSMIH28501,TCSMIH28501,일반-소액채권시장거래량,DATA,17,자기매수대금,PRINCIPAL_BID_AMOUNT,Float,22,,"단위 : 원, US$, 엔, 유로, 위안",
청산결제,TCSMIH28501,TCSMIH28501,일반-소액채권시장거래량,DATA,18,신탁매도수량,TRUSTBUSINESS_ASK_QUANTITY,Long,15,,"단위 : 1,000원(포인트)",
청산결제,TCSMIH28501,TCSMIH28501,일반-소액채권시장거래량,DATA,19,신탁매도대금,TRUSTBUSINESS_ASK_AMOUNT,Float,22,,"단위 : 원, US$, 엔, 유로, 위안",
청산결제,TCSMIH28501,TCSMIH28501,일반-소액채권시장거래량,DATA,20,신탁매수수량,TRUSTBUSINESS_BID_QUANTITY,Long,15,,"단위 : 1,000원(포인트)",
청산결제,TCSMIH28501,TCSMIH28501,일반-소액채권시장거래량,DATA,21,신탁매수대금,TRUSTBUSINESS_BID_AMOUNT,Float,22,,"단위 : 원, US$, 엔, 유로, 위안",
청산결제,TCSMIH28501,TCSMIH28501,일반-소액채권시장거래량,DATA,22,필러값,FILR_VAL,String,916,,,
청산결제,TCSMIH28601,TCSMIH28601,일반-소액채권시장거래대금,DATA,1,메세지일련번호,MESSAGE_ / SEQUENCE NUMBER,Long,11,,메세지일련번호,
청산결제,TCSMIH28601,TCSMIH28601,일반-소액채권시장거래대금,DATA,2,트랜잭션코드,TRANSACTION_CODE,String,11,,TCSMIH28601,
청산결제,TCSMIH28601,TCSMIH28601,일반-소액채권시장거래대금,DATA,3,전송일자,TRANSMIT_DATE,String,8,,YYYYMMDD,
청산결제,TCSMIH28601,TCSMIH28601,일반-소액채권시장거래대금,DATA,4,전문완료여부,EMSG_COMPLT_YN,String,1,,"Y:전문완료, N:전송중",
청산결제,TCSMIH28601,TCSMIH28601,일반-소액채권시장거래대금,DATA,5,매매일,TRADING_DATE,String,8,,,
청산결제,TCSMIH28601,TCSMIH28601,일반-소액채권시장거래대금,DATA,6,결제구분,SETTLEMENT_TYPE,String,1,,1: 당일결제거래,
청산결제,TCSMIH28601,TCSMIH28601,일반-소액채권시장거래대금,DATA,7,회원번호,MEMBER_NUMBER,String,5,,,
청산결제,TCSMIH28601,TCSMIH28601,일반-소액채권시장거래대금,DATA,8,비회원번호,NON MEMBER_NUMBER,String,5,,,
청산결제,TCSMIH28601,TCSMIH28601,일반-소액채권시장거래대금,DATA,9,통화구분코드,CURR_TP_CD,string,1,,"1:원화, 2:US$, 3:엔, 4:유로화, 5:위안화",
청산결제,TCSMIH28601,TCSMIH28601,일반-소액채권시장거래대금,DATA,10,위탁매도대금,TRUST_ASK_AMOUNT,Float,22,,"단위 : 원, US$, 엔, 유로, 위안",
청산결제,TCSMIH28601,TCSMIH28601,일반-소액채권시장거래대금,DATA,11,위탁매수대금,TRUST_BID_AMOUNT,Float,22,,"단위 : 원, US$, 엔, 유로, 위안",
청산결제,TCSMIH28601,TCSMIH28601,일반-소액채권시장거래대금,DATA,12,자기매도대금,PRINCIPAL_ASK_AMOUNT,Float,22,,"단위 : 원, US$, 엔, 유로, 위안",
청산결제,TCSMIH28601,TCSMIH28601,일반-소액채권시장거래대금,DATA,13,자기매수대금,PRINCIPAL_BID_AMOUNT,Float,22,,"단위 : 원, US$, 엔, 유로, 위안",
청산결제,TCSMIH28601,TCSMIH28601,일반-소액채권시장거래대금,DATA,14,신탁매도대금,TRUSTBUSINESS_ASK_AMOUNT,Float,22,,"단위 : 원, US$, 엔, 유로, 위안",
청산결제,TCSMIH28601,TCSMIH28601,일반-소액채권시장거래대금,DATA,15,신탁매수대금,TRUSTBUSINESS_BID_AMOUNT,Float,22,,"단위 : 원, US$, 엔, 유로, 위안",
청산결제,TCSMIH28601,TCSMIH28601,일반-소액채권시장거래대금,DATA,16,총차감매도대금,TOTAL_DEDUCTION_ASK_AMOUNT,Float,22,,"단위 : 원, US$, 엔, 유로, 위안",
청산결제,TCSMIH28601,TCSMIH28601,일반-소액채권시장거래대금,DATA,17,총차감매수대금,TOTAL_DEDUCTION_BID_AMOUNT,Float,22,,"단위 : 원, US$, 엔, 유로, 위안",
청산결제,TCSMIH28601,TCSMIH28601,일반-소액채권시장거래대금,DATA,18,필러값,FILR_VAL,String,973,,,
청산결제,TCSMIH28701,TCSMIH28701,REPO차감결제수량,DATA,1,메세지일련번호,MESSAGE_SEQUENCE NUMBER,Long,11,,메세지일련번호,
청산결제,TCSMIH28701,TCSMIH28701,REPO차감결제수량,DATA,2,트랜잭션코드,TRANSACTION_CODE,String,11,,TCSMIH28701,
청산결제,TCSMIH28701,TCSMIH28701,REPO차감결제수량,DATA,3,전송일자,TRANSMIT_DATE,String,8,,YYYYMMDD,
청산결제,TCSMIH28701,TCSMIH28701,REPO차감결제수량,DATA,4,전문완료여부,EMSG_COMPLT_YN,String,1,,"Y:전문완료, N:전송중",
청산결제,TCSMIH28701,TCSMIH28701,REPO차감결제수량,DATA,5,거래일자,TRADING_DATE,String,8,,YYYYMMDD,
청산결제,TCSMIH28701,TCSMIH28701,REPO차감결제수량,DATA,6,결제일자,SETTLEMENT_DATE,String,8,,YYYYMMDD,
청산결제,TCSMIH28701,TCSMIH28701,REPO차감결제수량,DATA,7,딜러번호,DEALER_NUMBER,String,5,,,
청산결제,TCSMIH28701,TCSMIH28701,REPO차감결제수량,DATA,8,거래회원번호,TRADING_MEMBER_NUMBER,String,5,,"자료 생성의 대상 회원을 의미 /  / 99999 인 경우, 위탁회원을 거느린 결제회원(위의 딜러번호 기준)의 전체 통합/차감 자료를 의미 /  / 거래전문회원에는 해당 회원 레코드만 발송 /  / 거래전문회원의 결제회원에는 다음 세 종류 전문 발송 /   - 결제를 위탁한 각 거래전문회원의 자료(이 항목에는 해당 각 거래전문회원 번호 표시) /   - 결제회원 자신의 자료(이 항목에는 해당 결제회원 번호 표시) /   - 결제회원에 결제를 위탁한 모든 거래전문회원의 자료를 통합/차감한 자료(이 항목에는 99999 표시) /  / ",
청산결제,TCSMIH28701,TCSMIH28701,REPO차감결제수량,DATA,9,종목코드,ISSUE_CODE,String,12,,ISIN표준코드,
청산결제,TCSMIH28701,TCSMIH28701,REPO차감결제수량,DATA,10,REPO 자기차감납부수량,REPOBOND_PRINCIPAL_DEDUCTION_PAY_QUANTITY,Long,15,,단위:천원(납부수량>수령수량),
청산결제,TCSMIH28701,TCSMIH28701,REPO차감결제수량,DATA,11,REPO 자기차감수령수량,REPOBOND_PRINCIPAL_DEDUCTION_RECEIVE_QUANTITY,Long,15,,단위:천원(지급수량<수령수량),
청산결제,TCSMIH28701,TCSMIH28701,REPO차감결제수량,DATA,12,REPO 신탁차감납부수량,REPOBOND_TRUSTBUSINESS_DEDUCTION_PAY_QUANTITY,Long,15,,단위:천원(납부수량>수령수량),
청산결제,TCSMIH28701,TCSMIH28701,REPO차감결제수량,DATA,13,REPO 신탁차감수령수량,REPOBOND_TRUSTBUSINESS_DEDUCTION_RECEIVE_QUANTITY,Long,15,,단위:천원(지급수량<수령수량),
청산결제,TCSMIH28701,TCSMIH28701,REPO차감결제수량,DATA,14,REPO 위탁차감납부수량,REPOBOND_TRUST_DEDUCTION_PAY_QUANTITY,Long,15,,"단위:천원(납부수량>수령수량) / 거래전문회원으로부터 결제를 위탁한 결제회원용 레코드의 경우, 해당 결제회원에 결제를 위탁한 모든 거래전문회원분을 포함",
청산결제,TCSMIH28701,TCSMIH28701,REPO차감결제수량,DATA,15,REPO 위탁차감수령수량,REPOBOND_TRUST_DEDUCTION_RECEIVE_QUANTITY,Long,15,,"단위:천원(지급수량<수령수량) /  / 거래전문회원으로부터 결제를 위탁한 결제회원용 레코드의 경우, 해당 결제회원에 결제를 위탁한 모든 거래전문회원분을 포함",
청산결제,TCSMIH28701,TCSMIH28701,REPO차감결제수량,DATA,15,REPO 차감납부수량,REPO / BOND_DEDUCTION_PAY_QUANTITY,Long,15,,단위:천원(납부수량>수령수량),
청산결제,TCSMIH28701,TCSMIH28701,REPO차감결제수량,DATA,16,REPO 차감수령수량,REPO / BOND_DEDUCTION_RECEIVE_QUANTITY,Long,15,,단위:천원(지급수량<수령수량),
청산결제,TCSMIH28701,TCSMIH28701,REPO차감결제수량,DATA,17,필러값,FILR_VAL,String,1011,,,
청산결제,TCSMIH28801,TCSMIH28801,REPO차감결제대금,DATA,1,메세지일련번호,MESSAGE_SEQUENCE NUMBER,Long,11,,메세지일련번호,
청산결제,TCSMIH28801,TCSMIH28801,REPO차감결제대금,DATA,2,트랜잭션코드,TRANSACTION_CODE,String,11,,TCSMIH28801,
청산결제,TCSMIH28801,TCSMIH28801,REPO차감결제대금,DATA,3,전송일자,TRANSMIT_DATE,String,8,,YYYYMMDD,
청산결제,TCSMIH28801,TCSMIH28801,REPO차감결제대금,DATA,4,전문완료여부,EMSG_COMPLT_YN,String,1,,"Y:전문완료, N:전송중",
청산결제,TCSMIH28801,TCSMIH28801,REPO차감결제대금,DATA,5,거래일자,TRADING_DATE,String,8,,YYYYMMDD,
청산결제,TCSMIH28801,TCSMIH28801,REPO차감결제대금,DATA,6,결제일자,SETTLEMENT_DATE,String,8,,YYYYMMDD,
청산결제,TCSMIH28801,TCSMIH28801,REPO차감결제대금,DATA,7,딜러번호,DEALER_NUMBER,String,5,,,
청산결제,TCSMIH28801,TCSMIH28801,REPO차감결제대금,DATA,8,거래회원번호,TRADING_MEMBER_NUMBER,String,5,,"자료 생성의 대상 회원을 의미 /  / 99999 인 경우, 위탁회원을 거느린 결제회원(위의 딜러번호 기준)의 전체 통합/차감 자료를 의미 /  / 거래전문회원에는 해당 회원 레코드만 발송 /  / 거래전문회원의 결제회원에는 다음 세 종류 전문 발송 /   - 결제를 위탁한 각 거래전문회원의 자료(이 항목에는 해당 각 거래전문회원 번호 표시) /   - 결제회원 자신의 자료(이 항목에는 해당 결제회원 번호 표시) /   - 결제회원에 결제를 위탁한 모든 거래전문회원의 자료를 통합/차감한 자료(이 항목에는 99999 표시) /  / ",
청산결제,TCSMIH28801,TCSMIH28801,REPO차감결제대금,DATA,9,REPO 자기차감납부대금,REPOBOND_PRINCIPAL_DEDUCTION_PAY_AMOUNT,Float,22,,단위:원(납부대금>수령대금),
청산결제,TCSMIH28801,TCSMIH28801,REPO차감결제대금,DATA,10,REPO 자기차감수령대금,REPOBOND_PRINCIPAL_DEDUCTION_RECEIVE_AMOUNT,Float,22,,단위:원(지급대금<수령대금),
청산결제,TCSMIH28801,TCSMIH28801,REPO차감결제대금,DATA,11,REPO 신탁차감납부대금,REPOBOND_TRUSTBUSINESS_DEDUCTION_PAY_AMOUNT,Float,22,,단위:원(납부대금>수령대금),
청산결제,TCSMIH28801,TCSMIH28801,REPO차감결제대금,DATA,12,REPO 신탁차감수령대금,REPOBOND_TRUSTBUSINESS_DEDUCTION_RECEIVE_AMOUNT,Float,22,,단위:원(지급대금<수령대금),
청산결제,TCSMIH28801,TCSMIH28801,REPO차감결제대금,DATA,13,REPO 위탁차감납부대금,REPOBOND_TRUST_DEDUCTION_PAY_AMOUNT,Float,22,,"단위:원(납부대금>수령대금) /  / 거래전문회원으로부터 결제를 위탁한 결제회원용 레코드의 경우, 해당 결제회원에 결제를 위탁한 모든 거래전문회원분을 포함",
청산결제,TCSMIH28801,TCSMIH28801,REPO차감결제대금,DATA,14,REPO 위탁차감수령대금,REPOBOND_TRUST_DEDUCTION_RECEIVE_AMOUNT,Float,22,,"단위:원(지급대금<수령대금) /  / 거래전문회원으로부터 결제를 위탁한 결제회원용 레코드의 경우, 해당 결제회원에 결제를 위탁한 모든 거래전문회원분을 포함",
청산결제,TCSMIH28801,TCSMIH28801,REPO차감결제대금,DATA,15,REPO 차감납부대금,REPO / BOND_DEDUCTION_PAY_AMOUNT,Float,22,,단위:원(납부대금>수령대금),
청산결제,TCSMIH28801,TCSMIH28801,REPO차감결제대금,DATA,16,REPO 차감수령대금,REPO / BOND_DEDUCTION_RECEIVE_AMOUNT,Float,22,,단위:원(지급대금<수령대금),
청산결제,TCSMIH28801,TCSMIH28801,REPO차감결제대금,DATA,17,필러값,FILR_VAL,String,967,,,
청산결제,TCSMIH40101,TCSMIH40101,장중추가증거금_선물정산가격(파생시장),DATA,1,메세지일련번호,MESSAGE_ / SEQUENCE NUMBER,Long,11,,메세지일련번호,
청산결제,TCSMIH40101,TCSMIH40101,장중추가증거금_선물정산가격(파생시장),DATA,2,트랜잭션코드,TRACSACTION_CODE,String,11,,TCSMIH40101,
청산결제,TCSMIH40101,TCSMIH40101,장중추가증거금_선물정산가격(파생시장),DATA,3,전송일자,TRANSMIT_DATE,String,8,,YYYYMMDD / 데이터 생성일자,
청산결제,TCSMIH40101,TCSMIH40101,장중추가증거금_선물정산가격(파생시장),DATA,4,전문완료여부,EMSG_COMPLT_YN,String,1,,"Y:전송완료, N:전송중",
청산결제,TCSMIH40101,TCSMIH40101,장중추가증거금_선물정산가격(파생시장),DATA,5,상품완료여부,PROD_COMPLT_YN,String,1,,"Y:전송완료, N:전송중",
청산결제,TCSMIH40101,TCSMIH40101,장중추가증거금_선물정산가격(파생시장),DATA,6,회차번호,RND_NO,Long,4,,장중추가증거금 산출 회차번호 / 1회차 = 부과용산출 + 해제용산출 / sequential하지 않음,
청산결제,TCSMIH40101,TCSMIH40101,장중추가증거금_선물정산가격(파생시장),DATA,7,회차시각,RND_TM,String,9,,"HHMMSSsss, 회차 시작 시각",
청산결제,TCSMIH40101,TCSMIH40101,장중추가증거금_선물정산가격(파생시장),DATA,8,데이터산출기준시각,IM_CALC_BAS_TM,String,9,,"HHMMSSsss, 데이터 산출 기준 시각",
청산결제,TCSMIH40101,TCSMIH40101,장중추가증거금_선물정산가격(파생시장),DATA,9,시장ID,MARKET_ / IDENTIFICATION,String,3,,별첨-KRX 차세대 상품 ID체계 참고,
청산결제,TCSMIH40101,TCSMIH40101,장중추가증거금_선물정산가격(파생시장),DATA,10,증권그룹ID,SECURITIES  / GROUP_ / IDENTIFICATION,String,2,,"FU:선물, OP:옵션, FX:FLEX",
청산결제,TCSMIH40101,TCSMIH40101,장중추가증거금_선물정산가격(파생시장),DATA,11,기초자산코드,UNDERLYING ASSET_CODE,String,2,,‘ISIN표준코드’ 체계의 ‘대상물코드’를 사용,
청산결제,TCSMIH40101,TCSMIH40101,장중추가증거금_선물정산가격(파생시장),DATA,12,회원번호,MEMBER_NUMBER,String,5,,'99999'로 고정,변경
청산결제,TCSMIH40101,TCSMIH40101,장중추가증거금_선물정산가격(파생시장),DATA,13,종목코드,ISSUE_CODE,String,12,,현물/파생/채권/REPO 통합상품의 종목 코드(ISIN종목코드),
청산결제,TCSMIH40101,TCSMIH40101,장중추가증거금_선물정산가격(파생시장),DATA,14,거래승수,SETTLEMENT MULTIPLIER,Float,22,,,
청산결제,TCSMIH40101,TCSMIH40101,장중추가증거금_선물정산가격(파생시장),DATA,15,금일정산가격,TODAY_ / SETTLEMENT_PRICE,Float,18,,,
청산결제,TCSMIH40101,TCSMIH40101,장중추가증거금_선물정산가격(파생시장),DATA,16,전일정산가격,PREVIOUS  / DAY_SETTLEMENT_ / PRICE,Float,18,,조정발생시 조정 정산가격,
청산결제,TCSMIH40101,TCSMIH40101,장중추가증거금_선물정산가격(파생시장),DATA,17,정산가격구분코드,SETTLEMENT_PRICE_ / TYPE_CODE,String,2,,10 정산가없음 / 11 당일종가 (실세) / 12 당일기세 (거래성립후기세) / 13 전일정산가(거래성립후 종가미형성) / 14 당일이론가(거래성립후 종가미형성) / 15 스프레드분 종가 / 16 조정된 전일 정산가 / 17 대상자산 종가 / 18:정산기준가격 / 19:차용정산가격 / 26:사용자입력전일정산가격 / 27:사용자수기입력정산가 / 40:최우선매수호가 / 41:최우선매도호가,변경
청산결제,TCSMIH40101,TCSMIH40101,장중추가증거금_선물정산가격(파생시장),DATA,18,필러값,FILLER_VALUE,String,1062,,,
청산결제,TCSMIH40201,TCSMIH40201,장중추가증거금_옵션증거금기준가격(파생시장),DATA,1,메세지일련번호,MESSAGE_ / SEQUENCE NUMBER,Long,11,,메세지일련번호,
청산결제,TCSMIH40201,TCSMIH40201,장중추가증거금_옵션증거금기준가격(파생시장),DATA,2,트랜잭션코드,TRACSACTION_ / CODE,String,11,,TCSMIH40201,
청산결제,TCSMIH40201,TCSMIH40201,장중추가증거금_옵션증거금기준가격(파생시장),DATA,3,전송일자,TRANSMIT_DATE,String,8,,YYYYMMDD,
청산결제,TCSMIH40201,TCSMIH40201,장중추가증거금_옵션증거금기준가격(파생시장),DATA,4,전문완료여부,EMSG_COMPLT_YN,String,1,,"Y:전송완료, N:전송중",
청산결제,TCSMIH40201,TCSMIH40201,장중추가증거금_옵션증거금기준가격(파생시장),DATA,5,상품완료여부,PROD_COMPLT_YN,String,1,,"Y:전송완료, N:전송중",
청산결제,TCSMIH40201,TCSMIH40201,장중추가증거금_옵션증거금기준가격(파생시장),DATA,6,회차번호,RND_NO,Long,4,,장중추가증거금 산출 회차번호 / 1회차 = 부과용산출 + 해제용산출 / sequential하지 않음,
청산결제,TCSMIH40201,TCSMIH40201,장중추가증거금_옵션증거금기준가격(파생시장),DATA,7,회차시각,RND_TM,String,9,,"HHMMSSsss, 회차 시작 시각",
청산결제,TCSMIH40201,TCSMIH40201,장중추가증거금_옵션증거금기준가격(파생시장),DATA,8,데이터산출기준시각,IM_CALC_BAS_TM,String,9,,"HHMMSSsss, 데이터 산출 기준 시각",
청산결제,TCSMIH40201,TCSMIH40201,장중추가증거금_옵션증거금기준가격(파생시장),DATA,9,시장ID,MARKET_IDENTIFICATION,String,3,,별첨-KRX 차세대 상품 ID체계 참고,
청산결제,TCSMIH40201,TCSMIH40201,장중추가증거금_옵션증거금기준가격(파생시장),DATA,10,증권그룹ID,SECURITIES  / GROUP_ / IDENTIFICATION,String,2,,"FU:선물, OP:옵션, FX:FLEX",
청산결제,TCSMIH40201,TCSMIH40201,장중추가증거금_옵션증거금기준가격(파생시장),DATA,11,기초자산코드,UNDERLYING ASSET_CODE,String,2,,‘ISIN표준코드’ 체계의 ‘대상물코드’를 사용,
청산결제,TCSMIH40201,TCSMIH40201,장중추가증거금_옵션증거금기준가격(파생시장),DATA,12,회원번호,MEMBER_NUMBER,String,5,,'99999'로 고정,변경
청산결제,TCSMIH40201,TCSMIH40201,장중추가증거금_옵션증거금기준가격(파생시장),DATA,13,종목코드,ISSUE_CODE,String,12,,현물/파생/채권/REPO 통합상품의 종목 코드(ISIN종목코드),
청산결제,TCSMIH40201,TCSMIH40201,장중추가증거금_옵션증거금기준가격(파생시장),DATA,14,증거금기준가격,MARGIN_BASE_ / PRICE,Float,18,,,
청산결제,TCSMIH40201,TCSMIH40201,장중추가증거금_옵션증거금기준가격(파생시장),DATA,15,증거금기준가격구분코드,MARGIN_BASE_ / PRICE_TYPE_CODE,String,2,,"20:증거금 기준가 없음,  / 21:당일종가(실세),  / 22:당일기세(거래성립후기세),  / 23:전일증거금기준가(거래성립후 종가미형성),  / 24:당일이론가(거래성립후 종가미형성),  / 25:조정전일증거금기준가(거래성립후 종가미형성)",
청산결제,TCSMIH40201,TCSMIH40201,장중추가증거금_옵션증거금기준가격(파생시장),DATA,16,필러값,FILLER_VALUE,String,174,,,
청산결제,TCSMIH40301,TCSMIH40301,장중추가증거금_유지증거금구간별이론가격(파생시장),DATA,1,메세지일련번호,MESSAGE_ / SEQUENCE NUMBER,Long,11,,메세지일련번호,
청산결제,TCSMIH40301,TCSMIH40301,장중추가증거금_유지증거금구간별이론가격(파생시장),DATA,2,트랜잭션코드,TRANSACTION_ / CODE,String,11,,TCSMIH40301,
청산결제,TCSMIH40301,TCSMIH40301,장중추가증거금_유지증거금구간별이론가격(파생시장),DATA,3,전송일자,TRANSMIT_DATE,String,8,,YYYYMMDD,
청산결제,TCSMIH40301,TCSMIH40301,장중추가증거금_유지증거금구간별이론가격(파생시장),DATA,4,전문완료여부,EMSG_COMPLT_YN,String,1,,"Y:전송완료, N:전송중",
청산결제,TCSMIH40301,TCSMIH40301,장중추가증거금_유지증거금구간별이론가격(파생시장),DATA,5,상품완료여부,PROD_COMPLT_YN,String,1,,"Y:전송완료, N:전송중",
청산결제,TCSMIH40301,TCSMIH40301,장중추가증거금_유지증거금구간별이론가격(파생시장),DATA,6,회차번호,RND_NO,Long,4,,장중추가증거금 산출 회차번호 / 1회차 = 부과용산출 + 해제용산출 / sequential하지 않음,
청산결제,TCSMIH40301,TCSMIH40301,장중추가증거금_유지증거금구간별이론가격(파생시장),DATA,7,회차시각,RND_TM,String,9,,"HHMMSSsss, 회차 시작 시각",
청산결제,TCSMIH40301,TCSMIH40301,장중추가증거금_유지증거금구간별이론가격(파생시장),DATA,8,데이터산출기준시각,IM_CALC_BAS_TM,String,9,,"HHMMSSsss, 데이터 산출 기준 시각",
청산결제,TCSMIH40301,TCSMIH40301,장중추가증거금_유지증거금구간별이론가격(파생시장),DATA,9,시장ID,MARKET_ / IDENTIFICATION,String,3,,별첨-KRX 차세대 상품 ID체계 참고,
청산결제,TCSMIH40301,TCSMIH40301,장중추가증거금_유지증거금구간별이론가격(파생시장),DATA,10,증권그룹ID,SECURITIES GROUP_ / IDENTIFICATION,String,2,,"FU:선물, OP:옵션, FX:FLEX",
청산결제,TCSMIH40301,TCSMIH40301,장중추가증거금_유지증거금구간별이론가격(파생시장),DATA,11,기초자산코드,UNDERLYING ASSET_CODE,String,2,,‘ISIN표준코드’ 체계의 ‘대상물코드’를 사용,
청산결제,TCSMIH40301,TCSMIH40301,장중추가증거금_유지증거금구간별이론가격(파생시장),DATA,12,회원번호,MEMBER_NUMBER,String,5,,'99999'로 고정,변경
청산결제,TCSMIH40301,TCSMIH40301,장중추가증거금_유지증거금구간별이론가격(파생시장),DATA,13,종목코드,ISSUE_CODE,String,12,,현물/파생/채권/REPO 통합상품의 종목 코드(ISIN종목코드),
청산결제,TCSMIH40301,TCSMIH40301,장중추가증거금_유지증거금구간별이론가격(파생시장),DATA,14,종목변동성구분,,String,2,,'FH':선물종목 고변동성 / 'FL' :선물종목 저변동성 / 'OH':옵션종목 고변동성 / 'OL' :옵션종목 저변동성 / 'DH':옵션종목 고변동성 델타 / 'DL' :옵션종목 저변동성 델타,
청산결제,TCSMIH40301,TCSMIH40301,장중추가증거금_유지증거금구간별이론가격(파생시장),DATA,15,옵션확정델타,,Float,20,,자리수 13.6,
청산결제,TCSMIH40301,TCSMIH40301,장중추가증거금_유지증거금구간별이론가격(파생시장),DATA,16,Down 옵션조정이론가,,Float,16,,1개,
청산결제,TCSMIH40301,TCSMIH40301,장중추가증거금_유지증거금구간별이론가격(파생시장),DATA,17,Up 옵션조정이론가,,Float,16,,1개,
청산결제,TCSMIH40301,TCSMIH40301,장중추가증거금_유지증거금구간별이론가격(파생시장),DATA,18,유지증거금구간수치,MAINTENANCE MARGIN_RANGE_ / NUMBER,Float,16,,"21개의 배열(672byte) / ** 기존과 다르게 각 변수마다 배열 생성 / (D10,D9,~,D1,0,U1,~,U9,U10 순서 ) / 자리수 9.6",
청산결제,TCSMIH40301,TCSMIH40301,장중추가증거금_유지증거금구간별이론가격(파생시장),DATA,19,"유지증거금구간이론가격
(또는 구간 델타)",MAINTENANCE MARIGN_RANGE_ / THEORY_PRICE,Float,16,,"21개의 배열(672byte) / ** 기존과 다르게 각 변수마다 배열 생성 / (D10,D9,~,D1,0,U1,~,U9,U10 순서 ) / 자리수 9.6",
청산결제,TCSMIH40301,TCSMIH40301,장중추가증거금_유지증거금구간별이론가격(파생시장),DATA,20,필러값,FILLER_VALUE,String,396,,,
청산결제,TCSMIH40401,TCSMIH40401,장중추가증거금_위탁증거금구간별이론가격(파생시장),DATA,1,메세지일련번호,MESSAGE_ / SEQUENCE NUMBER,Long,11,,메세지일련번호,
청산결제,TCSMIH40401,TCSMIH40401,장중추가증거금_위탁증거금구간별이론가격(파생시장),DATA,2,트랜잭션코드,TRANSACTION_ / CODE,String,11,,TCSMIH40401,
청산결제,TCSMIH40401,TCSMIH40401,장중추가증거금_위탁증거금구간별이론가격(파생시장),DATA,3,전송일자,TRANSMIT_DATE,String,8,,YYYYMMDD,
청산결제,TCSMIH40401,TCSMIH40401,장중추가증거금_위탁증거금구간별이론가격(파생시장),DATA,4,전문완료여부,EMSG_COMPLT_YN,String,1,,"Y:전송완료, N:전송중",
청산결제,TCSMIH40401,TCSMIH40401,장중추가증거금_위탁증거금구간별이론가격(파생시장),DATA,5,상품완료여부,PROD_COMPLT_YN,String,1,,"Y:전송완료, N:전송중",
청산결제,TCSMIH40401,TCSMIH40401,장중추가증거금_위탁증거금구간별이론가격(파생시장),DATA,6,회차번호,RND_NO,Long,4,,장중추가증거금 산출 회차번호 / 1회차 = 부과용산출 + 해제용산출 / sequential하지 않음,
청산결제,TCSMIH40401,TCSMIH40401,장중추가증거금_위탁증거금구간별이론가격(파생시장),DATA,7,회차시각,RND_TM,String,9,,"HHMMSSsss, 회차 시작 시각",
청산결제,TCSMIH40401,TCSMIH40401,장중추가증거금_위탁증거금구간별이론가격(파생시장),DATA,8,데이터산출기준시각,IM_CALC_BAS_TM,String,9,,"HHMMSSsss, 데이터 산출 기준 시각",
청산결제,TCSMIH40401,TCSMIH40401,장중추가증거금_위탁증거금구간별이론가격(파생시장),DATA,9,시장ID,MARKET_ / IDENTIFICATION,String,3,,별첨-KRX 차세대 상품 ID체계 참고,
청산결제,TCSMIH40401,TCSMIH40401,장중추가증거금_위탁증거금구간별이론가격(파생시장),DATA,10,증권그룹ID,SECURITIES  / GROUP_ / IDENTIFICATION,String,2,,"FU:선물, OP:옵션, FX:FLEX",
청산결제,TCSMIH40401,TCSMIH40401,장중추가증거금_위탁증거금구간별이론가격(파생시장),DATA,11,기초자산코드,UNDERLYING ASSET_CODE,String,2,,‘ISIN표준코드’ 체계의 ‘대상물코드’를 사용,
청산결제,TCSMIH40401,TCSMIH40401,장중추가증거금_위탁증거금구간별이론가격(파생시장),DATA,12,회원번호,MEMBER_NUMBER,String,5,,'99999'로 고정,변경
청산결제,TCSMIH40401,TCSMIH40401,장중추가증거금_위탁증거금구간별이론가격(파생시장),DATA,13,종목코드,ISSUE_CODE,String,12,,현물/파생/채권/REPO 통합상품의 종목 코드(ISIN종목코드),
청산결제,TCSMIH40401,TCSMIH40401,장중추가증거금_위탁증거금구간별이론가격(파생시장),DATA,14,종목변동성구분,,String,2,,'FH':선물종목 고변동성 / 'FL' :선물종목 저변동성 / 'OH':옵션종목 고변동성 / 'OL' :옵션종목 저변동성 / 'DH':옵션종목 고변동성 델타 / 'DL' :옵션종목 저변동성 델타,
청산결제,TCSMIH40401,TCSMIH40401,장중추가증거금_위탁증거금구간별이론가격(파생시장),DATA,15,옵션확정델타,,Float,20,,자리수 13.6,
청산결제,TCSMIH40401,TCSMIH40401,장중추가증거금_위탁증거금구간별이론가격(파생시장),DATA,16,Down 옵션조정이론가,,Float,16,,1개,
청산결제,TCSMIH40401,TCSMIH40401,장중추가증거금_위탁증거금구간별이론가격(파생시장),DATA,17,Up 옵션조정이론가,,Float,16,,1개,
청산결제,TCSMIH40401,TCSMIH40401,장중추가증거금_위탁증거금구간별이론가격(파생시장),DATA,18,위탁증거금구간수치,TRUST MARGIN_RANGE_ / NUMBER,Float,16,,"31개의 배열(992byte) / ** 기존과 다르게 각 변수마다 배열 생성 / (D15,D14,~,D1,0,U1,~,U14,U15 순서 ) / 자리수 9.6",
청산결제,TCSMIH40401,TCSMIH40401,장중추가증거금_위탁증거금구간별이론가격(파생시장),DATA,19,"위탁증거금구간이론가격
(또는 구간 델타)",TRUST MARGIN_RANGE_ / THEORY_PRICE,Float,16,,"31개의 배열(992byte) / ** 기존과 다르게 각 변수마다 배열 생성 / (D15,D14,~,D1,0,U1,~,U14,U15 순서 ) / 자리수 9.6",
청산결제,TCSMIH40401,TCSMIH40401,장중추가증거금_위탁증거금구간별이론가격(파생시장),DATA,20,필러값,FILLER_VALUE,String,76,,,
청산결제,TCSMIH40501,TCSMIH40501,장중추가증거금_종목별내재변동성(파생시장),DATA,1,메세지일련번호,MESSAGE_ / SEQUENCE NUMBER,Long,11,,메세지일련번호,
청산결제,TCSMIH40501,TCSMIH40501,장중추가증거금_종목별내재변동성(파생시장),DATA,2,트랜잭션코드,TRANSACTION_ / CODE,String,11,,TCSMIH40501,
청산결제,TCSMIH40501,TCSMIH40501,장중추가증거금_종목별내재변동성(파생시장),DATA,3,전송일자,TRANSMIT_DATE,String,8,,YYYYMMDD,
청산결제,TCSMIH40501,TCSMIH40501,장중추가증거금_종목별내재변동성(파생시장),DATA,4,전문완료여부,EMSG_COMPLT_YN,String,1,,"Y:전송완료, N:전송중",
청산결제,TCSMIH40501,TCSMIH40501,장중추가증거금_종목별내재변동성(파생시장),DATA,5,상품완료여부,PROD_COMPLT_YN,String,1,,"Y:전송완료, N:전송중",
청산결제,TCSMIH40501,TCSMIH40501,장중추가증거금_종목별내재변동성(파생시장),DATA,6,회차번호,RND_NO,Long,4,,장중추가증거금 산출 회차번호 / 1회차 = 부과용산출 + 해제용산출 / sequential하지 않음,
청산결제,TCSMIH40501,TCSMIH40501,장중추가증거금_종목별내재변동성(파생시장),DATA,7,회차시각,RND_TM,String,9,,"HHMMSSsss, 회차 시작 시각",
청산결제,TCSMIH40501,TCSMIH40501,장중추가증거금_종목별내재변동성(파생시장),DATA,8,데이터산출기준시각,IM_CALC_BAS_TM,String,9,,"HHMMSSsss, 데이터 산출 기준 시각",
청산결제,TCSMIH40501,TCSMIH40501,장중추가증거금_종목별내재변동성(파생시장),DATA,9,시장ID,MARKET_ / IDENTIFICATION,String,3,,별첨-KRX 차세대 상품 ID체계 참고,
청산결제,TCSMIH40501,TCSMIH40501,장중추가증거금_종목별내재변동성(파생시장),DATA,10,증권그룹ID,SECURITIES GROUP_ / IDENTIFICATION,String,2,,"FU:선물, OP:옵션, FX:FLEX",
청산결제,TCSMIH40501,TCSMIH40501,장중추가증거금_종목별내재변동성(파생시장),DATA,11,기초자산코드,UNDERLYING ASSET_CODE,String,2,,‘ISIN표준코드’ 체계의 ‘대상물코드’를 사용,
청산결제,TCSMIH40501,TCSMIH40501,장중추가증거금_종목별내재변동성(파생시장),DATA,12,회원번호,MEMBER_NUMBER,String,5,,'99999'로 고정,변경
청산결제,TCSMIH40501,TCSMIH40501,장중추가증거금_종목별내재변동성(파생시장),DATA,13,종목코드,ISSUE_CODE,String,12,,20개 배열처리 ( 460 Byte ),
청산결제,TCSMIH40501,TCSMIH40501,장중추가증거금_종목별내재변동성(파생시장),DATA,14,내재변동성,IMPLIED_ / VOLITILITY,Float,11,,20개 배열처리 ( 460 Byte ),
청산결제,TCSMIH40501,TCSMIH40501,장중추가증거금_종목별내재변동성(파생시장),DATA,15,필러값,FILLER_VALUE,String,674,,,
청산결제,TCSMIH40601,TCSMIH40601,장중추가증거금_계좌종목별미결제약정수량(파생시장),DATA,1,메세지일련번호,MESSAGE_ / SEQUENCE NUMBER,Long,11,,메세지일련번호,
청산결제,TCSMIH40601,TCSMIH40601,장중추가증거금_계좌종목별미결제약정수량(파생시장),DATA,2,트랜잭션코드,TRANSACTION_ / CODE,String,11,,TCSMIH40601,
청산결제,TCSMIH40601,TCSMIH40601,장중추가증거금_계좌종목별미결제약정수량(파생시장),DATA,3,전송일자,TRANSMIT_DATE,String,8,,YYYYMMDD,
청산결제,TCSMIH40601,TCSMIH40601,장중추가증거금_계좌종목별미결제약정수량(파생시장),DATA,4,전문완료여부,EMSG_COMPLT_YN,String,1,,"Y:전송완료, N:전송중",
청산결제,TCSMIH40601,TCSMIH40601,장중추가증거금_계좌종목별미결제약정수량(파생시장),DATA,5,상품완료여부,PROD_COMPLT_YN,String,1,,"Y:전송완료, N:전송중",
청산결제,TCSMIH40601,TCSMIH40601,장중추가증거금_계좌종목별미결제약정수량(파생시장),DATA,6,회차번호,RND_NO,Long,4,,장중추가증거금 산출 회차번호 / 1회차 = 부과용산출 + 해제용산출 / sequential하지 않음,
청산결제,TCSMIH40601,TCSMIH40601,장중추가증거금_계좌종목별미결제약정수량(파생시장),DATA,7,회차시각,RND_TM,String,9,,"HHMMSSsss, 회차 시작 시각",
청산결제,TCSMIH40601,TCSMIH40601,장중추가증거금_계좌종목별미결제약정수량(파생시장),DATA,8,데이터산출기준시각,IM_CALC_BAS_TM,String,9,,"HHMMSSsss, 데이터 산출 기준 시각",
청산결제,TCSMIH40601,TCSMIH40601,장중추가증거금_계좌종목별미결제약정수량(파생시장),DATA,9,시장ID,MARKET_ / IDENTIFICATION,String,3,,별첨-KRX 차세대 상품 ID체계 참고,
청산결제,TCSMIH40601,TCSMIH40601,장중추가증거금_계좌종목별미결제약정수량(파생시장),DATA,10,증권그룹ID,SECURITIES  / GROUP_ / IDENTIFICATION,String,2,,"FU:선물, OP:옵션, FX:FLEX",
청산결제,TCSMIH40601,TCSMIH40601,장중추가증거금_계좌종목별미결제약정수량(파생시장),DATA,11,기초자산코드,UNDERLYING ASSET_CODE,String,2,,‘ISIN표준코드’ 체계의 ‘대상물코드’를 사용,
청산결제,TCSMIH40601,TCSMIH40601,장중추가증거금_계좌종목별미결제약정수량(파생시장),DATA,12,회원번호,MEMBER_NUMBER,String,5,,,
청산결제,TCSMIH40601,TCSMIH40601,장중추가증거금_계좌종목별미결제약정수량(파생시장),DATA,13,거래전문회원번호,NON CLREARING MEMBER_NUMBER,String,5,,,
청산결제,TCSMIH40601,TCSMIH40601,장중추가증거금_계좌종목별미결제약정수량(파생시장),DATA,14,계좌번호,ACCOUNT_NUMBER,String,12,,,
청산결제,TCSMIH40601,TCSMIH40601,장중추가증거금_계좌종목별미결제약정수량(파생시장),DATA,15,종목코드,ISSUE_CODE,String,12,,현물/파생/채권/REPO 통합상품의 종목 코드(ISIN종목코드),
청산결제,TCSMIH40601,TCSMIH40601,장중추가증거금_계좌종목별미결제약정수량(파생시장),DATA,16,전일매도미결제약정수량,PREVDD_ASK_OPNINT_QTY,Long,12,,,신규
청산결제,TCSMIH40601,TCSMIH40601,장중추가증거금_계좌종목별미결제약정수량(파생시장),DATA,17,전일매수미결제약정수량,PREVDD_BID_OPNINT_QTY,Long,12,,,신규
청산결제,TCSMIH40601,TCSMIH40601,장중추가증거금_계좌종목별미결제약정수량(파생시장),DATA,18,현재매도미결제약정수량,PRSNT_ASK_OPNINT_QTY,Long,10,,,신규
청산결제,TCSMIH40601,TCSMIH40601,장중추가증거금_계좌종목별미결제약정수량(파생시장),DATA,19,현재매수미결제약정수량,PRSNT_BID_OPNINT_QTY,Long,10,,,신규
청산결제,TCSMIH40601,TCSMIH40601,장중추가증거금_계좌종목별미결제약정수량(파생시장),DATA,20,필러값,FILLER_VALUE,String,109,,,
청산결제,TCSMIH40701,TCSMIH40701,장중추가증거금_계좌별거래증거금소요액(파생시장),DATA,1,메세지일련번호,MESSAGE_ / SEQUENCE NUMBER,Long,11,,메세지일련번호,
청산결제,TCSMIH40701,TCSMIH40701,장중추가증거금_계좌별거래증거금소요액(파생시장),DATA,2,트랜잭션코드,TRANSACTION_ / CODE,String,11,,TCSMIH40701,
청산결제,TCSMIH40701,TCSMIH40701,장중추가증거금_계좌별거래증거금소요액(파생시장),DATA,3,전송일자,TRANSMIT_DATE,String,8,,YYYYMMDD,
청산결제,TCSMIH40701,TCSMIH40701,장중추가증거금_계좌별거래증거금소요액(파생시장),DATA,4,전문완료여부,EMSG_COMPLT_YN,String,1,,"Y:전송완료, N:전송중",
청산결제,TCSMIH40701,TCSMIH40701,장중추가증거금_계좌별거래증거금소요액(파생시장),DATA,5,회차번호,RND_NO,Long,4,,장중추가증거금 산출 회차번호 / 1회차 = 부과용산출 + 해제용산출 / sequential하지 않음,
청산결제,TCSMIH40701,TCSMIH40701,장중추가증거금_계좌별거래증거금소요액(파생시장),DATA,6,회차시각,RND_TM,String,9,,"HHMMSSsss, 회차 시작 시각",
청산결제,TCSMIH40701,TCSMIH40701,장중추가증거금_계좌별거래증거금소요액(파생시장),DATA,7,데이터산출기준시각,IM_CALC_BAS_TM,String,9,,"HHMMSSsss, 데이터 산출 기준 시각",
청산결제,TCSMIH40701,TCSMIH40701,장중추가증거금_계좌별거래증거금소요액(파생시장),DATA,8,회원번호,MEMBER_NUMBER,String,5,,,
청산결제,TCSMIH40701,TCSMIH40701,장중추가증거금_계좌별거래증거금소요액(파생시장),DATA,9,거래전문회원번호,NON CLREARING MEMBER_NUMBER,String,5,,,
청산결제,TCSMIH40701,TCSMIH40701,장중추가증거금_계좌별거래증거금소요액(파생시장),DATA,10,계좌증거금유형코드,ACCOUNT_ / MARGIN_TYPE_ / CODE,String,2,,1)현물 / 00 일반 / 01 동결계좌 / 02 Buy-In매수전용계좌 /  / 2)파생상품 / 10 사전증거금 일반 / 11 사후증거금 일반 / 12 사후증거금 할인,
청산결제,TCSMIH40701,TCSMIH40701,장중추가증거금_계좌별거래증거금소요액(파생시장),DATA,11,계좌번호,ACCOUNT_NUMBER,String,12,,,
청산결제,TCSMIH40701,TCSMIH40701,장중추가증거금_계좌별거래증거금소요액(파생시장),DATA,12,계좌구분코드,ACCOUNT_TYPE_ / CODE,String,2,,1) 현물 / 00 : 일반 / 01 : 대표투자자계좌(외국인) / 02 : 증권회사통합계좌(외국인) / 03 : FP계좌-복수일임형랩계좌 / 04 : FP계좌-단일일임형랩계좌 / 05 : FP아닌일임형랩계좌 / 06 : Buy-In매수전용계좌 / 07:  복수신탁계좌-대표계좌 이용 / 08:  단일신탁계좌-대표계좌미이용 / 09 : 기타 / 10: 시장조성헤지계좌(파생연계) / 11: 시장조성계좌(현물) / 12: 비과세해외주식투자전용ETF계좌 / 13 : 소액투자전용계좌(코넥스)(2022.5.30 폐지) / 14 : 외국인통합계,
청산결제,TCSMIH40701,TCSMIH40701,장중추가증거금_계좌별거래증거금소요액(파생시장),DATA,13,거래증거금할인적용여부,DISCOUNT_ / MARGIN_ / APPLICATION_ / YES OR NO,String,1,,Y : 거래증거금 할인이 적용되는 계좌 / N : 거래증거금 할인이 적용되지 않는 계좌,
청산결제,TCSMIH40701,TCSMIH40701,장중추가증거금_계좌별거래증거금소요액(파생시장),DATA,14,계좌별비할인증거금소요액,BY ACCOUNT_ / NO DISCOUNT_ / MARGIN_ / REQUIRED VALUE,Float,23,,거래증거금 할인이 적용되지 않은 모든 계좌의 / 거래증거금소요액 /  /                                                       19.3,
청산결제,TCSMIH40701,TCSMIH40701,장중추가증거금_계좌별거래증거금소요액(파생시장),DATA,15,계좌별할인증거금소요액,BY ACCOUNT_ / DISCOUNT_ / MARGIN_ / REQUIRED VALUE,Float,23,,13.거래증거금할인적용여부'가 'Y'로 표시된 / 계좌에 대하여 거래증거금이 할인이 적용되는 / 경우의 해당 계좌의 거래증거금소요액 /                                            19.3,
청산결제,TCSMIH40701,TCSMIH40701,장중추가증거금_계좌별거래증거금소요액(파생시장),DATA,16,필러값,FILLER_VALUE,String,507,,,
청산결제,TCSMIH40801,TCSMIH40801,장중추가증거금_선물일일정산(파생시장),DATA,1,메세지일련번호,MESSAGE_ / SEQUENCE NUMBER,Long,11,,메세지일련번호,
청산결제,TCSMIH40801,TCSMIH40801,장중추가증거금_선물일일정산(파생시장),DATA,2,트랜잭션코드,TRANSACTION_ / CODE,String,11,,TCSMIH40801,
청산결제,TCSMIH40801,TCSMIH40801,장중추가증거금_선물일일정산(파생시장),DATA,3,전송일자,TRANSMIT_DATE,String,8,,YYYYMMDD,
청산결제,TCSMIH40801,TCSMIH40801,장중추가증거금_선물일일정산(파생시장),DATA,4,전문완료여부,EMSG_COMPLT_YN,String,1,,"Y:전송완료, N:전송중",
청산결제,TCSMIH40801,TCSMIH40801,장중추가증거금_선물일일정산(파생시장),DATA,5,상품완료여부,PROD_COMPLT_YN,String,1,,"Y:전송완료, N:전송중",
청산결제,TCSMIH40801,TCSMIH40801,장중추가증거금_선물일일정산(파생시장),DATA,6,회차번호,RND_NO,Long,4,,장중추가증거금 산출 회차번호 / 1회차 = 부과용산출 + 해제용산출 / sequential하지 않음,
청산결제,TCSMIH40801,TCSMIH40801,장중추가증거금_선물일일정산(파생시장),DATA,7,회차시각,RND_TM,String,9,,"HHMMSSsss, 회차 시작 시각",
청산결제,TCSMIH40801,TCSMIH40801,장중추가증거금_선물일일정산(파생시장),DATA,8,데이터산출기준시각,IM_CALC_BAS_TM,String,9,,"HHMMSSsss, 데이터 산출 기준 시각",
청산결제,TCSMIH40801,TCSMIH40801,장중추가증거금_선물일일정산(파생시장),DATA,9,시장ID,MARKET_ / IDENTIFICATION,String,3,,별첨-KRX 차세대 상품 ID체계 참고,
청산결제,TCSMIH40801,TCSMIH40801,장중추가증거금_선물일일정산(파생시장),DATA,10,증권그룹ID,SECURITIES GROUP_ / IDENTIFICATION,String,2,,"FU:선물, OP:옵션, FX:FLEX",
청산결제,TCSMIH40801,TCSMIH40801,장중추가증거금_선물일일정산(파생시장),DATA,11,기초자산코드,UNDERLYING ASSET_CODE,String,2,,‘ISIN표준코드’ 체계의 ‘대상물코드’를 사용,
청산결제,TCSMIH40801,TCSMIH40801,장중추가증거금_선물일일정산(파생시장),DATA,12,회원번호,MEMBER_NUMBER,String,5,,,
청산결제,TCSMIH40801,TCSMIH40801,장중추가증거금_선물일일정산(파생시장),DATA,13,거래전문회원번호,NON CLREARING MEMBER_NUMBER,String,5,,,
청산결제,TCSMIH40801,TCSMIH40801,장중추가증거금_선물일일정산(파생시장),DATA,14,종목코드,ISSUE_CODE,String,12,,현물/파생/채권/REPO 통합상품의 종목 코드(ISIN종목코드),
청산결제,TCSMIH40801,TCSMIH40801,장중추가증거금_선물일일정산(파생시장),DATA,15,이익손실구분코드,PROFIT_LOSS_ / TYPE_CODE,String,1,,"1:이익, 2:손실",
청산결제,TCSMIH40801,TCSMIH40801,장중추가증거금_선물일일정산(파생시장),DATA,16,위탁당일차금,TRUST_THAT DAY_PAYOFF,Float,23,,,
청산결제,TCSMIH40801,TCSMIH40801,장중추가증거금_선물일일정산(파생시장),DATA,17,이익손실구분코드,PROFIT_LOSS_ / TYPE_CODE,String,1,,"1:이익, 2:손실",
청산결제,TCSMIH40801,TCSMIH40801,장중추가증거금_선물일일정산(파생시장),DATA,18,위탁갱신차금,TRUST_UPDATE_ / PAYOFF,Float,23,,,
청산결제,TCSMIH40801,TCSMIH40801,장중추가증거금_선물일일정산(파생시장),DATA,19,이익손실구분코드,PROFIT_LOSS_ / TYPE_CODE,String,1,,"1:이익, 2:손실",
청산결제,TCSMIH40801,TCSMIH40801,장중추가증거금_선물일일정산(파생시장),DATA,20,자기당일차금,PRINCIPAL_ / THAT DAY_ / PAYOFF,Float,23,,,
청산결제,TCSMIH40801,TCSMIH40801,장중추가증거금_선물일일정산(파생시장),DATA,21,이익손실구분코드,PROFIT_LOSS_ / TYPE_CODE,String,1,,"1:이익, 2:손실",
청산결제,TCSMIH40801,TCSMIH40801,장중추가증거금_선물일일정산(파생시장),DATA,22,자기갱신차금,PRINCIPAL_ / UPDATE_PAYOFF,Float,23,,,
청산결제,TCSMIH40801,TCSMIH40801,장중추가증거금_선물일일정산(파생시장),DATA,23,필러값,FILLER_VALUE,String,1021,,,
청산결제,TCSMIH40901,TCSMIH40901,장중추가증거금_옵션결제차금(파생시장),DATA,1,메세지일련번호,MESSAGE_ / SEQUENCE NUMBER,Long,11,,메세지일련번호,
청산결제,TCSMIH40901,TCSMIH40901,장중추가증거금_옵션결제차금(파생시장),DATA,2,트랜잭션코드,TRANSACTION_ / CODE,String,11,,TCSMIH40901,
청산결제,TCSMIH40901,TCSMIH40901,장중추가증거금_옵션결제차금(파생시장),DATA,3,전송일자,TRANSMIT_DATE,String,8,,YYYYMMDD,
청산결제,TCSMIH40901,TCSMIH40901,장중추가증거금_옵션결제차금(파생시장),DATA,4,전문완료여부,EMSG_COMPLT_YN,String,1,,"Y:전송완료, N:전송중",
청산결제,TCSMIH40901,TCSMIH40901,장중추가증거금_옵션결제차금(파생시장),DATA,5,상품완료여부,PROD_COMPLT_YN,String,1,,"Y:전송완료, N:전송중",
청산결제,TCSMIH40901,TCSMIH40901,장중추가증거금_옵션결제차금(파생시장),DATA,6,회차번호,RND_NO,Long,4,,장중추가증거금 산출 회차번호 / 1회차 = 부과용산출 + 해제용산출 / sequential하지 않음,
청산결제,TCSMIH40901,TCSMIH40901,장중추가증거금_옵션결제차금(파생시장),DATA,7,회차시각,RND_TM,String,9,,"HHMMSSsss, 회차 시작 시각",
청산결제,TCSMIH40901,TCSMIH40901,장중추가증거금_옵션결제차금(파생시장),DATA,8,데이터산출기준시각,IM_CALC_BAS_TM,String,9,,"HHMMSSsss, 데이터 산출 기준 시각",
청산결제,TCSMIH40901,TCSMIH40901,장중추가증거금_옵션결제차금(파생시장),DATA,9,시장ID,MARKET_ / IDENTIFICATION,String,3,,별첨-KRX 차세대 상품 ID체계 참고,
청산결제,TCSMIH40901,TCSMIH40901,장중추가증거금_옵션결제차금(파생시장),DATA,10,증권그룹ID,SECURITIES GROUP_ / IDENTIFICATION,String,2,,"FU:선물, OP:옵션, FX:FLEX",
청산결제,TCSMIH40901,TCSMIH40901,장중추가증거금_옵션결제차금(파생시장),DATA,11,기초자산코드,UNDERLYING ASSET_CODE,String,2,,‘ISIN표준코드’ 체계의 ‘대상물코드’를 사용,
청산결제,TCSMIH40901,TCSMIH40901,장중추가증거금_옵션결제차금(파생시장),DATA,12,회원번호,MEMBER_NUMBER,String,5,,,
청산결제,TCSMIH40901,TCSMIH40901,장중추가증거금_옵션결제차금(파생시장),DATA,13,거래전문회원번호,NON CLREARING MEMBER_NUMBER,String,5,,,
청산결제,TCSMIH40901,TCSMIH40901,장중추가증거금_옵션결제차금(파생시장),DATA,14,종목코드,ISSUE_CODE,String,12,,현물/파생/채권/REPO 통합상품의 종목 코드(ISIN종목코드),
청산결제,TCSMIH40901,TCSMIH40901,장중추가증거금_옵션결제차금(파생시장),DATA,15,위탁매도거래대금,TRUST_ASK_ / TRADING VALUE,Float,22,,,
청산결제,TCSMIH40901,TCSMIH40901,장중추가증거금_옵션결제차금(파생시장),DATA,16,위탁매수거래대금,TRUST_BID_ / TRADING VALUE,Float,22,,,
청산결제,TCSMIH40901,TCSMIH40901,장중추가증거금_옵션결제차금(파생시장),DATA,17,자기매도거래대금,PRINCIPAL_ASK_ / TRADING VALUE,Float,22,,,
청산결제,TCSMIH40901,TCSMIH40901,장중추가증거금_옵션결제차금(파생시장),DATA,18,자기매수거래대금,PRINCIPAL_BID_ / TRADING VALUE,Float,22,,,
청산결제,TCSMIH40901,TCSMIH40901,장중추가증거금_옵션결제차금(파생시장),DATA,19,필러값,FILLER_VALUE,String,1029,,,
청산결제,TCSMIH41001,TCSMIH41001,장중추가증거금_부과내역통보(파생시장),DATA,1,메세지일련번호,MESSAGE_ / SEQUENCE NUMBER,Long,11,,메세지일련번호,
청산결제,TCSMIH41001,TCSMIH41001,장중추가증거금_부과내역통보(파생시장),DATA,2,트랜잭션코드,TRANSACTION_ / CODE,String,11,,TCSMIH41001,
청산결제,TCSMIH41001,TCSMIH41001,장중추가증거금_부과내역통보(파생시장),DATA,3,전송일자,TRANSMIT_DATE,String,8,,YYYYMMDD,
청산결제,TCSMIH41001,TCSMIH41001,장중추가증거금_부과내역통보(파생시장),DATA,4,전문완료여부,EMSG_COMPLT_YN,String,1,,"Y:전송완료, N:전송중",
청산결제,TCSMIH41001,TCSMIH41001,장중추가증거금_부과내역통보(파생시장),DATA,5,회차번호,RND_NO,Long,4,,장중추가증거금 산출 회차번호 / 1회차 = 부과용산출 + 해제용산출 / sequential하지 않음,
청산결제,TCSMIH41001,TCSMIH41001,장중추가증거금_부과내역통보(파생시장),DATA,6,회차시각,RND_TM,String,9,,"HHMMSSsss, 회차 시작 시각",
청산결제,TCSMIH41001,TCSMIH41001,장중추가증거금_부과내역통보(파생시장),DATA,7,청산결제시장ID,MARGIN_MARKET_IDENTIFICATION,String,3,,DRV:파생시장,변경
청산결제,TCSMIH41001,TCSMIH41001,장중추가증거금_부과내역통보(파생시장),DATA,8,회원번호,MEMBER_NUMBER,String,5,,,
청산결제,TCSMIH41001,TCSMIH41001,장중추가증거금_부과내역통보(파생시장),DATA,9,위탁자기통합구분코드,TRUST_ / PRINCIPAL_ / INTEGRATION_ / TYPE_CODE,String,2,,"10:위탁, 20:자기",
청산결제,TCSMIH41001,TCSMIH41001,장중추가증거금_부과내역통보(파생시장),DATA,10,순위험증거금,NET_RISK_MRGN,Float,23,,거래증거금 소요액(필요액) / 순위험증거금 <= 0,
청산결제,TCSMIH41001,TCSMIH41001,장중추가증거금_부과내역통보(파생시장),DATA,11,신용위험증거금,CREDIT_RISK_MRGN,Float,23,,단위:원,
청산결제,TCSMIH41001,TCSMIH41001,장중추가증거금_부과내역통보(파생시장),DATA,12,장중결제금액,REGULSS_SETL_AMT,Float,22,,장중결제대금 = 장중 당일차금 + 장중 갱신차금 + 장중 옵션대금,
청산결제,TCSMIH41001,TCSMIH41001,장중추가증거금_부과내역통보(파생시장),DATA,13,필요액합계,REQVAL_AGG,Float,28,,단위:원 / 순위험증거금 + 장중결제금액 + 신용위험증거금 / 필요액합계 < 0,
청산결제,TCSMIH41001,TCSMIH41001,장중추가증거금_부과내역통보(파생시장),DATA,14,부과산출기준시각(T시),IMPOST_BAS_TM,String,9,,"HHMMSSsss,  / 12:00시 장중추가증거금산출 회차는 / 12:00:00:000",
청산결제,TCSMIH41001,TCSMIH41001,장중추가증거금_부과내역통보(파생시장),DATA,15,부과산출기준시각_총예탁금액,IMPOST_BAS_TM_TOT_DEPO_AMT,Float,22,,단위:원 / 부과산출기준시각 위탁/자기별 총예탁금액,
청산결제,TCSMIH41001,TCSMIH41001,장중추가증거금_부과내역통보(파생시장),DATA,16,부과산출기준시각_확인용예탁금액,IMPOST_BAS_TM_FCNFRM_DEPO_AMT,Float,22,,"단위:원 / 자기분 예탁금액 = 자기예탁금액  / 위탁분 예탁금액 = Min(-위탁필요액, 위탁예탁금액) / 선물사 위탁예탁금액 = 위탁대용예탁액(계좌별 필요액 대비 초과 대용예탁액 제외) + 위탁외화예탁액 + 위탁현금예탁액",
청산결제,TCSMIH41001,TCSMIH41001,장중추가증거금_부과내역통보(파생시장),DATA,17,예탁액대비장중추가증거금필요액비율,DEPO_VAL_CMP_IM_REQVAL_RTO,Float,10,,필요액합계/(위탁 부과산출기준시각_확인용예탁금액 + 자기 부과산출기준시각_확인용예탁금액) / 위탁/자기 동일값 / 단위 : %(0의 자리에서 절사),
청산결제,TCSMIH41001,TCSMIH41001,장중추가증거금_부과내역통보(파생시장),DATA,18,부과기준시각(T+1시),IMPOST_BAS_TM,String,9,,"HHMMSSsss,  / 12:00시 장중추가증거금산출 회차는 / 13:00:00:000",
청산결제,TCSMIH41001,TCSMIH41001,장중추가증거금_부과내역통보(파생시장),DATA,19,부과기준시각_총예탁금액,IMPOST_BAS_TM_TOT_DEPO_AMT,Float,22,,단위:원 / 부과기준시각 위탁/자기별 총예탁금액.,
청산결제,TCSMIH41001,TCSMIH41001,장중추가증거금_부과내역통보(파생시장),DATA,20,부과기준시각_결정용예탁금액,IMPOST_BAS_TM_DECSN_DEPO_AMT,Float,22,,"단위:원 / 자기분 예탁금액 = 자기예탁금액  / 위탁분 예탁금액 = Min(-위탁필요액, 위탁예탁금액) / 선물사 위탁예탁금액 = 위탁대용예탁액(계좌별 필요액 대비 초과 대용예탁액 제외) + 위탁외화예탁액 + 위탁현금예탁액",
청산결제,TCSMIH41001,TCSMIH41001,장중추가증거금_부과내역통보(파생시장),DATA,21,장중추가증거금,IM,Float,22,,단위:원 / 회원사가 위탁/자기별로 납부해야될 장중추가증거금 금액.  / 필요액합계 (T시) + 부과기준시각_결정용예탁금액(T+1시) < 0,
청산결제,TCSMIH41001,TCSMIH41001,장중추가증거금_부과내역통보(파생시장),DATA,22,확정시각,FINAL_TM,String,9,,"HHMMSSsss, 부과확정시각",
청산결제,TCSMIH41001,TCSMIH41001,장중추가증거금_부과내역통보(파생시장),DATA,23,납부시한,PAY_DEADLINE,String,9,,"HHMMSSsss,  / 확정시각+납부시한(2시간)",
청산결제,TCSMIH41001,TCSMIH41001,장중추가증거금_부과내역통보(파생시장),DATA,24,필러값,FILLER_VALUE,String,894,,,
청산결제,TCSMIH41101,TCSMIH41101,장중추가증거금_해제내역통보(파생시장),DATA,1,메세지일련번호,MESSAGE_ / SEQUENCE NUMBER,Long,11,,메세지일련번호,
청산결제,TCSMIH41101,TCSMIH41101,장중추가증거금_해제내역통보(파생시장),DATA,2,트랜잭션코드,TRANSACTION_ / CODE,String,11,,TCSMIH41101,
청산결제,TCSMIH41101,TCSMIH41101,장중추가증거금_해제내역통보(파생시장),DATA,3,전송일자,TRANSMIT_DATE,String,8,,YYYYMMDD,
청산결제,TCSMIH41101,TCSMIH41101,장중추가증거금_해제내역통보(파생시장),DATA,4,전문완료여부,EMSG_COMPLT_YN,String,1,,"Y:전송완료, N:전송중",
청산결제,TCSMIH41101,TCSMIH41101,장중추가증거금_해제내역통보(파생시장),DATA,5,회차번호,RND_NO,Long,4,,장중추가증거금 산출 회차번호 / 1회차 = 부과용산출 + 해제용산출 / sequential하지 않음,
청산결제,TCSMIH41101,TCSMIH41101,장중추가증거금_해제내역통보(파생시장),DATA,6,회차시각,RND_TM,String,9,,"HHMMSSsss, 회차 시작 시각",
청산결제,TCSMIH41101,TCSMIH41101,장중추가증거금_해제내역통보(파생시장),DATA,7,청산결제시장ID,MARGIN_MARKET_IDENTIFICATION,String,3,,DRV:파생시장,변경
청산결제,TCSMIH41101,TCSMIH41101,장중추가증거금_해제내역통보(파생시장),DATA,8,회원번호,MEMBER_NUMBER,String,5,,,
청산결제,TCSMIH41101,TCSMIH41101,장중추가증거금_해제내역통보(파생시장),DATA,9,위탁자기통합구분코드,TRUST_ / PRINCIPAL_ / INTEGRATION_ / TYPE_CODE,String,2,,"10:위탁, 20:자기",
청산결제,TCSMIH41101,TCSMIH41101,장중추가증거금_해제내역통보(파생시장),DATA,10,순위험증거금,NET_RISK_MRGN,Float,23,,거래증거금 소요액(필요액) / 순위험증거금 <= 0,
청산결제,TCSMIH41101,TCSMIH41101,장중추가증거금_해제내역통보(파생시장),DATA,11,신용위험증거금,CREDIT_RISK_MRGN,Float,23,,단위:원,
청산결제,TCSMIH41101,TCSMIH41101,장중추가증거금_해제내역통보(파생시장),DATA,12,장중결제금액,REGULSS_SETL_AMT,Float,22,,장중결제대금 = 장중 당일차금 + 장중 갱신차금 + 장중 옵션대금,
청산결제,TCSMIH41101,TCSMIH41101,장중추가증거금_해제내역통보(파생시장),DATA,13,필요액합계(T시),REQVAL_AGG,Float,28,,단위:원 / 순위험증거금 + 장중결제금액 + 신용위험증거금 / 필요액합계 < 0,
청산결제,TCSMIH41101,TCSMIH41101,장중추가증거금_해제내역통보(파생시장),DATA,14,해제기준시각,RELEAS_BAS_TM,String,9,,"HHMMSSsss,  / 12:00시 장중추가증거금산출 회차는 / 14:00:00:000",
청산결제,TCSMIH41101,TCSMIH41101,장중추가증거금_해제내역통보(파생시장),DATA,15,해제기준시각_총예탁금액(T시+0.5시),RELEAS_BAS_TM_TOT_DEPO_AMT,Float,22,,단위:원 / 해제기준시각 위탁/자기별 총예탁금액,
청산결제,TCSMIH41101,TCSMIH41101,장중추가증거금_해제내역통보(파생시장),DATA,16,해제기준시각_확인용예탁금액,RELEAS_BAS_TM_FCNFRM_DEPO_AMT,Float,22,,"단위:원 / 자기분 예탁금액 = 자기예탁금액  / 위탁분 예탁금액 = Min(-위탁필요액, 위탁예탁금액) / 선물사 위탁예탁금액 = 위탁대용예탁액(계좌별 필요액 대비 초과 대용예탁액 제외) + 위탁외화예탁액 + 위탁현금예탁액",
청산결제,TCSMIH41101,TCSMIH41101,장중추가증거금_해제내역통보(파생시장),DATA,17,예탁액대비장중추가증거금필요액비율,DEPO_VAL_CMP_IM_REQVAL_RTO,Float,10,,필요액합계/(위탁 해제기준시각_확인용예탁금액 + 자기 해제기준시각_확인용예탁금액) / 위탁/자기 동일값 / 단위 : %(0의 자리에서 절사),
청산결제,TCSMIH41101,TCSMIH41101,장중추가증거금_해제내역통보(파생시장),DATA,18,확정시각,FINAL_TM,String,9,,"HHMMSSsss, 해제확정시각",
청산결제,TCSMIH41101,TCSMIH41101,장중추가증거금_해제내역통보(파생시장),DATA,19,필러값,FILLER_VALUE,String,978,,,
청산결제,TCSMIH41201,TCSMIH41201,장중추가증거금_위탁자기별거래증거금소요액(파생시장),DATA,1,메세지일련번호,MESSAGE_ / SEQUENCE NUMBER,Long,11,,메세지일련번호,
청산결제,TCSMIH41201,TCSMIH41201,장중추가증거금_위탁자기별거래증거금소요액(파생시장),DATA,2,트랜잭션코드,TRANSACTION_ / CODE,String,11,,TCSMIH41201,
청산결제,TCSMIH41201,TCSMIH41201,장중추가증거금_위탁자기별거래증거금소요액(파생시장),DATA,3,전송일자,TRANSMIT_DATE,String,8,,YYYYMMDD,
청산결제,TCSMIH41201,TCSMIH41201,장중추가증거금_위탁자기별거래증거금소요액(파생시장),DATA,4,전문완료여부,EMSG_COMPLT_YN,String,1,,"Y:전송완료, N:전송중",
청산결제,TCSMIH41201,TCSMIH41201,장중추가증거금_위탁자기별거래증거금소요액(파생시장),DATA,5,상품완료여부,PROD_COMPLT_YN,String,1,,"Y:전송완료, N:전송중",
청산결제,TCSMIH41201,TCSMIH41201,장중추가증거금_위탁자기별거래증거금소요액(파생시장),DATA,6,회차번호,RND_NO,Long,4,,장중추가증거금 산출 회차번호 / 1회차 = 부과용산출 + 해제용산출 / sequential하지 않음,
청산결제,TCSMIH41201,TCSMIH41201,장중추가증거금_위탁자기별거래증거금소요액(파생시장),DATA,7,회차시각,RND_TM,String,9,,"HHMMSSsss, 회차 시작 시각",
청산결제,TCSMIH41201,TCSMIH41201,장중추가증거금_위탁자기별거래증거금소요액(파생시장),DATA,8,데이터산출기준시각,IM_CALC_BAS_TM,String,9,,"HHMMSSsss, 데이터 산출 기준 시각",
청산결제,TCSMIH41201,TCSMIH41201,장중추가증거금_위탁자기별거래증거금소요액(파생시장),DATA,9,회원번호,MEMBER_NUMBER,String,5,,,
청산결제,TCSMIH41201,TCSMIH41201,장중추가증거금_위탁자기별거래증거금소요액(파생시장),DATA,10,거래전문회원번호,NON CLREARING MEMBER_NUMBER,String,5,,,
청산결제,TCSMIH41201,TCSMIH41201,장중추가증거금_위탁자기별거래증거금소요액(파생시장),DATA,11,위탁자기통합구분코드,TRUST PRINCIPAL / INTERGRATION / TYPE CODE,String,2,,"10:위탁, 20:자기",
청산결제,TCSMIH41201,TCSMIH41201,장중추가증거금_위탁자기별거래증거금소요액(파생시장),DATA,12,거래증거금소요액,TRADE MARGIN REQUIRED VALUE,Float,22,,단위:원,
청산결제,TCSMIH41201,TCSMIH41201,장중추가증거금_위탁자기별거래증거금소요액(파생시장),DATA,13,필러값,FILLER_VALUE,String,1112,,,
청산결제,TCSMIH41301,TCSMIH41301,장중추가증거금_기초자산변동률부과요건(파생시장),DATA,1,메세지일련번호,MESSAGE_ / SEQUENCE NUMBER,Long,11,,메세지일련번호,
청산결제,TCSMIH41301,TCSMIH41301,장중추가증거금_기초자산변동률부과요건(파생시장),DATA,2,트랜잭션코드,TRANSACTION_ / CODE,String,11,,TCSMIH41301,
청산결제,TCSMIH41301,TCSMIH41301,장중추가증거금_기초자산변동률부과요건(파생시장),DATA,3,전송일자,TRANSMIT_DATE,String,8,,YYYYMMDD,
청산결제,TCSMIH41301,TCSMIH41301,장중추가증거금_기초자산변동률부과요건(파생시장),DATA,4,전문완료여부,EMSG_COMPLT_YN,String,1,,"Y:전문완료, N:전송중",
청산결제,TCSMIH41301,TCSMIH41301,장중추가증거금_기초자산변동률부과요건(파생시장),DATA,5,회차번호,RND_NO,Long,4,,장중추가증거금 산출 회차번호 / 1회차 = 부과용산출 + 해제용산출 / sequential하지 않음,
청산결제,TCSMIH41301,TCSMIH41301,장중추가증거금_기초자산변동률부과요건(파생시장),DATA,6,회차시각,RND_TM,String,9,,"HHMMSSsss, 회차 시작 시각",
청산결제,TCSMIH41301,TCSMIH41301,장중추가증거금_기초자산변동률부과요건(파생시장),DATA,7,데이터산출기준시각,IM_CALC_BAS_TM,String,9,,"HHMMSSsss, 데이터 산출 기준 시각",
청산결제,TCSMIH41301,TCSMIH41301,장중추가증거금_기초자산변동률부과요건(파생시장),DATA,8,증거금종류구분코드,MRGN_KIND_TP_CD,String,1,,"1 : 거래증거금, 2 : 위탁증거금",
청산결제,TCSMIH41301,TCSMIH41301,장중추가증거금_기초자산변동률부과요건(파생시장),DATA,9,기초자산코드,UNDERLYING ASSET_CODE,String,2,,‘ISIN표준코드’ 체계의 ‘대상물코드’를 사용,
청산결제,TCSMIH41301,TCSMIH41301,장중추가증거금_기초자산변동률부과요건(파생시장),DATA,10,종가,CLSPRC,Float,11,,장중추가증거금산출기준시각의 기초자산 가격,
청산결제,TCSMIH41301,TCSMIH41301,장중추가증거금_기초자산변동률부과요건(파생시장),DATA,11,전일조정종가,PREVDD_ADJ_CLSPRC,Float,18,,"조정이 있으면 전일조정종가, 없으면 전일종가",
청산결제,TCSMIH41301,TCSMIH41301,장중추가증거금_기초자산변동률부과요건(파생시장),DATA,12,가격변동률,PRC_CHG_RT,Float,13,,|(산출시점 종가 - 전일조정종가)/(전일조정종가)| / 단위 : % (%기준 소수점 셋째자리 절사),
청산결제,TCSMIH41301,TCSMIH41301,장중추가증거금_기초자산변동률부과요건(파생시장),DATA,13,가격변동증거금률,PRC_CHG_MRGN_RT,String,13,,거래증거금 : 거래증거금률 / 위탁증거금 : 유지증거금률 / 단위 : % ( %기준 소수점 셋째자리 절사),
청산결제,TCSMIH41301,TCSMIH41301,장중추가증거금_기초자산변동률부과요건(파생시장),DATA,14,가격변동률대비증거금률비율,PRC_CHG_RT_CMP_MRGN_RT_RTO,String,13,,가격변동률/가격변동증거금률 / 소수점 셋째자리 절사,
청산결제,TCSMIH41301,TCSMIH41301,장중추가증거금_기초자산변동률부과요건(파생시장),DATA,15,가격변동률대비증거금률기준비율,PRC_CHG_RT_CMP_MRGN_RT_BAS_RTO,String,13,,가격변동률대비증거금률비율이 기준비율이상이면 기초자산변동률 부과요건 만족,
청산결제,TCSMIH41301,TCSMIH41301,장중추가증거금_기초자산변동률부과요건(파생시장),DATA,16,장중추가증거금가격변동기준충족여부,IM_PRC_CHG_BAS_SATISFACT_YN,String,1,,"Y : 기초자산가격변동률기준 충족, N : 불충족",
청산결제,TCSMIH41301,TCSMIH41301,장중추가증거금_기초자산변동률부과요건(파생시장),DATA,17,필러값,FILLER_VALUE,String,1062,,,
청산결제,TCSMIH42101,TCSMIH42101,거래증거금_종목별증거금률(증권시장),DATA,1,메세지일련번호,MESSAGE_SEQUENCE NUMBER,Long,11,,메세지일련번호,
청산결제,TCSMIH42101,TCSMIH42101,거래증거금_종목별증거금률(증권시장),DATA,2,트랜잭션코드,TRACSACTION_CODE,String,11,,TCSMIH42101,
청산결제,TCSMIH42101,TCSMIH42101,거래증거금_종목별증거금률(증권시장),DATA,3,전송일자,TRANSMIT_DATE,String,8,,YYYYMMDD / 데이터 생성일자 = 적용일(적용일 당일 15시 송신),
청산결제,TCSMIH42101,TCSMIH42101,거래증거금_종목별증거금률(증권시장),DATA,4,전문완료여부,EMSG_COMPLT_YN,String,1,,"Y:전송완료, N:전송중",
청산결제,TCSMIH42101,TCSMIH42101,거래증거금_종목별증거금률(증권시장),DATA,5,시장ID,MARKET_IDENTIFICATION,String,3,,별첨-KRX 차세대 상품 ID체계 참고,
청산결제,TCSMIH42101,TCSMIH42101,거래증거금_종목별증거금률(증권시장),DATA,6,증권그룹ID,SECURITIES GROUP_IDENTIFICATION,String,2,,별첨-KRX 차세대 상품 ID체계 참고,
청산결제,TCSMIH42101,TCSMIH42101,거래증거금_종목별증거금률(증권시장),DATA,7,종목코드,ISSUE_CODE,String,12,,,
청산결제,TCSMIH42101,TCSMIH42101,거래증거금_종목별증거금률(증권시장),DATA,8,종목한글약명,ISU_KOR_ABBRV,String,40,,,
청산결제,TCSMIH42101,TCSMIH42101,거래증거금_종목별증거금률(증권시장),DATA,9,거래증거금률,TRD_MRGN_RT,String,13,,단위 : % / 6.6,
청산결제,TCSMIH42101,TCSMIH42101,거래증거금_종목별증거금률(증권시장),DATA,10,필러값,FILLER_VALUE,String,49,,,
청산결제,TCSMIH42201,TCSMIH42201,거래증거금_위탁자기별거래증거금소요액(증권시장),DATA,1,메세지일련번호,MESSAGE_ / SEQUENCE NUMBER,Long,11,,메세지일련번호,
청산결제,TCSMIH42201,TCSMIH42201,거래증거금_위탁자기별거래증거금소요액(증권시장),DATA,2,트랜잭션코드,TRANSACTION_ / CODE,String,11,,TCSMIH42201,
청산결제,TCSMIH42201,TCSMIH42201,거래증거금_위탁자기별거래증거금소요액(증권시장),DATA,3,전송일자,TRANSMIT_DATE,String,8,,YYYYMMDD,
청산결제,TCSMIH42201,TCSMIH42201,거래증거금_위탁자기별거래증거금소요액(증권시장),DATA,4,전문완료여부,EMSG_COMPLT_YN,String,1,,"Y:전송완료, N:전송중",
청산결제,TCSMIH42201,TCSMIH42201,거래증거금_위탁자기별거래증거금소요액(증권시장),DATA,5,회원번호,MEMBER_NUMBER,String,5,,,
청산결제,TCSMIH42201,TCSMIH42201,거래증거금_위탁자기별거래증거금소요액(증권시장),DATA,6,거래전문회원번호,NON CLREARING MEMBER_NUMBER,String,5,,,
청산결제,TCSMIH42201,TCSMIH42201,거래증거금_위탁자기별거래증거금소요액(증권시장),DATA,7,위탁자기통합구분코드,TRUST PRINCIPAL / INTERGRATION / TYPE CODE,String,2,,"10:위탁, 20:자기",
청산결제,TCSMIH42201,TCSMIH42201,거래증거금_위탁자기별거래증거금소요액(증권시장),DATA,8,거래증거금소요액,TRADING_MARGIN_ / REQUIRED VALUE,Float,22,,단위:원,
청산결제,TCSMIH42201,TCSMIH42201,거래증거금_위탁자기별거래증거금소요액(증권시장),DATA,9,현금성자산납부소요액,CASHABLE_ASSET_PAY_REQUIRED_VALUE,Float,22,,단위:원 / 거래증거금소요액 * ( 1 - 비현금성자산 납입한도비율 ),
청산결제,TCSMIH42201,TCSMIH42201,거래증거금_위탁자기별거래증거금소요액(증권시장),DATA,10,필러값,FILLER_VALUE,String,1113,,,
청산결제,TCSMIH42301,TCSMIH42301,거래증거금과부족내역통보(증권시장),DATA,1,메세지일련번호,MESSAGE_ / SEQUENCE NUMBER,Long,11,,메세지일련번호,
청산결제,TCSMIH42301,TCSMIH42301,거래증거금과부족내역통보(증권시장),DATA,2,트랜잭션코드,TRANSACTION_ / CODE,String,11,,TCSMIH42301,
청산결제,TCSMIH42301,TCSMIH42301,거래증거금과부족내역통보(증권시장),DATA,3,전송일자,TRANSMIT_DATE,String,8,,YYYYMMDD,
청산결제,TCSMIH42301,TCSMIH42301,거래증거금과부족내역통보(증권시장),DATA,4,전문완료여부,EMSG_COMPLT_YN,String,1,,"Y:전송완료, N:전송중",
청산결제,TCSMIH42301,TCSMIH42301,거래증거금과부족내역통보(증권시장),DATA,5,회원번호,MEMBER_NUMBER,String,5,,,
청산결제,TCSMIH42301,TCSMIH42301,거래증거금과부족내역통보(증권시장),DATA,6,전전일거래증거금소요액,BEFORE PREVIOUS DAY TRADING_MARGIN_ / REQUIRED VALUE,Float,22,,단위:원 / T-2일 거래분에 대한 소요액,
청산결제,TCSMIH42301,TCSMIH42301,거래증거금과부족내역통보(증권시장),DATA,7,전일거래증거금소요액,PREVDD TRADING_MARGIN_ / REQUIRED VALUE,Float,22,,단위:원 / T-1일 거래분에 대한 소요액,
청산결제,TCSMIH42301,TCSMIH42301,거래증거금과부족내역통보(증권시장),DATA,8,거래증거금소요액,TRADING_MARGIN_ / REQUIRED VALUE,Float,22,,단위:원 / T-1 + T-2일 거래분에 대한 소요액,
청산결제,TCSMIH42301,TCSMIH42301,거래증거금과부족내역통보(증권시장),DATA,9,인출제한금액,WITHDRAWAL LIMIT AMOUNT,Float,22,,단위:원 / 인출제한금액(전송시점 인출제한금액 08:00시),
청산결제,TCSMIH42301,TCSMIH42301,거래증거금과부족내역통보(증권시장),DATA,10,거래증거금평가금액,TRADING_MARGIN_ / VALUATION,Float,22,,단위:원,
청산결제,TCSMIH42301,TCSMIH42301,거래증거금과부족내역통보(증권시장),DATA,11,과부족구분코드,OVRES & SHORTS_ / TYPE_CODE,String,1,,"1:초과, 2:부족 3:일치",
청산결제,TCSMIH42301,TCSMIH42301,거래증거금과부족내역통보(증권시장),DATA,12,거래증거금과부족금액,TRADING_ / MARGIN_ / VALUATION_ / AMOUNT,Float,22,,단위:원,
청산결제,TCSMIH42301,TCSMIH42301,거래증거금과부족내역통보(증권시장),DATA,13,현금성자산거래증거금소요액,CASHABLE_ASSET_TRADING_MARGIN_REQUIRED VALUE,Float,22,,단위:원 / 거래증거금소요액 * ( 1 - 비현금성자산 납입한도비율 ),
청산결제,TCSMIH42301,TCSMIH42301,거래증거금과부족내역통보(증권시장),DATA,14,현금성자산거래증거금평가금액,CASHABLE_ASSET_TRADING_MARGIN_VALUATION,Float,22,,"단위:원 / 현금을 포함한 외화, 국채, 특수채, 지방채, 외화증권에 대한 금액",
청산결제,TCSMIH42301,TCSMIH42301,거래증거금과부족내역통보(증권시장),DATA,15,현금성자산과부족구분코드,CASHABLE_ASSET_TRADING_MARGIN OVRES & SHORTS_TYPE_CODE,String,1,,"1:초과, 2:부족 3:일치 / 현금성자산거래증거금소요액 < 현금성자산거래증거금평가금액 : 초과 / 현금성자산거래증거금소요액 > 현금성자산거래증거금평가금액 : 부족 / 현금성자산거래증거금소요액 = 현금성자산거래증거금평가금액 : 일치",
청산결제,TCSMIH42301,TCSMIH42301,거래증거금과부족내역통보(증권시장),DATA,16,현금성자산거래증거금과부족금액,CASHABLE_ASSET_TRADING_MARGIN_VALUATION_AMOUNT,Float,22,,단위:원 / 현금성자산거래증거금에 대한 부족금액 또는 초과금액,
청산결제,TCSMIH42301,TCSMIH42301,거래증거금과부족내역통보(증권시장),DATA,17,필러값,FILLER_VALUE,String,964,,,
청산결제,TCSMIH42401,TCSMIH42401,거래증거금_위탁자기별종목별거래량가중평균가격(증권시장),DATA,1,메세지일련번호,MESSAGE_ / SEQUENCE NUMBER,Long,11,,메세지일련번호,
청산결제,TCSMIH42401,TCSMIH42401,거래증거금_위탁자기별종목별거래량가중평균가격(증권시장),DATA,2,트랜잭션코드,TRANSACTION_ / CODE,String,11,,TCSMIH42401,
청산결제,TCSMIH42401,TCSMIH42401,거래증거금_위탁자기별종목별거래량가중평균가격(증권시장),DATA,3,전송일자,TRANSMIT_DATE,String,8,,YYYYMMDD,
청산결제,TCSMIH42401,TCSMIH42401,거래증거금_위탁자기별종목별거래량가중평균가격(증권시장),DATA,4,전문완료여부,EMSG_COMPLT_YN,String,1,,"Y:전송완료, N:전송중",
청산결제,TCSMIH42401,TCSMIH42401,거래증거금_위탁자기별종목별거래량가중평균가격(증권시장),DATA,5,회원번호,MEMBER_NUMBER,String,5,,,
청산결제,TCSMIH42401,TCSMIH42401,거래증거금_위탁자기별종목별거래량가중평균가격(증권시장),DATA,6,거래전문회원번호,NON CLREARING MEMBER_NUMBER,String,5,,,
청산결제,TCSMIH42401,TCSMIH42401,거래증거금_위탁자기별종목별거래량가중평균가격(증권시장),DATA,7,위탁자기통합구분코드,TRUST PRINCIPAL / INTERGRATION / TYPE CODE,String,2,,"10:위탁, 20:자기",
청산결제,TCSMIH42401,TCSMIH42401,거래증거금_위탁자기별종목별거래량가중평균가격(증권시장),DATA,8,시장ID,MARKET_IDENTIFICATION,String,3,,,
청산결제,TCSMIH42401,TCSMIH42401,거래증거금_위탁자기별종목별거래량가중평균가격(증권시장),DATA,9,증권그룹ID,SECURITIES GROUP_IDENTIFICATION,String,2,,별첨-KRX 차세대 상품 ID체계 참고,
청산결제,TCSMIH42401,TCSMIH42401,거래증거금_위탁자기별종목별거래량가중평균가격(증권시장),DATA,10,종목코드,ISSUE_CODE,String,12,,,
청산결제,TCSMIH42401,TCSMIH42401,거래증거금_위탁자기별종목별거래량가중평균가격(증권시장),DATA,11,거래량가중평균가격,TRADING VOLUMN_WEIGHTED_AVERAGE_PRICE,Long,10,,,
청산결제,TCSMIH42401,TCSMIH42401,거래증거금_위탁자기별종목별거래량가중평균가격(증권시장),DATA,12,필러값,FILLER_VALUE,String,289,,,
청산결제,TCSMIH43101,TCSMIH43101,장중추가증거금_기초자산변동률부과요건(증권시장),DATA,1,메세지일련번호,MESSAGE_ / SEQUENCE NUMBER,Long,11,,메세지일련번호,
청산결제,TCSMIH43101,TCSMIH43101,장중추가증거금_기초자산변동률부과요건(증권시장),DATA,2,트랜잭션코드,TRANSACTION_ / CODE,String,11,,TCSMIH43101,
청산결제,TCSMIH43101,TCSMIH43101,장중추가증거금_기초자산변동률부과요건(증권시장),DATA,3,전송일자,TRANSMIT_DATE,String,8,,YYYYMMDD,
청산결제,TCSMIH43101,TCSMIH43101,장중추가증거금_기초자산변동률부과요건(증권시장),DATA,4,전문완료여부,EMSG_COMPLT_YN,String,1,,"Y:전문완료, N:전송중",
청산결제,TCSMIH43101,TCSMIH43101,장중추가증거금_기초자산변동률부과요건(증권시장),DATA,5,회차번호,RND_NO,Long,4,,장중추가증거금 산출 회차번호 / 1회차 = 부과용산출 + 해제용산출 / sequential하지 않음,
청산결제,TCSMIH43101,TCSMIH43101,장중추가증거금_기초자산변동률부과요건(증권시장),DATA,6,회차시각,RND_TM,String,9,,"HHMMSSsss, 회차 시작 시각",
청산결제,TCSMIH43101,TCSMIH43101,장중추가증거금_기초자산변동률부과요건(증권시장),DATA,7,데이터산출기준시각,IM_CALC_BAS_TM,String,9,,"HHMMSSsss, 데이터 산출 기준 시각",
청산결제,TCSMIH43101,TCSMIH43101,장중추가증거금_기초자산변동률부과요건(증권시장),DATA,8,증거금종류구분코드,MRGN_KIND_TP_CD,String,1,,1 : 거래증거금,
청산결제,TCSMIH43101,TCSMIH43101,장중추가증거금_기초자산변동률부과요건(증권시장),DATA,9,기초자산코드,UNDERLYING ASSET_CODE,String,2,,‘ISIN표준코드’ 체계의 ‘대상물코드’를 사용,
청산결제,TCSMIH43101,TCSMIH43101,장중추가증거금_기초자산변동률부과요건(증권시장),DATA,10,종가,CLSPRC,Float,11,,장중추가증거금산출기준시각의 기초자산 가격,
청산결제,TCSMIH43101,TCSMIH43101,장중추가증거금_기초자산변동률부과요건(증권시장),DATA,11,전일조정종가,PREVDD_ADJ_CLSPRC,Float,18,,"조정이 있으면 전일조정종가, 없으면 전일종가",
청산결제,TCSMIH43101,TCSMIH43101,장중추가증거금_기초자산변동률부과요건(증권시장),DATA,12,가격변동률,PRC_CHG_RT,Float,13,,|(산출시점 종가 - 전일조정종가)/(전일조정종가)| / 단위 : % (%기준 소수점 셋째자리 절사),
청산결제,TCSMIH43101,TCSMIH43101,장중추가증거금_기초자산변동률부과요건(증권시장),DATA,13,가격변동증거금률,PRC_CHG_MRGN_RT,String,13,,거래증거금률 / 단위 : % ( %기준 소수점 셋째자리 절사),
청산결제,TCSMIH43101,TCSMIH43101,장중추가증거금_기초자산변동률부과요건(증권시장),DATA,14,가격변동률대비증거금률비율,PRC_CHG_RT_CMP_MRGN_RT_RTO,String,13,,가격변동률/가격변동증거금률 / 소수점 셋째자리 절사,
청산결제,TCSMIH43101,TCSMIH43101,장중추가증거금_기초자산변동률부과요건(증권시장),DATA,15,가격변동률대비증거금률기준비율,PRC_CHG_RT_CMP_MRGN_RT_BAS_RTO,String,13,,가격변동률대비증거금률비율이 기준비율이상이면 기초자산변동률 부과요건 만족,
청산결제,TCSMIH43101,TCSMIH43101,장중추가증거금_기초자산변동률부과요건(증권시장),DATA,16,장중추가증거금가격변동기준충족여부,IM_PRC_CHG_BAS_SATISFACT_YN,String,1,,"Y : 기초자산가격변동률기준 충족, N : 불충족",
청산결제,TCSMIH43101,TCSMIH43101,장중추가증거금_기초자산변동률부과요건(증권시장),DATA,17,필러값,FILLER_VALUE,String,1062,,,
청산결제,TCSMIH43201,TCSMIH43201,장중추가증거금_위탁자기별거래증거금소요액(증권시장),DATA,1,메세지일련번호,MESSAGE_ / SEQUENCE NUMBER,Long,11,,메세지일련번호,
청산결제,TCSMIH43201,TCSMIH43201,장중추가증거금_위탁자기별거래증거금소요액(증권시장),DATA,2,트랜잭션코드,TRANSACTION_ / CODE,String,11,,TCSMIH43201,
청산결제,TCSMIH43201,TCSMIH43201,장중추가증거금_위탁자기별거래증거금소요액(증권시장),DATA,3,전송일자,TRANSMIT_DATE,String,8,,YYYYMMDD,
청산결제,TCSMIH43201,TCSMIH43201,장중추가증거금_위탁자기별거래증거금소요액(증권시장),DATA,4,전문완료여부,EMSG_COMPLT_YN,String,1,,"Y:전송완료, N:전송중",
청산결제,TCSMIH43201,TCSMIH43201,장중추가증거금_위탁자기별거래증거금소요액(증권시장),DATA,5,회차번호,RND_NO,Long,4,,장중추가증거금 산출 회차번호 / 1회차 = 부과용산출 + 해제용산출 / sequential하지 않음,
청산결제,TCSMIH43201,TCSMIH43201,장중추가증거금_위탁자기별거래증거금소요액(증권시장),DATA,6,회차시각,RND_TM,String,9,,"HHMMSSsss, 회차 시작 시각",
청산결제,TCSMIH43201,TCSMIH43201,장중추가증거금_위탁자기별거래증거금소요액(증권시장),DATA,7,데이터산출기준시각,IM_CALC_BAS_TM,String,9,,"HHMMSSsss, 데이터 산출 기준 시각",
청산결제,TCSMIH43201,TCSMIH43201,장중추가증거금_위탁자기별거래증거금소요액(증권시장),DATA,8,회원번호,MEMBER_NUMBER,String,5,,,
청산결제,TCSMIH43201,TCSMIH43201,장중추가증거금_위탁자기별거래증거금소요액(증권시장),DATA,9,거래전문회원번호,NON CLREARING MEMBER_NUMBER,String,5,,,
청산결제,TCSMIH43201,TCSMIH43201,장중추가증거금_위탁자기별거래증거금소요액(증권시장),DATA,10,위탁자기통합구분코드,TRUST PRINCIPAL / INTERGRATION / TYPE CODE,String,2,,"10:위탁, 20:자기",
청산결제,TCSMIH43201,TCSMIH43201,장중추가증거금_위탁자기별거래증거금소요액(증권시장),DATA,11,거래증거금소요액,TRADING_MARGIN_ / REQUIRED VALUE,Float,22,,단위:원,
청산결제,TCSMIH43201,TCSMIH43201,장중추가증거금_위탁자기별거래증거금소요액(증권시장),DATA,12,필러값,FILLER_VALUE,String,1113,,,
청산결제,TCSMIH43301,TCSMIH43301,장중추가증거금_부과내역통보(증권시장),DATA,1,메세지일련번호,MESSAGE_ / SEQUENCE NUMBER,Long,11,,메세지일련번호,
청산결제,TCSMIH43301,TCSMIH43301,장중추가증거금_부과내역통보(증권시장),DATA,2,트랜잭션코드,TRANSACTION_ / CODE,String,11,,TCSMIH43301,
청산결제,TCSMIH43301,TCSMIH43301,장중추가증거금_부과내역통보(증권시장),DATA,3,전송일자,TRANSMIT_DATE,String,8,,YYYYMMDD,
청산결제,TCSMIH43301,TCSMIH43301,장중추가증거금_부과내역통보(증권시장),DATA,4,전문완료여부,EMSG_COMPLT_YN,String,1,,"Y:전송완료, N:전송중",
청산결제,TCSMIH43301,TCSMIH43301,장중추가증거금_부과내역통보(증권시장),DATA,5,회차번호,RND_NO,Long,4,,장중추가증거금 산출 회차번호 / 1회차 = 부과용산출 + 해제용산출 / sequential하지 않음,
청산결제,TCSMIH43301,TCSMIH43301,장중추가증거금_부과내역통보(증권시장),DATA,6,회차시각,RND_TM,String,9,,"HHMMSSsss, 회차 시작 시각",
청산결제,TCSMIH43301,TCSMIH43301,장중추가증거금_부과내역통보(증권시장),DATA,7,청산결제시장ID,CLEARING & SETTLEMENT_ / MARKET_ / IDENTIFICATION,String,3,,SPT:증권시장,
청산결제,TCSMIH43301,TCSMIH43301,장중추가증거금_부과내역통보(증권시장),DATA,8,회원번호,MEMBER_NUMBER,String,5,,,
청산결제,TCSMIH43301,TCSMIH43301,장중추가증거금_부과내역통보(증권시장),DATA,9,위탁순위험증거금,TRST_NET_RISK_MRGN,Float,23,,,
청산결제,TCSMIH43301,TCSMIH43301,장중추가증거금_부과내역통보(증권시장),DATA,10,위탁변동증거금,TRST_VARI_MRGN,Float,23,,,
청산결제,TCSMIH43301,TCSMIH43301,장중추가증거금_부과내역통보(증권시장),DATA,11,위탁필요액,TRST_REQVAL,Float,28,,위탁거래증거금 소요액(필요액) / 위탁필요액 <= 0,
청산결제,TCSMIH43301,TCSMIH43301,장중추가증거금_부과내역통보(증권시장),DATA,12,자기순위험증거금,PRINC_NET_RISK_MRGN,Float,23,,,
청산결제,TCSMIH43301,TCSMIH43301,장중추가증거금_부과내역통보(증권시장),DATA,13,자기변동증거금,PRINC_VARI_MRGN,Float,23,,,
청산결제,TCSMIH43301,TCSMIH43301,장중추가증거금_부과내역통보(증권시장),DATA,14,자기필요액,PRINC_REQVAL,Float,28,,자기거래증거금 소요액(필요액) / 자기필요액 <= 0,
청산결제,TCSMIH43301,TCSMIH43301,장중추가증거금_부과내역통보(증권시장),DATA,15,필요액합계,REQVAL_AGG,Float,28,,단위:원 / 위탁필요액 + 자기필요액 / 필요액합계 <= 0,
청산결제,TCSMIH43301,TCSMIH43301,장중추가증거금_부과내역통보(증권시장),DATA,16,부과산출기준시각(T시),IMPOST_BAS_TM,String,9,,"HHMMSSsss,  / 12:00시 장중추가증거금산출 회차는 / 12:00:00:000",
청산결제,TCSMIH43301,TCSMIH43301,장중추가증거금_부과내역통보(증권시장),DATA,17,부과산출기준시각_총예탁금액,IMPOST_BAS_TM_TOT_DEPO_AMT,Float,22,,단위:원 / 부과산출기준시각 총예탁금액,
청산결제,TCSMIH43301,TCSMIH43301,장중추가증거금_부과내역통보(증권시장),DATA,18,예탁액대비장중추가증거금필요액비율,DEPO_VAL_CMP_IM_REQVAL_RTO,Float,10,,필요액합계/부과산출기준시각_총예탁금액 / 단위 : %(0의 자리에서 절사),
청산결제,TCSMIH43301,TCSMIH43301,장중추가증거금_부과내역통보(증권시장),DATA,19,부과기준시각(T+1시),IMPOST_BAS_TM,String,9,,"HHMMSSsss,  / 12:00시 장중추가증거금산출 회차는 / 13:00:00:000",
청산결제,TCSMIH43301,TCSMIH43301,장중추가증거금_부과내역통보(증권시장),DATA,20,부과기준시각_총예탁금액,IMPOST_BAS_TM_TOT_DEPO_AMT,Float,22,,단위:원 / 부과기준시각 총예탁금액.,
청산결제,TCSMIH43301,TCSMIH43301,장중추가증거금_부과내역통보(증권시장),DATA,21,장중추가증거금,IM,Float,22,,단위:원 / 회원사가 납부해야될 장중추가증거금 금액.  / 필요액합계 (T시) + 부과기준시각_결정용예탁금액(T+1시) < 0,
청산결제,TCSMIH43301,TCSMIH43301,장중추가증거금_부과내역통보(증권시장),DATA,22,확정시각,FINAL_TM,String,9,,"HHMMSSsss, 부과확정시각",
청산결제,TCSMIH43301,TCSMIH43301,장중추가증거금_부과내역통보(증권시장),DATA,23,납부시한,PAY_DEADLINE,String,9,,"HHMMSSsss,  / 확정시각+납부시한(2시간)",
청산결제,TCSMIH43301,TCSMIH43301,장중추가증거금_부과내역통보(증권시장),DATA,24,필러값,FILLER_VALUE,String,860,,,
청산결제,TCSMIH43401,TCSMIH43401,장중추가증거금_해제내역통보(증권시장),DATA,1,메세지일련번호,MESSAGE_ / SEQUENCE NUMBER,Long,11,,메세지일련번호,
청산결제,TCSMIH43401,TCSMIH43401,장중추가증거금_해제내역통보(증권시장),DATA,2,트랜잭션코드,TRANSACTION_ / CODE,String,11,,TCSMIH43401,
청산결제,TCSMIH43401,TCSMIH43401,장중추가증거금_해제내역통보(증권시장),DATA,3,전송일자,TRANSMIT_DATE,String,8,,YYYYMMDD,
청산결제,TCSMIH43401,TCSMIH43401,장중추가증거금_해제내역통보(증권시장),DATA,4,전문완료여부,EMSG_COMPLT_YN,String,1,,"Y:전송완료, N:전송중",
청산결제,TCSMIH43401,TCSMIH43401,장중추가증거금_해제내역통보(증권시장),DATA,5,회차번호,RND_NO,Long,4,,장중추가증거금 산출 회차번호 / 1회차 = 부과용산출 + 해제용산출 / sequential하지 않음,
청산결제,TCSMIH43401,TCSMIH43401,장중추가증거금_해제내역통보(증권시장),DATA,6,회차시각,RND_TM,String,9,,"HHMMSSsss, 회차 시작 시각",
청산결제,TCSMIH43401,TCSMIH43401,장중추가증거금_해제내역통보(증권시장),DATA,7,청산결제시장ID,CLEARING & SETTLEMENT_ / MARKET_ / IDENTIFICATION,String,3,,SPT:증권시장,
청산결제,TCSMIH43401,TCSMIH43401,장중추가증거금_해제내역통보(증권시장),DATA,8,회원번호,MEMBER_NUMBER,String,5,,,
청산결제,TCSMIH43401,TCSMIH43401,장중추가증거금_해제내역통보(증권시장),DATA,9,위탁순위험증거금(T+1.5시),TRST_NET_RISK_MRGN,Float,23,,,
청산결제,TCSMIH43401,TCSMIH43401,장중추가증거금_해제내역통보(증권시장),DATA,10,위탁변동증거금(T+1.5시),TRST_VARI_MRGN,Float,23,,,
청산결제,TCSMIH43401,TCSMIH43401,장중추가증거금_해제내역통보(증권시장),DATA,11,위탁필요액(T+1.5시),TRST_REQVAL,Float,28,,위탁거래증거금 소요액(필요액) / 위탁필요액 <= 0,
청산결제,TCSMIH43401,TCSMIH43401,장중추가증거금_해제내역통보(증권시장),DATA,12,자기순위험증거금(T+1.5시),PRINC_NET_RISK_MRGN,Float,23,,,
청산결제,TCSMIH43401,TCSMIH43401,장중추가증거금_해제내역통보(증권시장),DATA,13,자기변동증거금(T+1.5시),PRINC_VARI_MRGN,Float,23,,,
청산결제,TCSMIH43401,TCSMIH43401,장중추가증거금_해제내역통보(증권시장),DATA,14,자기필요액(T+1.5시),PRINC_REQVAL,Float,28,,자기거래증거금 소요액(필요액) / 자기필요액 <= 0,
청산결제,TCSMIH43401,TCSMIH43401,장중추가증거금_해제내역통보(증권시장),DATA,15,필요액합계(T+1.5시),REQVAL_AGG,Float,28,,단위:원 / 위탁필요액 + 자기필요액 / 필요액합계 <= 0,
청산결제,TCSMIH43401,TCSMIH43401,장중추가증거금_해제내역통보(증권시장),DATA,16,해제기준시각(T+2시),RELEAS_BAS_TM,String,9,,"HHMMSSsss,  / 12:00시 장중추가증거금산출 회차는 / 14:00:00:000",
청산결제,TCSMIH43401,TCSMIH43401,장중추가증거금_해제내역통보(증권시장),DATA,17,해제기준시각_총예탁금액(T시+2시),RELEAS_BAS_TM_TOT_DEPO_AMT,Float,22,,단위:원 / 해제기준시각 총예탁금액,
청산결제,TCSMIH43401,TCSMIH43401,장중추가증거금_해제내역통보(증권시장),DATA,18,예탁액대비장중추가증거금필요액비율(T시+2시),DEPO_VAL_CMP_IM_REQVAL_RTO,Float,10,,필요액합계/해제기준시각_총예탁금액 / 단위 : %(0의 자리에서 절사),
청산결제,TCSMIH43401,TCSMIH43401,장중추가증거금_해제내역통보(증권시장),DATA,19,확정시각,FINAL_TM,String,9,,"HHMMSSsss, 해제확정시각",
청산결제,TCSMIH43401,TCSMIH43401,장중추가증거금_해제내역통보(증권시장),DATA,20,필러값,FILLER_VALUE,String,922,,,
청산결제,TCSMIH43501,TCSMIH43501,장중추가증거금_위탁자기별종목별포지션/VWAP(증권시장),DATA,1,메세지일련번호,MESSAGE_ / SEQUENCE NUMBER,Long,11,,메세지일련번호,
청산결제,TCSMIH43501,TCSMIH43501,장중추가증거금_위탁자기별종목별포지션/VWAP(증권시장),DATA,2,트랜잭션코드,TRANSACTION_ / CODE,String,11,,TCSMIH43501,
청산결제,TCSMIH43501,TCSMIH43501,장중추가증거금_위탁자기별종목별포지션/VWAP(증권시장),DATA,3,전송일자,TRANSMIT_DATE,String,8,,YYYYMMDD,
청산결제,TCSMIH43501,TCSMIH43501,장중추가증거금_위탁자기별종목별포지션/VWAP(증권시장),DATA,4,전문완료여부,EMSG_COMPLT_YN,String,1,,"Y:전송완료, N:전송중",
청산결제,TCSMIH43501,TCSMIH43501,장중추가증거금_위탁자기별종목별포지션/VWAP(증권시장),DATA,5,회차번호,ROUND_NUMBER,Long,4,,,
청산결제,TCSMIH43501,TCSMIH43501,장중추가증거금_위탁자기별종목별포지션/VWAP(증권시장),DATA,6,회차시각,ROUND_TIME,String,9,,"HHMMSSsss, 회차 시작 시각",
청산결제,TCSMIH43501,TCSMIH43501,장중추가증거금_위탁자기별종목별포지션/VWAP(증권시장),DATA,7,데이터산출기준시각,CALCULATE_BASE_TIME,String,9,,"HHMMSSsss, 데이터 산출 기준 시각",
청산결제,TCSMIH43501,TCSMIH43501,장중추가증거금_위탁자기별종목별포지션/VWAP(증권시장),DATA,8,회원번호,MEMBER_NUMBER,String,5,,,
청산결제,TCSMIH43501,TCSMIH43501,장중추가증거금_위탁자기별종목별포지션/VWAP(증권시장),DATA,9,거래전문회원번호,NON CLREARING MEMBER_NUMBER,String,5,,,
청산결제,TCSMIH43501,TCSMIH43501,장중추가증거금_위탁자기별종목별포지션/VWAP(증권시장),DATA,10,위탁자기통합구분코드,TRUST PRINCIPAL / INTERGRATION / TYPE CODE,String,2,,"10:위탁, 20:자기",
청산결제,TCSMIH43501,TCSMIH43501,장중추가증거금_위탁자기별종목별포지션/VWAP(증권시장),DATA,11,시장ID,MARKET_IDENTIFICATION,String,3,,,
청산결제,TCSMIH43501,TCSMIH43501,장중추가증거금_위탁자기별종목별포지션/VWAP(증권시장),DATA,12,증권그룹ID,SECURITIES GROUP_IDENTIFICATION,String,2,,별첨-KRX 차세대 상품 ID체계 참고,
청산결제,TCSMIH43501,TCSMIH43501,장중추가증거금_위탁자기별종목별포지션/VWAP(증권시장),DATA,13,종목코드,ISSUE_CODE,String,12,,,
청산결제,TCSMIH43501,TCSMIH43501,장중추가증거금_위탁자기별종목별포지션/VWAP(증권시장),DATA,12,매도체결수량,ASK_TRADING VOLUMN,Long,12,,당일 체결분에 한함 (거래정정 미반영),
청산결제,TCSMIH43501,TCSMIH43501,장중추가증거금_위탁자기별종목별포지션/VWAP(증권시장),DATA,13,매수체결수량,BID_TRADING VOLUMN,Long,12,,당일 체결분에 한함 (거래정정 미반영),
청산결제,TCSMIH43501,TCSMIH43501,장중추가증거금_위탁자기별종목별포지션/VWAP(증권시장),DATA,14,거래량가중평균가격,TRADING VOLUMN_WEIGHTED_AVERAGE_PRICE,Long,10,,,
청산결제,TCSMIH43501,TCSMIH43501,장중추가증거금_위탁자기별종목별포지션/VWAP(증권시장),DATA,15,필러값,FILLER_VALUE,String,77,,,
청산결제,TCSMIH43601,TCSMIH43601,장중추가증거금_증거금기준가격(증권시장),DATA,1,메세지일련번호,MESSAGE_ / SEQUENCE NUMBER,Long,11,,메세지일련번호,
청산결제,TCSMIH43601,TCSMIH43601,장중추가증거금_증거금기준가격(증권시장),DATA,2,트랜잭션코드,TRANSACTION_ / CODE,String,11,,TCSMIH43501,
청산결제,TCSMIH43601,TCSMIH43601,장중추가증거금_증거금기준가격(증권시장),DATA,3,전송일자,TRANSMIT_DATE,String,8,,YYYYMMDD,
청산결제,TCSMIH43601,TCSMIH43601,장중추가증거금_증거금기준가격(증권시장),DATA,4,전문완료여부,EMSG_COMPLT_YN,String,1,,"Y:전송완료, N:전송중",
청산결제,TCSMIH43601,TCSMIH43601,장중추가증거금_증거금기준가격(증권시장),DATA,5,회차번호,ROUND_NUMBER,Long,4,,,
청산결제,TCSMIH43601,TCSMIH43601,장중추가증거금_증거금기준가격(증권시장),DATA,6,회차시각,ROUND_TIME,String,9,,"HHMMSSsss, 회차 시작 시각",
청산결제,TCSMIH43601,TCSMIH43601,장중추가증거금_증거금기준가격(증권시장),DATA,7,데이터산출기준시각,CALCULATE_BASE_TIME,String,9,,"HHMMSSsss, 데이터 산출 기준 시각",
청산결제,TCSMIH43601,TCSMIH43601,장중추가증거금_증거금기준가격(증권시장),DATA,11,시장ID,MARKET_IDENTIFICATION,String,3,,,
청산결제,TCSMIH43601,TCSMIH43601,장중추가증거금_증거금기준가격(증권시장),DATA,12,증권그룹ID,SECURITIES GROUP_IDENTIFICATION,String,2,,별첨-KRX 차세대 상품 ID체계 참고,
청산결제,TCSMIH43601,TCSMIH43601,장중추가증거금_증거금기준가격(증권시장),DATA,13,종목코드,ISSUE_CODE,String,12,,,
청산결제,TCSMIH43601,TCSMIH43601,장중추가증거금_증거금기준가격(증권시장),DATA,14,증거금기준가격,MARGIN_BASE_PRICE,Float,18,,자리수 9.8,
청산결제,TCSMIH43601,TCSMIH43601,장중추가증거금_증거금기준가격(증권시장),DATA,15,필러값,FILLER_VALUE,String,97,,,
청산결제,TCSMIR32101,TCSMIR32101,증권시장착오거래구제신청수신및응답,DATA,1,메세지일련번호,MESSAGE_SESUENCE NUMBER,Long,11,,메세지일련번호,
청산결제,TCSMIR32101,TCSMIR32101,증권시장착오거래구제신청수신및응답,DATA,2,트랜잭션코드,TRANSACTION_CODE,String,11,,TCSMIR32101,
청산결제,TCSMIR32101,TCSMIR32101,증권시장착오거래구제신청수신및응답,DATA,3,전송일자,TRANSMIT_DATE,String,8,,,
청산결제,TCSMIR32101,TCSMIR32101,증권시장착오거래구제신청수신및응답,DATA,4,회원번호,MEMBER_NUMBER,String,5,,,
청산결제,TCSMIR32101,TCSMIR32101,증권시장착오거래구제신청수신및응답,DATA,5,착오거래구제신청ID,ERRONEOUS TRADING_RELIEF_APPLICATION_IDENTIFICATION,String,10,,회원+신청ID가 KEY,
청산결제,TCSMIR32101,TCSMIR32101,증권시장착오거래구제신청수신및응답,DATA,6,계좌번호,ACCOUNT_NUMBER,String,12,,,
청산결제,TCSMIR32101,TCSMIR32101,증권시장착오거래구제신청수신및응답,DATA,7,시장ID,MARKET_IDENTIFICATION,String,3,,"STK:유가증권시장, KSQ:코스닥시장",
청산결제,TCSMIR32101,TCSMIR32101,증권시장착오거래구제신청수신및응답,DATA,8,증권그룹ID,SECURITIES_GROUP_IDENTIFICATION,String,2,,"※ 증권그룹ID는 다음에서 정의한 7개의 값만 /    유효하며, 정의된 유효 증권그룹ID는 /    하위 분류로 정의한 증권그룹을 포함함 /    : ST, EF, EN, EW, BC, PF, BB /  / ○ 유가증권시장 /   - ST:주식 /        * 주식예탁증권(DR) /        * 외국주권(FS) /        * 사회간접자본투융자회사(IF) /        * 투자회사(MF) /        * 부동산투자회사(RT) /        * 선박투자회사(SC) /        * 주권(ST) /   - EF:E",
청산결제,TCSMIR32101,TCSMIR32101,증권시장착오거래구제신청수신및응답,DATA,9,체결시작시각,TRADING_START_TIME,String,9,,,
청산결제,TCSMIR32101,TCSMIR32101,증권시장착오거래구제신청수신및응답,DATA,10,체결종료시각,TRADING_END_TIME,String,9,,,
청산결제,TCSMIR32101,TCSMIR32101,증권시장착오거래구제신청수신및응답,DATA,11,담당자명,PERSON IN CHARGE_NAME,String,80,,,
청산결제,TCSMIR32101,TCSMIR32101,증권시장착오거래구제신청수신및응답,DATA,12,담당자전화번호,PERSON IN CHARGE_TELEPHONE NUMBER,String,40,,,
청산결제,TCSMIR32101,TCSMIR32101,증권시장착오거래구제신청수신및응답,DATA,13,책임자명,MANAGER_NAME,String,80,,,
청산결제,TCSMIR32101,TCSMIR32101,증권시장착오거래구제신청수신및응답,DATA,14,책임자전화번호,MANAGER_TELEPHONE NUMBER,String,20,,,
청산결제,TCSMIR32101,TCSMIR32101,증권시장착오거래구제신청수신및응답,DATA,15,착오거래구제신청거부사유코드,ERRONEOUS TRADING_RELIEF_APPLICATION_REJECTED_REASON_CODE,String,4,,별첨-TR별 참조내용 참고,
청산결제,TCSMIR32101,TCSMIR32101,증권시장착오거래구제신청수신및응답,DATA,16,착오거래구제신청시각,ERRONEOUS TRADING_RELIEF_APPLICATION_TIME,String,9,,응답 시 KRX가 부여,
청산결제,TCSMIR32201,TCSMIR32201,증권시장착오거래구제가격변경신청수신및응답,DATA,1,메세지일련번호,MESSAGE_SESUENCE NUMBER,Long,11,,메세지일련번호,
청산결제,TCSMIR32201,TCSMIR32201,증권시장착오거래구제가격변경신청수신및응답,DATA,2,트랜잭션코드,TRANSACTION_CODE,String,11,,TCSMIR32201,
청산결제,TCSMIR32201,TCSMIR32201,증권시장착오거래구제가격변경신청수신및응답,DATA,3,전송일자,TRANSMIT_DATE,String,8,,,
청산결제,TCSMIR32201,TCSMIR32201,증권시장착오거래구제가격변경신청수신및응답,DATA,4,회원번호,MEMBER_NUMBER,String,5,,,
청산결제,TCSMIR32201,TCSMIR32201,증권시장착오거래구제가격변경신청수신및응답,DATA,5,착오거래구제가격변경신청ID,ERRONEOUS TRADING_RELIEF_PRICE_CHANGE_APPLICATION_IDENTIFICATION,String,10,,회원+신청ID가 KEY,
청산결제,TCSMIR32201,TCSMIR32201,증권시장착오거래구제가격변경신청수신및응답,DATA,6,계좌번호,ACCOUNT_NUMBER,String,12,,,
청산결제,TCSMIR32201,TCSMIR32201,증권시장착오거래구제가격변경신청수신및응답,DATA,7,시장ID,MARKET_IDENTIFICATION,String,3,,"STK:유가증권시장, KSQ:코스닥시장",
청산결제,TCSMIR32201,TCSMIR32201,증권시장착오거래구제가격변경신청수신및응답,DATA,8,보드ID,BOARD_IDENTIFICATION,String,2,,,
청산결제,TCSMIR32201,TCSMIR32201,증권시장착오거래구제가격변경신청수신및응답,DATA,9,종목코드,ISSUE_CODE,String,12,,,
청산결제,TCSMIR32201,TCSMIR32201,증권시장착오거래구제가격변경신청수신및응답,DATA,10,매도매수구분코드,ASK AND BID_TYPE_CODE,String,1,,,
청산결제,TCSMIR32201,TCSMIR32201,증권시장착오거래구제가격변경신청수신및응답,DATA,11,체결번호,TRADING_NUMBER,Long,11,,※ 실제 회원이 수신했던 회원기준체결번호,
청산결제,TCSMIR32201,TCSMIR32201,증권시장착오거래구제가격변경신청수신및응답,DATA,12,착오거래구제접수일자,ERRONEOUS TRADING_RELIEF_ACCEPT_DATE,String,8,,,
청산결제,TCSMIR32201,TCSMIR32201,증권시장착오거래구제가격변경신청수신및응답,DATA,13,착오거래구제접수번호,ERRONEOUS TRADING_RELIEF_ACCEPT_NUMBER,Long,10,,,
청산결제,TCSMIR32201,TCSMIR32201,증권시장착오거래구제가격변경신청수신및응답,DATA,14,담당자명,PERSON IN CHARGE_NAME,String,80,,,
청산결제,TCSMIR32201,TCSMIR32201,증권시장착오거래구제가격변경신청수신및응답,DATA,15,담당자전화번호,PERSON IN CHARGE_TELEPHONE NUMBER,String,40,,,
청산결제,TCSMIR32201,TCSMIR32201,증권시장착오거래구제가격변경신청수신및응답,DATA,16,책임자명,MANAGER_NAME,String,80,,,
청산결제,TCSMIR32201,TCSMIR32201,증권시장착오거래구제가격변경신청수신및응답,DATA,17,책임자전화번호,MANAGER_TELEPHONE NUMBER,String,20,,,
청산결제,TCSMIR32201,TCSMIR32201,증권시장착오거래구제가격변경신청수신및응답,DATA,18,착오거래구제가격변경신청거부사유코드,ERRONEOUS TRADING_RELIEF_PRICE_CHANGE_APPLICATION_REJECTED_REASON_CODE,String,4,,별첨-TR별 참조내용 참고,
청산결제,TCSMIR32201,TCSMIR32201,증권시장착오거래구제가격변경신청수신및응답,DATA,19,착오거래구제가격변경신청시각,ERRONEOUS TRADING_RELIEF_PRICE_CHANGE_APPLICATION_TIME,String,9,,응답 시 KRX가 부여,
청산결제,TCSMIH32101,TCSMIH32101,증권시장착오거래구제접수결과송신,DATA,1,메세지일련번호,MESSAGE_SESUENCE NUMBER,Long,11,,메세지일련번호,
청산결제,TCSMIH32101,TCSMIH32101,증권시장착오거래구제접수결과송신,DATA,2,트랜잭션코드,TRANSACTION_CODE,String,11,,TCSMIH32101,
청산결제,TCSMIH32101,TCSMIH32101,증권시장착오거래구제접수결과송신,DATA,3,전송일자,TRANSMIT_DATE,String,8,,,
청산결제,TCSMIH32101,TCSMIH32101,증권시장착오거래구제접수결과송신,DATA,4,회원번호,MEMBER_NUMBER,String,5,,,
청산결제,TCSMIH32101,TCSMIH32101,증권시장착오거래구제접수결과송신,DATA,5,착오거래구제신청ID,ERRONEOUS TRADING_RELIEF_APPLICATION_IDENTIFICATION,String,10,,※ TCSMIR32101 전문에서 회원이 거부 응답을  /    수신한 신청건에 대해서도 해당 전문은 송신됨.,
청산결제,TCSMIH32101,TCSMIH32101,증권시장착오거래구제접수결과송신,DATA,6,계좌번호,ACCOUNT_NUMBER,String,12,,,
청산결제,TCSMIH32101,TCSMIH32101,증권시장착오거래구제접수결과송신,DATA,7,시장ID,MARKET_IDENTIFICATION,String,3,,"STK:유가증권시장, KSQ:코스닥시장",
청산결제,TCSMIH32101,TCSMIH32101,증권시장착오거래구제접수결과송신,DATA,8,증권그룹ID,SECURITIES_GROUP_IDENTIFICATION,String,2,,"※ 증권그룹ID는 다음에서 정의한 7개의 값만 /    유효하며, 정의된 유효 증권그룹ID는 /    하위 분류로 정의한 증권그룹을 포함함 /    : ST, EF, EN, EW, BC, PF, BB /  / ○ 유가증권시장 /   - ST:주식 /        * 주식예탁증권(DR) /        * 외국주권(FS) /        * 사회간접자본투융자회사(IF) /        * 투자회사(MF) /        * 부동산투자회사(RT) /        * 선박투자회사(SC) /        * 주권(ST) /   - EF:E",
청산결제,TCSMIH32101,TCSMIH32101,증권시장착오거래구제접수결과송신,DATA,9,체결시작시각,TRADING_START_TIME,String,9,,,
청산결제,TCSMIH32101,TCSMIH32101,증권시장착오거래구제접수결과송신,DATA,10,체결종료시각,TRADING_END_TIME,String,9,,,
청산결제,TCSMIH32101,TCSMIH32101,증권시장착오거래구제접수결과송신,DATA,11,담당자명,PERSON IN CHARGE_NAME,String,80,,,
청산결제,TCSMIH32101,TCSMIH32101,증권시장착오거래구제접수결과송신,DATA,12,담당자전화번호,PERSON IN CHARGE_TELEPHONE NUMBER,String,40,,,
청산결제,TCSMIH32101,TCSMIH32101,증권시장착오거래구제접수결과송신,DATA,13,책임자명,MANAGER_NAME,String,80,,,
청산결제,TCSMIH32101,TCSMIH32101,증권시장착오거래구제접수결과송신,DATA,14,책임자전화번호,MANAGER_TELEPHONE NUMBER,String,20,,,
청산결제,TCSMIH32101,TCSMIH32101,증권시장착오거래구제접수결과송신,DATA,15,신청매체구분코드,APPLICATION_MEDIA_TYPE_CODE,String,1,,,
청산결제,TCSMIH32101,TCSMIH32101,증권시장착오거래구제접수결과송신,DATA,16,착오거래구제신청거부사유코드,ERRONEOUS TRADING_RELIEF_APPLICATION_REJECTED_REASON_CODE,String,4,,,
청산결제,TCSMIH32101,TCSMIH32101,증권시장착오거래구제접수결과송신,DATA,17,착오거래구제신청시각,ERRONEOUS TRADING_RELIEF_APPLICATION_TIME,String,9,,,
청산결제,TCSMIH32101,TCSMIH32101,증권시장착오거래구제접수결과송신,DATA,18,착오거래구제접수번호,ERRONEOUS TRADING_RELIEF_ACCEPT_NUMBER,Long,10,,,
청산결제,TCSMIH32101,TCSMIH32101,증권시장착오거래구제접수결과송신,DATA,19,착오거래구제접수시각,ERRONEOUS TRADING_RELIEF_ACCEPT_TIME,String,9,,,
청산결제,TCSMIH32101,TCSMIH32101,증권시장착오거래구제접수결과송신,DATA,20,필러,FILLER,String,867,,,
청산결제,TCSMIH32201,TCSMIH32201,증권시장착오거래구제가격변경접수결과송신,DATA,1,메세지일련번호,MESSAGE_SESUENCE NUMBER,Long,11,,메세지일련번호,
청산결제,TCSMIH32201,TCSMIH32201,증권시장착오거래구제가격변경접수결과송신,DATA,2,트랜잭션코드,TRANSACTION_CODE,String,11,,TCSMIH32201,
청산결제,TCSMIH32201,TCSMIH32201,증권시장착오거래구제가격변경접수결과송신,DATA,3,전송일자,TRANSMIT_DATE,String,8,,,
청산결제,TCSMIH32201,TCSMIH32201,증권시장착오거래구제가격변경접수결과송신,DATA,4,회원번호,MEMBER_NUMBER,String,5,,,
청산결제,TCSMIH32201,TCSMIH32201,증권시장착오거래구제가격변경접수결과송신,DATA,5,착오거래구제가격변경신청ID,ERRONEOUS TRADING_RELIEF_PRICE_CHANGE_APPLICATION_IDENTIFICATION,String,10,,※ TCSMIR32201 전문에서 회원이 거부 응답을  /    수신한 신청건에 대해서도 해당 전문은 송신됨.,
청산결제,TCSMIH32201,TCSMIH32201,증권시장착오거래구제가격변경접수결과송신,DATA,6,계좌번호,ACCOUNT_NUMBER,String,12,,,
청산결제,TCSMIH32201,TCSMIH32201,증권시장착오거래구제가격변경접수결과송신,DATA,7,시장ID,MARKET_IDENTIFICATION,String,3,,"STK:유가증권시장, KSQ:코스닥시장",
청산결제,TCSMIH32201,TCSMIH32201,증권시장착오거래구제가격변경접수결과송신,DATA,8,보드ID,BOARD_IDENTIFICATION,String,2,,,
청산결제,TCSMIH32201,TCSMIH32201,증권시장착오거래구제가격변경접수결과송신,DATA,9,종목코드,ISSUE_CODE,String,12,,,
청산결제,TCSMIH32201,TCSMIH32201,증권시장착오거래구제가격변경접수결과송신,DATA,10,매도매수구분코드,ASK AND BID_TYPE_CODE,String,1,,,
청산결제,TCSMIH32201,TCSMIH32201,증권시장착오거래구제가격변경접수결과송신,DATA,11,체결번호,TRADING_NUMBER,Long,11,,,
청산결제,TCSMIH32201,TCSMIH32201,증권시장착오거래구제가격변경접수결과송신,DATA,12,착오거래구제접수일자,ERRONEOUS TRADING_RELIEF_ACCEPT_DATE,String,8,,,
청산결제,TCSMIH32201,TCSMIH32201,증권시장착오거래구제가격변경접수결과송신,DATA,13,착오거래구제접수번호,ERRONEOUS TRADING_RELIEF_ACCEPT_NUMBER,Long,10,,,
청산결제,TCSMIH32201,TCSMIH32201,증권시장착오거래구제가격변경접수결과송신,DATA,14,담당자명,PERSON IN CHARGE_NAME,String,80,,,
청산결제,TCSMIH32201,TCSMIH32201,증권시장착오거래구제가격변경접수결과송신,DATA,15,담당자전화번호,PERSON IN CHARGE_TELEPHONE NUMBER,String,40,,,
청산결제,TCSMIH32201,TCSMIH32201,증권시장착오거래구제가격변경접수결과송신,DATA,16,책임자명,MANAGER_NAME,String,80,,,
청산결제,TCSMIH32201,TCSMIH32201,증권시장착오거래구제가격변경접수결과송신,DATA,17,책임자전화번호,MANAGER_TELEPHONE NUMBER,String,20,,,
청산결제,TCSMIH32201,TCSMIH32201,증권시장착오거래구제가격변경접수결과송신,DATA,18,신청매체구분코드,APPLICATION_MEDIA_TYPE_CODE,String,1,,,
청산결제,TCSMIH32201,TCSMIH32201,증권시장착오거래구제가격변경접수결과송신,DATA,19,착오거래구제가격변경신청거부사유코드,ERRONEOUS TRADING_RELIEF_PRICE_CHANGE_APPLICATION_REJECTED_REASON_CODE,String,4,,,
청산결제,TCSMIH32201,TCSMIH32201,증권시장착오거래구제가격변경접수결과송신,DATA,20,착오거래구제가격변경신청시각,ERRONEOUS TRADING_RELIEF_PRICE_CHANGE_APPLICATION_TIME,String,9,,,
청산결제,TCSMIH32201,TCSMIH32201,증권시장착오거래구제가격변경접수결과송신,DATA,21,착오거래구제가격변경접수번호,ERRONEOUS TRADING_RELIEF_PRICE_CHANGE_ACCEPT_NUMBER,Long,10,,,
청산결제,TCSMIH32201,TCSMIH32201,증권시장착오거래구제가격변경접수결과송신,DATA,22,착오거래구제가격변경접수시각,ERRONEOUS TRADING_RELIEF_PRICE_CHANGE_ACCEPT_TIME,String,9,,,
청산결제,TCSMIH32201,TCSMIH32201,증권시장착오거래구제가격변경접수결과송신,DATA,23,필러,FILLER,String,843,,,
청산결제,TCSMIH32301,TCSMIH32301,증권시장착오거래구제대상거래통보송신,DATA,1,메세지일련번호,MESSAGE_SESUENCE NUMBER,Long,11,,메세지일련번호,
청산결제,TCSMIH32301,TCSMIH32301,증권시장착오거래구제대상거래통보송신,DATA,2,트랜잭션코드,TRANSACTION_CODE,String,11,,TCSMIH32301,
청산결제,TCSMIH32301,TCSMIH32301,증권시장착오거래구제대상거래통보송신,DATA,3,전송일자,TRANSMIT_DATE,String,8,,,
청산결제,TCSMIH32301,TCSMIH32301,증권시장착오거래구제대상거래통보송신,DATA,4,착오거래구제접수일자,ERRTRD_RLF_ACPT_DD,String,8,,,
청산결제,TCSMIH32301,TCSMIH32301,증권시장착오거래구제대상거래통보송신,DATA,5,착오거래구제접수번호,ERRONEOUS TRADING_RELIEF_ACCEPT_NUMBER,Long,10,,,
청산결제,TCSMIH32301,TCSMIH32301,증권시장착오거래구제대상거래통보송신,DATA,6,착오거래구제송신구분코드,ERRONEOUS TRADING_RELIEF_SEND_TYPE_CODE,String,1,,"1:신청회원체결, 2:상대회원체결",
청산결제,TCSMIH32301,TCSMIH32301,증권시장착오거래구제대상거래통보송신,DATA,7,회원번호,MEMBER_NUMBER,String,5,,,
청산결제,TCSMIH32301,TCSMIH32301,증권시장착오거래구제대상거래통보송신,DATA,8,계좌번호,ACCOUNT_NUMBER,String,12,,,
청산결제,TCSMIH32301,TCSMIH32301,증권시장착오거래구제대상거래통보송신,DATA,9,시장ID,MARKET_IDENTIFICATION,String,3,,"STK:유가증권시장, KSQ:코스닥시장",
청산결제,TCSMIH32301,TCSMIH32301,증권시장착오거래구제대상거래통보송신,DATA,10,보드ID,BOARD_ID,String,2,,,
청산결제,TCSMIH32301,TCSMIH32301,증권시장착오거래구제대상거래통보송신,DATA,11,종목코드,ISSUE_CODE,String,12,,,
청산결제,TCSMIH32301,TCSMIH32301,증권시장착오거래구제대상거래통보송신,DATA,12,매도매수구분코드,ASK_BID_TYPE_CODE,String,1,,,
청산결제,TCSMIH32301,TCSMIH32301,증권시장착오거래구제대상거래통보송신,DATA,13,체결번호,TRADING_NUMBER,Long,11,,※ 축약체결의 경우 회원이 수신하지 않은 체결번호일 수 있음. /    이 경우 회원은 회원기준체결번호를 참조해야함,
청산결제,TCSMIH32301,TCSMIH32301,증권시장착오거래구제대상거래통보송신,DATA,14,체결가격,TRADING_PRICE,Float,11,,,
청산결제,TCSMIH32301,TCSMIH32301,증권시장착오거래구제대상거래통보송신,DATA,15,체결수량,TRADING_VOLUMN,Long,10,,,
청산결제,TCSMIH32301,TCSMIH32301,증권시장착오거래구제대상거래통보송신,DATA,16,체결시각,TRADING_TIME,String,9,,,
청산결제,TCSMIH32301,TCSMIH32301,증권시장착오거래구제대상거래통보송신,DATA,17,착오거래구제기준가격,ERRONEOUS TRADING_RELIEF_BASE_PRICE,Float,11,,직전 체결가격,
청산결제,TCSMIH32301,TCSMIH32301,증권시장착오거래구제대상거래통보송신,DATA,18,회원기준체결번호,MEMBER_BASE_TRADING_NUMBER,Long,11,,※ 축약체결의 경우 실제 회원이 수신한 체결번호,
청산결제,TCSMIH32301,TCSMIH32301,증권시장착오거래구제대상거래통보송신,DATA,19,필러,FILLER,String,1053,,,
청산결제,TCSMIH32401,TCSMIH32401,증권시장착오거래구제처리결과송신,DATA,1,메세지일련번호,MESSAGE_SESUENCE NUMBER,Long,11,,메세지일련번호,
청산결제,TCSMIH32401,TCSMIH32401,증권시장착오거래구제처리결과송신,DATA,2,트랜잭션코드,TRANSACTION_CODE,String,11,,TCSMIH32401,
청산결제,TCSMIH32401,TCSMIH32401,증권시장착오거래구제처리결과송신,DATA,3,전송일자,TRANSMIT_DATE,String,8,,,
청산결제,TCSMIH32401,TCSMIH32401,증권시장착오거래구제처리결과송신,DATA,4,착오거래구제접수일자,ERRTRD_RLF_ACPT_DD,String,8,,,
청산결제,TCSMIH32401,TCSMIH32401,증권시장착오거래구제처리결과송신,DATA,5,착오거래구제접수번호,ERRONEOUS TRADING_RELIEF_ACCEPT_NUMBER,Long,10,,,
청산결제,TCSMIH32401,TCSMIH32401,증권시장착오거래구제처리결과송신,DATA,6,착오거래구제송신구분코드,ERRONEOUS TRADING_RELIEF_SEND_TYPE_CODE,String,1,,"1:신청회원체결, 2:상대회원체결",
청산결제,TCSMIH32401,TCSMIH32401,증권시장착오거래구제처리결과송신,DATA,7,착오거래구제처리결과코드,ERRONEOUS TRADING_RELIEF_PROCESS_RESULT_CODE,String,2,,"10:구제, 20:미구제",
청산결제,TCSMIH32401,TCSMIH32401,증권시장착오거래구제처리결과송신,DATA,8,회원번호,MEMBER_NUMBER,String,5,,착오거래구제처리결과코드가 '20'인 경우 SPACE,
청산결제,TCSMIH32401,TCSMIH32401,증권시장착오거래구제처리결과송신,DATA,9,계좌번호,ACCOUNT_NUMBER,String,12,,착오거래구제처리결과코드가 '20'인 경우 SPACE,
청산결제,TCSMIH32401,TCSMIH32401,증권시장착오거래구제처리결과송신,DATA,10,시장ID,MARKET_IDENTIFICATION,String,3,,착오거래구제처리결과코드가 '20'인 경우 SPACE,
청산결제,TCSMIH32401,TCSMIH32401,증권시장착오거래구제처리결과송신,DATA,11,보드ID,BOARD_ID,String,2,,착오거래구제처리결과코드가 '20'인 경우 SPACE,
청산결제,TCSMIH32401,TCSMIH32401,증권시장착오거래구제처리결과송신,DATA,12,종목코드,ISSUE_CODE,String,12,,착오거래구제처리결과코드가 '20'인 경우 SPACE,
청산결제,TCSMIH32401,TCSMIH32401,증권시장착오거래구제처리결과송신,DATA,13,매도매수구분코드,ASK_BID_TYPE_CODE,String,1,,착오거래구제처리결과코드가 '20'인 경우 SPACE,
청산결제,TCSMIH32401,TCSMIH32401,증권시장착오거래구제처리결과송신,DATA,14,체결번호,TRADING_NUMBER,Long,11,,착오거래구제처리결과코드가 '20'인 경우 0 / ※ 축약체결의 경우 회원이 수신하지 않은 체결번호일 수 있음. /    이 경우 회원은 회원기준체결번호를 참조해야함,
청산결제,TCSMIH32401,TCSMIH32401,증권시장착오거래구제처리결과송신,DATA,15,체결가격,TRADING_PRICE,Float,11,,착오거래구제처리결과코드가 '20'인 경우 0,
청산결제,TCSMIH32401,TCSMIH32401,증권시장착오거래구제처리결과송신,DATA,16,체결수량,TRADING_VOLUMN,Long,10,,착오거래구제처리결과코드가 '20'인 경우 0,
청산결제,TCSMIH32401,TCSMIH32401,증권시장착오거래구제처리결과송신,DATA,17,체결시각,TRADING_TIME,String,9,,착오거래구제처리결과코드가 '20'인 경우 SPACE,
청산결제,TCSMIH32401,TCSMIH32401,증권시장착오거래구제처리결과송신,DATA,18,착오거래구제가격,ERRONEOUS TRADING_RELIEF_PRICE,Float,11,,착오거래구제처리결과코드가 '20'인 경우 0,
청산결제,TCSMIH32401,TCSMIH32401,증권시장착오거래구제처리결과송신,DATA,19,회원기준체결번호,MEMBER_BASE_TRADING_NUMBER,Long,11,,착오거래구제처리결과코드가 '20'인 경우 0 / ※ 축약체결의 경우 실제 회원이 수신한 체결번호,
청산결제,TCSMIH32401,TCSMIH32401,증권시장착오거래구제처리결과송신,DATA,20,필러,FILLER,String,1051,,,
청산결제,TCSMIH29901,TCSMIH29901,업무마감,DATA,1,메세지일련번호,MESSAGE_ / SEQUENCE NUMBER,Long,11,,메세지일련번호,
청산결제,TCSMIH29901,TCSMIH29901,업무마감,DATA,2,트랜잭션코드,TRANSACTION_CODE,String,11,,TCSMIH29901,
청산결제,TCSMIH29901,TCSMIH29901,업무마감,DATA,3,전송일자,TRANSMIT_DATE,String,8,,YYYYMMDD / 데이터 생성일자,
청산결제,TCSMIH29901,TCSMIH29901,업무마감,DATA,4,현선물구분코드,SPOT_FUTURES_ / TYPE_CODE,String,1,,"선물 : 1, 현물: 2",
청산결제,TCSMIH29901,TCSMIH29901,업무마감,DATA,5,전문완료여부,EMSG_COMPLT_YN,String,1,,Y:전송완료,
청산결제,TCSMIH29901,TCSMIH29901,업무마감,DATA,6,회원번호,MEMBER_NUMBER,String,5,,,
청산결제,TCSMIH29901,TCSMIH29901,업무마감,DATA,7,필러값,FILLER_VALUE,String,1163,,,
청산결제,TCSMIH29903,TCSMIH29903,업무마감#2,DATA,1,메세지일련번호,MESSAGE_ / SEQUENCE NUMBER,Long,11,,메세지일련번호,
청산결제,TCSMIH29903,TCSMIH29903,업무마감#2,DATA,2,트랜잭션코드,TRANSACTION_CODE,String,11,,TCSMIH29903,
청산결제,TCSMIH29903,TCSMIH29903,업무마감#2,DATA,3,전송일자,TRANSMIT_DATE,String,8,,YYYYMMDD / 데이터 생성일자,
청산결제,TCSMIH29903,TCSMIH29903,업무마감#2,DATA,4,현선물구분코드,SPOT_FUTURES_ / TYPE_CODE,String,1,,선물 : 1,
청산결제,TCSMIH29903,TCSMIH29903,업무마감#2,DATA,5,전문완료여부,EMSG_COMPLT_YN,String,1,,Y:전송완료,
청산결제,TCSMIH29903,TCSMIH29903,업무마감#2,DATA,6,필러값,FILLER_VALUE,String,1168,,,
청산결제,TCSMIH29902,TCSMIH29902,최종마감,DATA,1,메세지일련번호,MESSAGE_ / SEQUENCE NUMBER,Long,11,,메세지일련번호,
청산결제,TCSMIH29902,TCSMIH29902,최종마감,DATA,2,트랜잭션코드,TRANSACTION_CODE,String,11,,TCSMIH29902,
청산결제,TCSMIH29902,TCSMIH29902,최종마감,DATA,3,전송일자,TRANSMIT_DATE,String,8,,YYYYMMDD / 데이터 생성일자,
청산결제,TCSMIH29902,TCSMIH29902,최종마감,DATA,4,전문완료여부,EMSG_COMPLT_YN,String,1,,Y:전송완료,
청산결제,TCSMIH29902,TCSMIH29902,최종마감,DATA,5,회원번호,MEMBER_NUMBER,String,5,,,
청산결제,TCSMIH29902,TCSMIH29902,최종마감,DATA,6,필러값,FILLER_VALUE,String,1164,,,
청산결제,TCSMIH29904,TCSMIH29904,최종마감#2,DATA,1,메세지일련번호,MESSAGE_ / SEQUENCE NUMBER,Long,11,,메세지일련번호,
청산결제,TCSMIH29904,TCSMIH29904,최종마감#2,DATA,2,트랜잭션코드,TRANSACTION_CODE,String,11,,TCSMIH29904,
청산결제,TCSMIH29904,TCSMIH29904,최종마감#2,DATA,3,전송일자,TRANSMIT_DATE,String,8,,YYYYMMDD / 데이터 생성일자,
청산결제,TCSMIH29904,TCSMIH29904,최종마감#2,DATA,4,전문완료여부,EMSG_COMPLT_YN,String,1,,Y:전송완료,
청산결제,TCSMIH29904,TCSMIH29904,최종마감#2,DATA,5,회원번호,MEMBER_NUMBER,String,5,,,
청산결제,TCSMIH29904,TCSMIH29904,최종마감#2,DATA,6,필러값,FILLER_VALUE,String,1164,,,
청산결제,TRDESP00201,TRDESP00201,기초자산상품군,DATA,1,메세지일련번호,MESSAGE_SEQUENCE,Long,11,,메세지일련번호,
청산결제,TRDESP00201,TRDESP00201,기초자산상품군,DATA,2,트랜잭션코드,TRANSACTION_ / CODE,String,11,,TRDESP00201,
청산결제,TRDESP00201,TRDESP00201,기초자산상품군,DATA,3,전송일자,TRANSMIT_DATE,String,8,,YYYYMMDD / 데이터 생성일자,
청산결제,TRDESP00201,TRDESP00201,기초자산상품군,DATA,4,전문완료여부,EMSG_COMPLT_YN,String,1,,"Y:전송완료, N:전송중",신규
청산결제,TRDESP00201,TRDESP00201,기초자산상품군,DATA,5,영업일자,BUSINESS_DATE,String,8,,영업일자,
청산결제,TRDESP00201,TRDESP00201,기초자산상품군,DATA,6,기초자산상품군ID,ULYGRP_ID,String,4,,별첨-TR별 참조내용 참고,
청산결제,TRDESP00201,TRDESP00201,기초자산상품군,DATA,7,기초자산ID,ULY_ID,String,3,,별첨-KRX 차세대 상품 ID체계 참고,
청산결제,TRDESP00201,TRDESP00201,기초자산상품군,DATA,8,기초자산코드,ULY_CD,String,2,,기초자산의 표준 코드값,
청산결제,TRDESP00201,TRDESP00201,기초자산상품군,DATA,9,증거금OFFSET비율,MRGN_OFFSET_RTO,Float,11,,증거금 OFFSET 비율 (%) / 개시/유지증거금 기초자산상품군 구성 동일,
청산결제,TRDESP00201,TRDESP00201,기초자산상품군,DATA,10,상대적규모비율,REL_SCALE_RTO,Float,11,,상대적규모비율 (%) / 개시/유지증거금 기초자산 구성 동일,
청산결제,TRDESP00201,TRDESP00201,기초자산상품군,DATA,11,실제기초자산ID,REAL_ULY_ID,String,3,,"서로 다른 파생상품의 기초자산이 동일한 경우, 그 기초자산을 나타내기 위한 ID",
청산결제,TRDESP00201,TRDESP00201,기초자산상품군,DATA,12,필러값,FILLER_VALUE,String,1127,,,
청산결제,TRDESP03501,TRDESP03501,위탁/거래증거금율,DATA,1,메세지일련번호,MESSAGE_SEQUENCE,Long,11,,메세지일련번호,
청산결제,TRDESP03501,TRDESP03501,위탁/거래증거금율,DATA,2,트랜잭션코드,TRANSACTION_ / CODE,String,11,,TRDESP03501,
청산결제,TRDESP03501,TRDESP03501,위탁/거래증거금율,DATA,3,전송일자,TRANSMIT_DATE,String,8,,YYYYMMDD / 데이터 생성일자,
청산결제,TRDESP03501,TRDESP03501,위탁/거래증거금율,DATA,4,전문완료여부,EMSG_COMPLT_YN,String,1,,"Y:전송완료, N:전송중",신규
청산결제,TRDESP03501,TRDESP03501,위탁/거래증거금율,DATA,5,영업일자,BUSINESS_DATE,String,8,,영업일자,
청산결제,TRDESP03501,TRDESP03501,위탁/거래증거금율,DATA,6,파라미터ID,PARM_ID,string,10,,3006:거래 증거금율 / 3007:위탁 증거금율 / 3009:스프레드 증거금율(2015.03.17 삭제),
청산결제,TRDESP03501,TRDESP03501,위탁/거래증거금율,DATA,7,상품ID,PROD_ID,string,11,,별첨-KRX 차세대 상품 ID체계 참고,
청산결제,TRDESP03501,TRDESP03501,위탁/거래증거금율,DATA,8,증거금율값,MRGN_RT_VAL,Long,19,,"본래의 값에 10의 거듭제곱을 곱하여 만들어진 정수 중 가장 작은 수 / 예제)호가한도가격15%표현 / :본래값*10^증거금율소수점정보=증거금율값, / 증거금율값=15, / 증거금율소수점정보=2",
청산결제,TRDESP03501,TRDESP03501,위탁/거래증거금율,DATA,9,증거금율소수점정보,MRGN_RTO_DECIPNT_INFO,Long,10,,"본래의 값에 곱하여 가장 작은 정수를 만드는데 이용되는 10의 거듭제곱 수(value-type 혹은 value+selection type 파라미터인 경우만 유효) / (+,-)양방향가능",
청산결제,TRDESP03501,TRDESP03501,위탁/거래증거금율,DATA,10,필러값,FILR_VAL,String,1111,,,
청산결제,TCSMIH50401,TCSMIH50401,[야간파생] 계좌별증거금,DATA,1,메세지일련번호,MSG_SEQ,Long,11,,메세지일련번호,
청산결제,TCSMIH50401,TCSMIH50401,[야간파생] 계좌별증거금,DATA,1,트랜잭션코드,TR_CD,string,11,,현) TCSMIH20401,
청산결제,TCSMIH50401,TCSMIH50401,[야간파생] 계좌별증거금,DATA,1,전송일자,TRNSM_DD,string,8,,YYYYMMDD,
청산결제,TCSMIH50401,TCSMIH50401,[야간파생] 계좌별증거금,DATA,1,전문완료여부,EMSG_COMPLT_YN,string,1,,"Y:전송완료, N:전송중",
청산결제,TCSMIH50401,TCSMIH50401,[야간파생] 계좌별증거금,DATA,1,회원번호,MBR_NO,string,5,,,
청산결제,TCSMIH50401,TCSMIH50401,[야간파생] 계좌별증거금,DATA,1,거래전문회원번호,NCLR_MBR_NO,string,5,,,
청산결제,TCSMIH50401,TCSMIH50401,[야간파생] 계좌별증거금,DATA,10,증거금유형코드,MRGN_TP_CD,string,2,,1)현물 / 00 일반 / 01 동결계좌 / 02 Buy-In매수전용계좌 /  / 2)파생상품 / 10 사전증거금 일반 / 11 사후증거금 일반 / 12 사후증거금 할인,
청산결제,TCSMIH50401,TCSMIH50401,[야간파생] 계좌별증거금,DATA,10,계좌번호,ACNT_NO,string,12,,,
청산결제,TCSMIH50401,TCSMIH50401,[야간파생] 계좌별증거금,DATA,10,계좌구분코드,ACNT_TP_CD,string,2,,"1) 현물 / 00 : 일반 / 01 : 대표투자자계좌(외국인) / 02 : 증권회사통합계좌(외국인) / 03 : FP계좌-복수일임형랩계좌 / 04 : FP계좌-단일일임형랩계좌 / 05 : FP아닌일임형랩계좌 / 06 : Buy-In매수전용계좌 / 07:  복수신탁계좌-대표계좌 이용 / 08:  단일신탁계좌-대표계좌미이용 / 09 : 기타 /  / 2) 파생 / 31 : 위탁일반계좌 / 32 : 옵션매수전용계좌 / 33 : 국채등 전용계좌 / 41 : 자기일반계좌 / 42 : 시장조성계좌 / 51 : 헤지,차익거래계좌 / 61 : ",
청산결제,TCSMIH50401,TCSMIH50401,[야간파생] 계좌별증거금,DATA,10,증거금할인적용여부,MRGN_DC_APPL_YN,string,1,,Y : 거래증거금 할인이 적용되는 계좌 / N : 거래증거금 할인이 적용되지 않는 계좌,
청산결제,TCSMIH50401,TCSMIH50401,[야간파생] 계좌별증거금,DATA,10,계좌별비할인증거금소요액,BYACNT_NDC_MRGN_REQVAL,float,23,,거래증거금 할인이 적용되지 않은 모든 계좌의 / 거래증거금소요액 /  /                                                       19.3,
청산결제,TCSMIH50401,TCSMIH50401,[야간파생] 계좌별증거금,DATA,10,계좌별할인증거금소요액,BYACNT_DC_MRGN_REQVAL,float,23,,10.거래증거금할인적용여부'가 'Y'로 표시된 / 계좌에 대하여 거래증거금이 할인이 적용되는 / 경우의 해당 계좌의 거래증거금소요액 /                                            19.3,
청산결제,TCSMIH50401,TCSMIH50401,[야간파생] 계좌별증거금,DATA,1,필러값,FILR_VAL,string,529,,,
청산결제,TCSMIH52301,TCSMIH52301,[야간파생] 위탁자기별증거금,DATA,1,메세지일련번호,MSG_SEQ,Long,11,,메세지일련번호,
청산결제,TCSMIH52301,TCSMIH52301,[야간파생] 위탁자기별증거금,DATA,1,트랜잭션코드,TR_CD,string,11,,현) TCSMIH22301,
청산결제,TCSMIH52301,TCSMIH52301,[야간파생] 위탁자기별증거금,DATA,1,전송일자,TRNSM_DD,string,8,,YYYYMMDD,
청산결제,TCSMIH52301,TCSMIH52301,[야간파생] 위탁자기별증거금,DATA,1,전문완료여부,EMSG_COMPLT_YN,string,1,,"Y:전송완료, N:전송중",
청산결제,TCSMIH52301,TCSMIH52301,[야간파생] 위탁자기별증거금,DATA,1,상품완료여부,PROD_COMPLT_YN,string,1,,"Y:전송완료, N:전송중",
청산결제,TCSMIH52301,TCSMIH52301,[야간파생] 위탁자기별증거금,DATA,1,회원번호,MBR_NO,string,5,,,
청산결제,TCSMIH52301,TCSMIH52301,[야간파생] 위탁자기별증거금,DATA,1,거래전문회원번호,NCLR_MBR_NO,string,5,,,
청산결제,TCSMIH52301,TCSMIH52301,[야간파생] 위탁자기별증거금,DATA,1,위탁자기통합구분코드,TRST_PRINC_INTEG_TP_CD,string,2,,"10:위탁, 20:자기",
청산결제,TCSMIH52301,TCSMIH52301,[야간파생] 위탁자기별증거금,DATA,1,신용위험증거금소요액,CR_MRGN_REQVAL,float,22,,단위:원,
청산결제,TCSMIH52301,TCSMIH52301,[야간파생] 위탁자기별증거금,DATA,1,거래증거금소요액,TRD_MRGN_REQVAL,float,22,,단위:원 / 신용위험증거금소요액 +  순위험증거금소요액,
청산결제,TCSMIH52301,TCSMIH52301,[야간파생] 위탁자기별증거금,DATA,1,현금성자산금액,CASHABL_ASST_AMT,float,22,,단위:원 / 거래증거금소요액 * ( 1 - 비현금성자산 납입한도비율 ),
청산결제,TCSMIH52301,TCSMIH52301,[야간파생] 위탁자기별증거금,DATA,1,필러값,FILR_VAL,string,1090,,,
청산결제,TCSMIH52302,TCSMIH52302,[야간파생] 신용위험거래증거금_경고및부과통보(파생시장),DATA,1,메세지일련번호,MSG_SEQ,Long,11,,메세지일련번호,
청산결제,TCSMIH52302,TCSMIH52302,[야간파생] 신용위험거래증거금_경고및부과통보(파생시장),DATA,1,트랜잭션코드,TR_CD,string,11,,현) TCSMIH22302,
청산결제,TCSMIH52302,TCSMIH52302,[야간파생] 신용위험거래증거금_경고및부과통보(파생시장),DATA,1,전송일자,TRNSM_DD,string,8,,YYYYMMDD,
청산결제,TCSMIH52302,TCSMIH52302,[야간파생] 신용위험거래증거금_경고및부과통보(파생시장),DATA,1,전문완료여부,EMSG_COMPLT_YN,string,1,,"Y:전송완료, N:전송중",
청산결제,TCSMIH52302,TCSMIH52302,[야간파생] 신용위험거래증거금_경고및부과통보(파생시장),DATA,1,회원번호,MBR_NO,string,5,,,
청산결제,TCSMIH52302,TCSMIH52302,[야간파생] 신용위험거래증거금_경고및부과통보(파생시장),DATA,1,통보구분코드,NOTI_TP_CD,string,1,,"0:정상, 1: 경고, 2:부과",
청산결제,TCSMIH52302,TCSMIH52302,[야간파생] 신용위험거래증거금_경고및부과통보(파생시장),DATA,1,신용위험한도금액,CR_LMT_AMT,float,22,,단위:원,
청산결제,TCSMIH52302,TCSMIH52302,[야간파생] 신용위험거래증거금_경고및부과통보(파생시장),DATA,1,조정순위험증거금,ADJ_NET_RISK_MRGN,float,23,,단위:원 / 자기순위험증거금 + 위탁순위험증거금*인정비율,
청산결제,TCSMIH52302,TCSMIH52302,[야간파생] 신용위험거래증거금_경고및부과통보(파생시장),DATA,1,지급보증금액,GRT_AMT,float,22,,단위:원 / 자기순위험증거금 + 위탁순위험증거금*인정비율,
청산결제,TCSMIH52302,TCSMIH52302,[야간파생] 신용위험거래증거금_경고및부과통보(파생시장),DATA,1,신용위험증거금,CREDIT_RISK_MRGN,float,23,,,
청산결제,TCSMIH52302,TCSMIH52302,[야간파생] 신용위험거래증거금_경고및부과통보(파생시장),DATA,1,필러값,FILR_VAL,string,1073,,,
청산결제,TCSMIH70301,TCSMIH70301,[야간파생]계좌종목별미결제약정수량(파생시장),DATA,1,메세지일련번호,MSG_SEQ,Long,11,,메세지일련번호,
청산결제,TCSMIH70301,TCSMIH70301,[야간파생]계좌종목별미결제약정수량(파생시장),DATA,1,트랜잭션코드,TR_CD,String,11,,현) TCSMIH20301,
청산결제,TCSMIH70301,TCSMIH70301,[야간파생]계좌종목별미결제약정수량(파생시장),DATA,1,전송일자,TRNSM_DD,String,8,,YYYYMMDD,
청산결제,TCSMIH70301,TCSMIH70301,[야간파생]계좌종목별미결제약정수량(파생시장),DATA,1,전문완료여부,EMSG_COMPLT_YN,String,1,,"Y:전송완료, N:전송중",
청산결제,TCSMIH70301,TCSMIH70301,[야간파생]계좌종목별미결제약정수량(파생시장),DATA,1,상품완료여부,PROD_COMPLT_YN,String,1,,"Y:전송완료, N:전송중",
청산결제,TCSMIH70301,TCSMIH70301,[야간파생]계좌종목별미결제약정수량(파생시장),DATA,1,시장ID,MKT_ID,String,3,,별첨-KRX 차세대 상품 ID체계 참고,
청산결제,TCSMIH70301,TCSMIH70301,[야간파생]계좌종목별미결제약정수량(파생시장),DATA,1,증권그룹ID,SECUGRP_ID,String,2,,"FU:선물, OP:옵션, FX:FLEX",
청산결제,TCSMIH70301,TCSMIH70301,[야간파생]계좌종목별미결제약정수량(파생시장),DATA,1,기초자산코드,ULY_CD,String,2,,‘ISIN표준코드’ 체계의 ‘대상물코드’를 사용,
청산결제,TCSMIH70301,TCSMIH70301,[야간파생]계좌종목별미결제약정수량(파생시장),DATA,1,회원번호,MBR_NO,String,5,,,
청산결제,TCSMIH70301,TCSMIH70301,[야간파생]계좌종목별미결제약정수량(파생시장),DATA,1,거래전문회원번호,NCLR_MBR_NO,String,5,,,
청산결제,TCSMIH70301,TCSMIH70301,[야간파생]계좌종목별미결제약정수량(파생시장),DATA,15,계좌번호,ACNT_NO,String,12,,,
청산결제,TCSMIH70301,TCSMIH70301,[야간파생]계좌종목별미결제약정수량(파생시장),DATA,15,종목코드,ISU_CD,String,12,,현물/파생/채권/REPO 통합상품의 종목 코드(ISIN종목코드),
청산결제,TCSMIH70301,TCSMIH70301,[야간파생]계좌종목별미결제약정수량(파생시장),DATA,15,전일매도미결제약정수량,PREVDD_ASK_OPNINT_QTY,Long,12,,,
청산결제,TCSMIH70301,TCSMIH70301,[야간파생]계좌종목별미결제약정수량(파생시장),DATA,15,전일매수미결제약정수량,PREVDD_BID_OPNINT_QTY,Long,12,,,
청산결제,TCSMIH70301,TCSMIH70301,[야간파생]계좌종목별미결제약정수량(파생시장),DATA,15,현재매도미결제약정수량,PRSNT_ASK_OPNINT_QTY,Long,10,,,
청산결제,TCSMIH70301,TCSMIH70301,[야간파생]계좌종목별미결제약정수량(파생시장),DATA,15,현재매수미결제약정수량,PRSNT_BID_OPNINT_QTY,Long,10,,,
청산결제,TCSMIH70301,TCSMIH70301,[야간파생]계좌종목별미결제약정수량(파생시장),DATA,131,필러값,FILR_VAL,String,131,,,
시장관리,TMCIFR00001,TMCIFR00001,신용정보(공통),DATA,1,메세지일련번호,MESSAGE_ / SEQUENCE NUMBER,Long,11,,메세지일련번호,
시장관리,TMCIFR00001,TMCIFR00001,신용정보(공통),DATA,2,트랜잭션코드,TRANSACTION_ / CODE,String,11,,TMCIFR00001,
시장관리,TMCIFR00001,TMCIFR00001,신용정보(공통),DATA,3,거래일자,TRADING DATE,String,8,,,
시장관리,TMCIFR00001,TMCIFR00001,신용정보(공통),DATA,4,시장ID,MARKET_ / IDENTIFICATION,String,3,,"STK : 유가증권, KSQ : 코스닥",
시장관리,TMCIFR00001,TMCIFR00001,신용정보(공통),DATA,5,회원번호,MEMBER NUMBER,String,5,,,
시장관리,TMCIFR00001,TMCIFR00001,신용정보(공통),DATA,6,종목코드,ISSUE CODE,String,12,,현물/파생/채권/REPO 통합상품의 종목 코드(ISIN종목코드),
시장관리,TMCIFR00001,TMCIFR00001,신용정보(공통),DATA,7,신규자기융자주식수,NEW PRINCIPAL / LOAN NUMBER OF SHARES,Long,16,,신규자기융자주식수,
시장관리,TMCIFR00001,TMCIFR00001,신용정보(공통),DATA,8,신규자기융자금액,NEW PRINCIPAL / LOAN AMOUNT,Float,22,,신규자기융자금액,
시장관리,TMCIFR00001,TMCIFR00001,신용정보(공통),DATA,9,신규자기대주주식수,NEW PRINCIPAL / STOCKLOAN NUMBER OF SHARES,Long,16,,신규자기대주주식수,
시장관리,TMCIFR00001,TMCIFR00001,신용정보(공통),DATA,10,신규자기대주금액,NEW PRINCIPAL  / STOCKLOAN AMOUNT,Float,22,,신규자기대주금액,
시장관리,TMCIFR00001,TMCIFR00001,신용정보(공통),DATA,11,신규유통융자주식수,NEW FLOW LOAN  / NUMBER OF SHARES,Long,16,,신규유통융자주식수,
시장관리,TMCIFR00001,TMCIFR00001,신용정보(공통),DATA,12,신규유통융자금액,NEW FLOW LOAN  / AMOUNT,Float,22,,신규유통융자금액,
시장관리,TMCIFR00001,TMCIFR00001,신용정보(공통),DATA,13,신규유통대주주식수,NEW FLOW  / STOCKLOAN NUMBER OF SHARES,Long,16,,신규유통대주주식수,
시장관리,TMCIFR00001,TMCIFR00001,신용정보(공통),DATA,14,신규유통대주금액,NEW FLOW  / STOCKLOAN AMOUNT,Float,22,,신규유통대주금액,
시장관리,TMCIFR00001,TMCIFR00001,신용정보(공통),DATA,15,자기융자매도상환주식수,PRINCIPAL ASK  / REDEMPTION NUMBER OF SHARES,Long,16,,자기융자매도상환주식수,
시장관리,TMCIFR00001,TMCIFR00001,신용정보(공통),DATA,16,자기융자매도상환금액,PRINCIPAL ASK  / REDEMPTION AMOUNT,Float,22,,자기융자매도상환금액,
시장관리,TMCIFR00001,TMCIFR00001,신용정보(공통),DATA,17,자기융자현금상환주식수,PRINCIPAL LOAN  / CASH REDEMPTION NUMBER OF SHARES,Long,16,,자기융자현금상환주식수,
시장관리,TMCIFR00001,TMCIFR00001,신용정보(공통),DATA,18,자기융자현금상환금액,PRINCIPAL LOAN  / CASH REDEMPTION AMOUNT,Float,22,,자기융자현금상환금액,
시장관리,TMCIFR00001,TMCIFR00001,신용정보(공통),DATA,19,유통융자매도상환주식수,FLOW LOAN ASK  / REDEMPTION NUMBER OF SHARES,Long,16,,유통융자매도상환주식수,
시장관리,TMCIFR00001,TMCIFR00001,신용정보(공통),DATA,20,유통융자매도상환금액,FLOW LOAN ASK  / REDEMPTION AMOUNT,Float,22,,유통융자매도상환금액,
시장관리,TMCIFR00001,TMCIFR00001,신용정보(공통),DATA,21,유통융자현금상환주식수,FLOW LOAN CASH  / REDEMPTION NUMBER OF SHARES,Long,16,,유통융자현금상환주식수,
시장관리,TMCIFR00001,TMCIFR00001,신용정보(공통),DATA,22,유통융자현금상환금액,FLOW LOAN CASH  / REDEMPTION AMOUNT,Float,22,,유통융자현금상환금액,
시장관리,TMCIFR00001,TMCIFR00001,신용정보(공통),DATA,23,자기대주매수상환주식수,PRINCIPAL  / STOCKLOAN BID REDEMPTION NUMBER OF SHARES,Long,16,,자기대주매수상환주식수,
시장관리,TMCIFR00001,TMCIFR00001,신용정보(공통),DATA,24,자기대주매수현금상환금액,PRINCIPAL  / STOCKLOAN BID SPOT REDEMPTION AMOUNT,Float,22,,자기대주매수현금상환금액,
시장관리,TMCIFR00001,TMCIFR00001,신용정보(공통),DATA,25,자기대주현물상환주식수,PRINCIPAL  / STOCKLOAN SPOT REDEMPTION NUMBER OF SHARES,LONG,16,,자기대주현물상환주식수,
시장관리,TMCIFR00001,TMCIFR00001,신용정보(공통),DATA,26,자기대주현물상환금액,PRINCIPAL  / STOCKLOAN SPOT REDEMPTION AMOUNT,Float,22,,자기대주현물상환금액,
시장관리,TMCIFR00001,TMCIFR00001,신용정보(공통),DATA,27,유통대주매수상환주식수,FLOW LOAN BID  / REDEMPTION NUMBER OF SHARES,Long,16,,유통대주매수상환주식수,
시장관리,TMCIFR00001,TMCIFR00001,신용정보(공통),DATA,28,유통대주매수상환금액,FLOW LOAN BID  / REDEMPTION AMOUNT,Float,22,,유통대주매수상환금액,
시장관리,TMCIFR00001,TMCIFR00001,신용정보(공통),DATA,29,유통대주현물상환주식수,FLOW LOAN SPOT / REDEMPTION NUMBER OF SHARES,Long,16,,유통대주현물상환주식수,
시장관리,TMCIFR00001,TMCIFR00001,신용정보(공통),DATA,30,유통대주현물상환금액,FLOW LOAN SPOT  / REDEMPTION AMOUNT,Float,22,,유통대주현물상환금액,
시장관리,TMCIFR00001,TMCIFR00001,신용정보(공통),DATA,31,전일총자기융자주식수,PREVIOUS DAY  / TOTAL PRINCIPAL LOAN NUMBER OF SHARES,Long,16,,전일총자기융자주식수,
시장관리,TMCIFR00001,TMCIFR00001,신용정보(공통),DATA,32,전일총자기융자금액,PREVIOUS DAY  / TOTAL PRINCIPAL LOAN AMOUNT,Float,22,,전일총자기융자금액,
시장관리,TMCIFR00001,TMCIFR00001,신용정보(공통),DATA,33,전일총자기대주주식수,PREVIOUS DAY  / TOTAL PRINCIPAL STOCKLOAN NUMBER OF SHARES,Long,16,,전일총자기대주주식수,
시장관리,TMCIFR00001,TMCIFR00001,신용정보(공통),DATA,34,전일총자기대주금액,PREVIOUS DAY  / TOTAL PRINCIPAL STOCKLOAN AMOUNT,Float,22,,전일총자기대주금액,
시장관리,TMCIFR00001,TMCIFR00001,신용정보(공통),DATA,35,전일총유통융자주식수,PREVIOUS DAY  / TOTAL FLOW LOAN NUMBER OF SHARES,Long,16,,전일총유통융자주식수,
시장관리,TMCIFR00001,TMCIFR00001,신용정보(공통),DATA,36,전일총유통융자금액,PREVIOUS DAY  / TOTAL FLOW LOAN AMOUNT,Float,22,,전일총유통융자금액,
시장관리,TMCIFR00001,TMCIFR00001,신용정보(공통),DATA,37,전일총유통대주주식수,PREVIOUS DAY  / TOTAL FLOW STOCKLOAN NUMBER OF SHARES,Long,16,,전일총유통대주주식수,
시장관리,TMCIFR00001,TMCIFR00001,신용정보(공통),DATA,38,전일총유통대주금액,PREVIOUS DAY  / TOTAL FLOW STOCKLOAN AMOUNT,Float,22,,전일총유통대주금액,
시장관리,TMCIFR00001,TMCIFR00001,신용정보(공통),DATA,39,당일총자기융자주식수,THAT DAY TOTAL  / PRINCIPAL LOAN NUMBER OF SHARES,Long,16,,당일총자기융자주식수,
시장관리,TMCIFR00001,TMCIFR00001,신용정보(공통),DATA,40,당일총자기융자금액,THAT DAY TOTAL  / PRINCIPAL LOAN AMOUNT,Float,22,,당일총자기융자금액,
시장관리,TMCIFR00001,TMCIFR00001,신용정보(공통),DATA,41,당일총자기대주주식수,THAT DAY TOTAL  / PRINCIPAL STOCKLOAN NUMBER OF SHARES,Long,16,,당일총자기대주주식수,
시장관리,TMCIFR00001,TMCIFR00001,신용정보(공통),DATA,42,당일총자기대주금액,THAT DAY TOTAL  / PRINCIPAL STOCKLOAN AMOUNT,Float,22,,당일총자기대주금액,
시장관리,TMCIFR00001,TMCIFR00001,신용정보(공통),DATA,43,당일총유통융자주식수,THAT DAY TOTAL  / FLOW LOAN NUMBER OF SHARES,Long,16,,당일총유통융자주식수,
시장관리,TMCIFR00001,TMCIFR00001,신용정보(공통),DATA,44,당일총유통융자금액,THAT DAY TOTAL / FLOW LOAN AMOUNT,Float,22,,당일총유통융자금액,
시장관리,TMCIFR00001,TMCIFR00001,신용정보(공통),DATA,45,당일총유통대주주식수,THAT DAY TOTAL  / FLOW STOCKLOAN NUMBER OF SHARES,Long,16,,당일총유통대주주식수,
시장관리,TMCIFR00001,TMCIFR00001,신용정보(공통),DATA,46,당일총유통대주금액,THAT DAY TOTAL  / FLOW STOCKLOAN AMOUNT,Float,22,,당일총유통대주금액,
시장관리,TMCIFR00001,TMCIFR00001,신용정보(공통),DATA,47,CFD 신규매수주식수,CFD NEW BID NUMBER OF SHARES,Long,16,,,
시장관리,TMCIFR00001,TMCIFR00001,신용정보(공통),DATA,48,CFD 신규매수금액,CFD NEW BID AMOUNT,Float,22,,,
시장관리,TMCIFR00001,TMCIFR00001,신용정보(공통),DATA,49,CFD 신규매도주식수,CFD NEW ASK NUMBER OF SHARES,Long,16,,,
시장관리,TMCIFR00001,TMCIFR00001,신용정보(공통),DATA,50,CFD 신규매도금액,CFD NEW ASK AMOUNT,Float,22,,,
시장관리,TMCIFR00001,TMCIFR00001,신용정보(공통),DATA,51,CFD 청산매수주식수,CFD CLEARING & SETTLEMENT BID NUMBER OF SHARES,Long,16,,,
시장관리,TMCIFR00001,TMCIFR00001,신용정보(공통),DATA,52,CFD 청산매수금액,CFD CLEARING & SETTLEMENT BID AMOUNT,Float,22,,,
시장관리,TMCIFR00001,TMCIFR00001,신용정보(공통),DATA,53,CFD 청산매도주식수,CFD CLEARING & SETTLEMENT ASK NUMBER OF SHARES AMOUNT,Long,16,,,
시장관리,TMCIFR00001,TMCIFR00001,신용정보(공통),DATA,54,CFD 청산매도금액,CFD CLEARING & SETTLEMENT BID AMOUNT,Float,22,,,
시장관리,TMCIFR00001,TMCIFR00001,신용정보(공통),DATA,55,CFD 매수잔고주식수,CFD BID BALANCE NUMBER OF SHARES,Long,16,,CFD 매수잔고주식수(전일) + (CFD 신규매수주식수 - CFD 청산매도주식수),
시장관리,TMCIFR00001,TMCIFR00001,신용정보(공통),DATA,56,CFD 매수잔고금액,CFD BID BALANCE AMOUNT,Float,22,,CFD 매수잔고금액(전일) + (CFD 신규매수금액 - CFD 청산매도금액),
시장관리,TMCIFR00001,TMCIFR00001,신용정보(공통),DATA,57,CFD 매도잔고주식수,CFD ASK BALANCE NUMBER OF SHARES,Long,16,,CFD 매도잔고주식수(전일) + (CFD 신규매도주식수 - CFD 청산매수주식수),
시장관리,TMCIFR00001,TMCIFR00001,신용정보(공통),DATA,58,CFD 매도잔고금액,CFD ASK BALANCE AMOUNT,Float,22,,CFD 매도잔고금액(전일) + (CFD 신규매도금액 - CFD 청산매수금액),
시장관리,TMCIFR00001,TMCIFR00001,신용정보(공통),DATA,59,CFD 계좌수,CFD COUNT OF ACCOUNT,Long,16,,,
시장관리,TMCIFR00001,TMCIFR00001,신용정보(공통),DATA,60,CFD 반대매매주식수,CFD COVERING NUMBER OF SHARES,Long,16,,,
시장관리,TMCIFR00001,TMCIFR00001,신용정보(공통),DATA,61,CFD 반대매매금액,CFD COVERING AMOUNT,Float,22,,,
시장관리,TMCIFR00004,TMCIFR00004,투자자 구분별 체결내역(공통),DATA,1,메세지일련번호,MESSAGE_ / SEQUENCE NUMBER,Long,11,,메세지일련번호,
시장관리,TMCIFR00004,TMCIFR00004,투자자 구분별 체결내역(공통),DATA,2,트랜잭션코드,TRANSACTION_ / CODE,String,11,,TMCIFR00004,
시장관리,TMCIFR00004,TMCIFR00004,투자자 구분별 체결내역(공통),DATA,3,거래일자,TRADING DATE,String,8,,,
시장관리,TMCIFR00004,TMCIFR00004,투자자 구분별 체결내역(공통),DATA,4,투자자구분코드,INVESTOR TYPE CODE,String,4,,"1000 금융투자회사 / 2000 보험회사 / 3000 자산운용회사 및 투자회사 / 3100 사모펀드 / 4000 은행 (자산운용회사의 신탁재산은 자산운용회사로 분류) / 5000 기타금융 / 6000 연금, 기금 및 공제회 / 7000 국가, 지자체 국제기구 및 공익기관 / 7100 기타법인 / 8000 개인 /  / * 7100 : 기존 7000번 분류를 세분화하여 추가확정  / * 파생 : 3100 사용불가 /   --> 기타 투자자분류코드(예 : 3000, 7100 등)에 맞게 입력함 / * 정정, 취소호가는 SPACE로 입",
시장관리,TMCIFR00004,TMCIFR00004,투자자 구분별 체결내역(공통),DATA,5,외국인투자자구분코드,FOREIGN INVESTOR TYPE CODE,String,2,,"1) 현물 / 00 외국인아님 / (10 외국인(거주)) /   11 식별번호 있는 외국인 (거주) /   12 식별번호 없는 외국인 (거주) / (20 외국인(비거주)) /   21 식별번호 있는 외국인 (비거주) /   22 식별번호 없는 외국인 (비거주) /  / 2) 파생상품 / 00 외국인아님 / 10 외국인(거주) / 20 외국인(비거주) /  / * 정정, 취소호가는 SPACE로 입력 / * 정정의 경우 원호가의 정보와 동일한 것으로 인정함",
시장관리,TMCIFR00004,TMCIFR00004,투자자 구분별 체결내역(공통),DATA,6,매도매수구분코드,ASK BID TYPE CODE,String,1,,"1:매도,  2:매수",
시장관리,TMCIFR00004,TMCIFR00004,투자자 구분별 체결내역(공통),DATA,7,종목코드,ISSUE CODE,String,12,,"주식, 선물, 옵션, 외국인주식예탁증서",
시장관리,TMCIFR00004,TMCIFR00004,투자자 구분별 체결내역(공통),DATA,8,주문수량,ORDER QUANTITY,Long,10,,최소단위까지 표현,
시장관리,TMCIFR00004,TMCIFR00004,투자자 구분별 체결내역(공통),DATA,9,체결수량,TRADING VOLUMN,Long,10,,최소단위까지 표현,
시장관리,TMCIFR00004,TMCIFR00004,투자자 구분별 체결내역(공통),DATA,10,체결금액,TRADED VALUE,Float,22,,최소단위까지 표현,
시장관리,TMCIFR00004,TMCIFR00004,투자자 구분별 체결내역(공통),DATA,11,회원번호,MEMBER NUMBER,String,5,,,
시장관리,TMCIFR00004,TMCIFR00004,투자자 구분별 체결내역(공통),DATA,12,지점번호,BRANCH NUMBER,String,5,,,
시장감시,TSVIIS00100,TSVIIS00100,특이 위탁자 계좌 기본정보 요청(1차),DATA,1,메세지일련번호,MESSAGE_ / SEQUENCE NUMBER,Long,11,,메세지일련번호,
시장감시,TSVIIS00100,TSVIIS00100,특이 위탁자 계좌 기본정보 요청(1차),DATA,2,트랜잭션코드,TRANSACTION_ / CODE,String,11,,TSVIIS00100,
시장감시,TSVIIS00100,TSVIIS00100,특이 위탁자 계좌 기본정보 요청(1차),DATA,3,전송일자,TRANSMIT_DATE,String,8,,YYYYMMDD / 데이터 생성일자,
시장감시,TSVIIS00100,TSVIIS00100,특이 위탁자 계좌 기본정보 요청(1차),DATA,4,시장ID,MARKET_ / IDENTIFICATION,String,3,,"STK : 유가증권, KSQ : 코스닥, KNX : 코넥스",
시장감시,TSVIIS00100,TSVIIS00100,특이 위탁자 계좌 기본정보 요청(1차),DATA,5,요청일자,REQUEST_DATE,String,8,,"YYYYMMDD(실제 요청일자, 전송일자와 동일)",
시장감시,TSVIIS00100,TSVIIS00100,특이 위탁자 계좌 기본정보 요청(1차),DATA,6,종목코드,ISSUE_CODE,String,12,,거래소 자체 암호화 알고리즘으로 암호화 되어있음(향 후 변경 또는 삭제 예정),
시장감시,TSVIIS00100,TSVIIS00100,특이 위탁자 계좌 기본정보 요청(1차),DATA,7,회원번호,MEMBER_NUMBER,String,5,,,
시장감시,TSVIIS00100,TSVIIS00100,특이 위탁자 계좌 기본정보 요청(1차),DATA,8,지점번호,BRANCH_NUMBER,String,5,,,
시장감시,TSVIIS00100,TSVIIS00100,특이 위탁자 계좌 기본정보 요청(1차),DATA,9,계좌번호,ACCOUNT_NUMBER,String,12,,,
시장감시,TSVIIS00100,TSVIIS00100,특이 위탁자 계좌 기본정보 요청(1차),DATA,10,계좌구분코드,ACCOUNT_TYPE_ / CODE,String,2,,1) 현물 / 00 : 일반 / 01 : 대표투자자계좌(외국인) / 02 : 증권회사통합계좌(외국인) / 03 : FP계좌-복수일임형랩계좌 / 04 : FP계좌-단일일임형랩계좌 / 05 : FP아닌일임형랩계좌 / 06 : Buy-In매수전용계좌 / 07:  복수신탁계좌-대표계좌 이용 / 08:  단일신탁계좌-대표계좌미이용 / 09 : 기타 / 10: 시장조성헤지계좌(파생연계) / 11: 시장조성계좌(현물) / 12: 비과세해외주식투자전용ETF계좌 / 13 : 소액투자전용계좌(코넥스) / 14 : 외국인통합계좌 / 15 : 차익거래전,
시장감시,TSVIIS00100,TSVIIS00100,특이 위탁자 계좌 기본정보 요청(1차),DATA,11,요청공문번호,REQUEST_OFFICIAL DOCUMENT_NUMBER,String,30,,"""금융거래정보의 제공 요구서"" 공문번호",
시장감시,TSVIIS00200,TSVIIS00200,세부심리자료 요청(2차),DATA,1,메세지일련번호,MESSAGE_ / SEQUENCE NUMBER,Long,11,,메세지일련번호,
시장감시,TSVIIS00200,TSVIIS00200,세부심리자료 요청(2차),DATA,2,트랜잭션코드,TRANSACTION_ / CODE,String,11,,TSVIIS00200,
시장감시,TSVIIS00200,TSVIIS00200,세부심리자료 요청(2차),DATA,3,전송일자,TRANSMIT_DATE,String,8,,YYYYMMDD / 데이터 생성일자,
시장감시,TSVIIS00200,TSVIIS00200,세부심리자료 요청(2차),DATA,4,시장ID,MARKET_ / IDENTIFICATION,String,3,,"STK : 유가증권, KSQ : 코스닥, KNX : 코넥스",
시장감시,TSVIIS00200,TSVIIS00200,세부심리자료 요청(2차),DATA,5,요청일자,REQUEST_DATE,String,8,,"YYYYMMDD(실제 요청일자, 전송일자와 동일)",
시장감시,TSVIIS00200,TSVIIS00200,세부심리자료 요청(2차),DATA,6,회원번호,MEMBER_NUMBER,String,5,,,
시장감시,TSVIIS00200,TSVIIS00200,세부심리자료 요청(2차),DATA,7,지점번호,BRANCH_NUMBER,String,5,,,
시장감시,TSVIIS00200,TSVIIS00200,세부심리자료 요청(2차),DATA,8,계좌번호,ACCOUNT_NUMBER,String,12,,매매시간중 증권회사가 거래소로 호가제출시  / 입력되는 계좌번호,
시장감시,TSVIIS00200,TSVIIS00200,세부심리자료 요청(2차),DATA,9,계좌명,ACCOUNT_NAME,String,80,,,
시장감시,TSVIIS00200,TSVIIS00200,세부심리자료 요청(2차),DATA,10,주민등록번호,RESIDENT_ / REGISTRATION_ / NUMBER,String,20,,"하이픈빼고 왼쪽부터 채움(예:1234567890123), / 법인은 법인등록번호,  / 외국인은 외국인투자등록번호",
시장감시,TSVIIS00200,TSVIIS00200,세부심리자료 요청(2차),DATA,11,시작일자,START_DATE,String,8,,YYYYMMDD,
시장감시,TSVIIS00200,TSVIIS00200,세부심리자료 요청(2차),DATA,12,종료일자,END_DATE,String,8,,YYYYMMDD,
시장감시,TSVIIS00200,TSVIIS00200,세부심리자료 요청(2차),DATA,13,계좌구분코드,ACCOUNT_TYPE_ / CODE,String,2,,1) 현물 / 00 : 일반 / 01 : 대표투자자계좌(외국인) / 02 : 증권회사통합계좌(외국인) / 03 : FP계좌-복수일임형랩계좌 / 04 : FP계좌-단일일임형랩계좌 / 05 : FP아닌일임형랩계좌 / 06 : Buy-In매수전용계좌 / 07:  복수신탁계좌-대표계좌 이용 / 08:  단일신탁계좌-대표계좌미이용 / 09 : 기타 / 10: 시장조성헤지계좌(파생연계) / 11: 시장조성계좌(현물) / 12: 비과세해외주식투자전용ETF계좌 / 13 : 소액투자전용계좌(코넥스) / 14 : 외국인통합계좌 / 15 : 차익거래전,
시장감시,TSVIIS00200,TSVIIS00200,세부심리자료 요청(2차),DATA,14,요청공문번호,REQUEST_OFFICIAL DOCUMENT_NUMBER,String,30,,"""금융거래정보의 제공 요구서"" 공문번호",
시장감시,TSVIIS00200,TSVIIS00200,세부심리자료 요청(2차),DATA,15,2차자료요청내용,SECOND_DATA_REQUEST_CONTENTS,String,13,,"TRCODE TSVIIS00201~TSVIIS00213을 구분하여 요청할 수 있음 (비요청:0, 요청:1) / ※ 구분값에 따른 세부심리자료 생성",
시장감시,TSVIIS00300,TSVIIS00300,"파생심리계좌기본정보,매매입출금내역에대한요청",DATA,1,메세지일련번호,MESSAGE_ / SEQUENCE NUMBER,Long,11,,메세지일련번호,
시장감시,TSVIIS00300,TSVIIS00300,"파생심리계좌기본정보,매매입출금내역에대한요청",DATA,2,트랜잭션코드,TRANSACTION_ / CODE,String,11,,TSVIIS00300,
시장감시,TSVIIS00300,TSVIIS00300,"파생심리계좌기본정보,매매입출금내역에대한요청",DATA,3,전송일자,TRANSMIT_DATE,String,8,,YYYYMMDD / 데이터 생성일자,
시장감시,TSVIIS00300,TSVIIS00300,"파생심리계좌기본정보,매매입출금내역에대한요청",DATA,4,시장ID,MARKET_ / IDENTIFICATION,String,3,,별첨-KRX 차세대 상품 ID체계 참고,
시장감시,TSVIIS00300,TSVIIS00300,"파생심리계좌기본정보,매매입출금내역에대한요청",DATA,5,회원번호,MEMBER_NUMBER,String,5,,,
시장감시,TSVIIS00300,TSVIIS00300,"파생심리계좌기본정보,매매입출금내역에대한요청",DATA,6,요청일자,REQUEST_DATE,String,8,,YYYYMMDD (실제요청일자),
시장감시,TSVIIS00300,TSVIIS00300,"파생심리계좌기본정보,매매입출금내역에대한요청",DATA,7,시각,TIME,String,8,,예) 12000000(12시 정각),
시장감시,TSVIIS00300,TSVIIS00300,"파생심리계좌기본정보,매매입출금내역에대한요청",DATA,8,요청내용,BUSINESS_TYPE,String,10,,"TRCODE TSVIIS00311~TSVIIS00320을 구분하여 요청할 수 있음 (비요청:0, 요청:1) / ※ 구분값에 따른 심리자료 생성",
시장감시,TSVIIS00300,TSVIIS00300,"파생심리계좌기본정보,매매입출금내역에대한요청",DATA,9,심리대상개시일자,INVESTIGATION_ / OBJECT_START_ / DATE,String,8,,YYYYMMDD,
시장감시,TSVIIS00300,TSVIIS00300,"파생심리계좌기본정보,매매입출금내역에대한요청",DATA,10,심리대상종료일자,INVESTIGATION_ / OBJECT_END_ / DATE,String,8,,YYYYMMDD,
시장감시,TSVIIS00300,TSVIIS00300,"파생심리계좌기본정보,매매입출금내역에대한요청",DATA,11,회원번호,MEMBER_NUMBER,String,5,,,
시장감시,TSVIIS00300,TSVIIS00300,"파생심리계좌기본정보,매매입출금내역에대한요청",DATA,12,지점번호,BRANCH_NUMBER,String,5,,,
시장감시,TSVIIS00300,TSVIIS00300,"파생심리계좌기본정보,매매입출금내역에대한요청",DATA,13,계좌번호,ACCOUNT_NUMBER,String,12,,,
시장감시,TSVIIS00300,TSVIIS00300,"파생심리계좌기본정보,매매입출금내역에대한요청",DATA,14,제출기한일자,SUBMIT_ / DEADLINE_DATE,String,8,,YYYYMMDD,
시장감시,TSVIIS00300,TSVIIS00300,"파생심리계좌기본정보,매매입출금내역에대한요청",DATA,15,자료요청공문번호,DATA_REQUEST_ / OFFICIAL DOCUMENT_ / NUMBER,String,30,,심리자료징구 요청공문번호 (중복 요청시 구분활용목적),
시장감시,TSVIIS00400,TSVIIS00400,실제투자자주문내역요청,DATA,1,메세지일련번호,MESSAGE_ / SEQUENCE NUMBER,Long,11,,메세지일련번호,
시장감시,TSVIIS00400,TSVIIS00400,실제투자자주문내역요청,DATA,2,트랜잭션코드,TRANSACTION_ / CODE,String,11,,TSVIIS00400,
시장감시,TSVIIS00400,TSVIIS00400,실제투자자주문내역요청,DATA,3,전송일자,TRANSMIT_DATE,String,8,,YYYYMMDD (데이터 생성일자),
시장감시,TSVIIS00400,TSVIIS00400,실제투자자주문내역요청,DATA,4,시장ID,MARKET_ / IDENTIFICATION,String,3,,"STK : 유가증권, KSQ : 코스닥, KNX : 코넥스",
시장감시,TSVIIS00400,TSVIIS00400,실제투자자주문내역요청,DATA,5,요청일자,REQUEST_DATE,String,8,,"YYYYMMDD(실제 요청일자, 전송일자와 동일)",
시장감시,TSVIIS00400,TSVIIS00400,실제투자자주문내역요청,DATA,6,회원번호,MEMBER_NUMBER,String,5,,매매시간중 증권회사가 거래소로 호가제출시 회원번호 / -최종주문(매매체결시스템에 주문낸)회원사,
시장감시,TSVIIS00400,TSVIIS00400,실제투자자주문내역요청,DATA,7,지점번호,BRANCH_NUMBER,String,5,,,
시장감시,TSVIIS00400,TSVIIS00400,실제투자자주문내역요청,DATA,8,계좌번호,ACCOUNT_NUMBER,String,12,,매매시간중 증권회사가 거래소로 호가제출시 입력되는 계좌번호 / -최종주문(매매체결시스템에 주문낸)계좌번호,
시장감시,TSVIIS00400,TSVIIS00400,실제투자자주문내역요청,DATA,9,요청투자자구분코드,REQUEST_INVESTOR_TYPE_CODE,String,1,,1:CFD계좌   (최종주문PB회원사의  CFD계좌) / 2.:하위계좌  (최종주문회원사 대표계좌의 하위계좌),
시장감시,TSVIIS00400,TSVIIS00400,실제투자자주문내역요청,DATA,10,시작일자,START_DATE,String,8,,YYYYMMDD,
시장감시,TSVIIS00400,TSVIIS00400,실제투자자주문내역요청,DATA,11,종료일자,END_DATE,String,8,,YYYYMMDD,
시장감시,TSVIIS00400,TSVIIS00400,실제투자자주문내역요청,DATA,12,요청공문번호,REQUEST_OFFICIAL DOCUMENT_NUMBER,String,30,,"""금융거래정보의 제공 요구서"" 공문번호",
시장감시,TSVIIS00500,TSVIIS00500,예방조치 장중건전주문,DATA,1,메세지일련번호,MESSAGE_ / SEQUENCE NUMBER,Long,11,,메세지일련번호,
시장감시,TSVIIS00500,TSVIIS00500,예방조치 장중건전주문,DATA,2,트랜잭션코드,TRANSACTION_ / CODE,String,11,,TSVIIR00500,
시장감시,TSVIIS00500,TSVIIS00500,예방조치 장중건전주문,DATA,3,전송일자,TRANSMIT_DATE,String,8,,YYYYMMDD,
시장감시,TSVIIS00500,TSVIIS00500,예방조치 장중건전주문,DATA,4,회원번호,MEMBER_NUMBER,String,5,,거래소의 요청회원번호,
시장감시,TSVIIS00500,TSVIIS00500,예방조치 장중건전주문,DATA,5,적출일자,REQUEST_DATE,String,8,,거래소의 적출일자(YYYYMMDD),
시장감시,TSVIIS00500,TSVIIS00500,예방조치 장중건전주문,DATA,6,거래소ID,EXCH_ID,String,2,,KR:KRX (거래소) / NX:NXT (넥스트레이드),
시장감시,TSVIIS00500,TSVIIS00500,예방조치 장중건전주문,DATA,7,시장ID,MARKET_ / IDENTIFICATION,String,3,,"STK : 유가증권, KSQ : 코스닥, KNX : 코넥스",
시장감시,TSVIIS00500,TSVIIS00500,예방조치 장중건전주문,DATA,8,적출시간대구분코드,DETECTION_TMZN_TYPE_CODE,String,2,,09: 9시  / 11:11시 / 13:13시 / 19:19시,
시장감시,TSVIIS00500,TSVIIS00500,예방조치 장중건전주문,DATA,9,적출유형코드,DETECTION_TYPE_CODE,String,2,,01:시세 / 04:허수 / 13:가장통정 / 37:취소정정 / 99:기타 / *신규적출유형코드가 추가될경우 조치내용컬럼 내용확인후 코드값추가요망,
시장감시,TSVIIS00500,TSVIIS00500,예방조치 장중건전주문,DATA,10,종목코드,ISSUE_CODE,String,12,,현물/파생/채권/REPO 통합상품의 종목 코드(ISIN종목코드),
시장감시,TSVIIS00500,TSVIIS00500,예방조치 장중건전주문,DATA,11,지점번호,BRANCH_NUMBER,String,5,,,
시장감시,TSVIIS00500,TSVIIS00500,예방조치 장중건전주문,DATA,12,계좌번호,ACCOUNT_NUMBER,String,12,,,
시장감시,TSVIIS00500,TSVIIS00500,예방조치 장중건전주문,DATA,13,조치내용,ACTION_CONTENTS,String,100,,조치내용,
시장감시,TSVIIS00600,TSVIIS00600,투자자식별정보SALT내용,DATA,1,메세지일련번호,MESSAGE_ / SEQUENCE NUMBER,Long,11,,메세지일련번호,
시장감시,TSVIIS00600,TSVIIS00600,투자자식별정보SALT내용,DATA,2,트랜잭션코드,TRANSACTION_ / CODE,String,11,,TSVIIS00600,
시장감시,TSVIIS00600,TSVIIS00600,투자자식별정보SALT내용,DATA,3,전송일자,TRANSMIT_DATE,String,8,,YYYYMMDD,
시장감시,TSVIIS00600,TSVIIS00600,투자자식별정보SALT내용,DATA,4,SALT정보,SALT_INFORMATION,String,64,,변환에 사용할 SALT 정보,
시장감시,TSVIIS00600,TSVIIS00600,투자자식별정보SALT내용,DATA,5,적용일자,APPLICATION_DATE,String,8,,SALT 정보 적용일자 ( SALT 종보가 변경되는 경우 5일전부터 제공) / 그외에는 모든 항목 9로 셋팅함,
시장감시,TSVIIS00700,TSVIIS00700,회원사계좌번호요청,DATA,1,메세지일련번호,MESSAGE_ / SEQUENCE NUMBER,Long,11,,메세지일련번호,
시장감시,TSVIIS00700,TSVIIS00700,회원사계좌번호요청,DATA,2,트랜잭션코드,TRANSACTION_ / CODE,String,11,,TSVIIS00700,
시장감시,TSVIIS00700,TSVIIS00700,회원사계좌번호요청,DATA,3,전송일자,TRANSMIT_DATE,String,8,,YYYYMMDD,
시장감시,TSVIIS00700,TSVIIS00700,회원사계좌번호요청,DATA,4,요청일자,REQUEST_DATE,String,8,,"YYYYMMDD(실제 요청일자, 전송일자와 동일)",
시장감시,TSVIIS00700,TSVIIS00700,회원사계좌번호요청,DATA,5,회원번호,MEMBER_NUMBER,String,5,,거래소의 요청회원번호,
시장감시,TSVIIS00700,TSVIIS00700,회원사계좌번호요청,DATA,6,개인정보일련번호,PERSON_INFORMATION_SEQUENCE_NUMBER,String,10,,개인정보동의일련번호,
시장감시,TSVIIS00700,TSVIIS00700,회원사계좌번호요청,DATA,7,회원사계좌번호,MEMBER_ACCOUNT_NUMBER,String,20,,회원사고유계좌번호,
시장감시,TSVIIS00700,TSVIIS00700,회원사계좌번호요청,DATA,8,요청공문번호,REQUEST_OFFICIAL_DOCUMENT_NUMBER,String,30,,공문번호,
시장감시,TSVIIR00101,TSVIIR00101,계좌응답정보(특이위탁자 계좌정보),DATA,1,메세지일련번호,MESSAGE_ / SEQUENCE NUMBER,Long,11,,메세지일련번호,
시장감시,TSVIIR00101,TSVIIR00101,계좌응답정보(특이위탁자 계좌정보),DATA,2,트랜잭션코드,TRANSACTION_ / CODE,String,11,,TSVIIR00101,
시장감시,TSVIIR00101,TSVIIR00101,계좌응답정보(특이위탁자 계좌정보),DATA,3,전송일자,TRANSMIT_DATE,String,8,,YYYYMMDD / 데이터 생성일자,
시장감시,TSVIIR00101,TSVIIR00101,계좌응답정보(특이위탁자 계좌정보),DATA,4,시장ID,MARKET_ / IDENTIFICATION,String,3,,"STK : 유가증권, KSQ : 코스닥, KNX : 코넥스",
시장감시,TSVIIR00101,TSVIIR00101,계좌응답정보(특이위탁자 계좌정보),DATA,5,요청일자,REQUEST_DATE,String,8,,"""특이 위탁자 계좌 기본정보 요청(1차)""의 일자와  / 동일 : YYYYMMDD",
시장감시,TSVIIR00101,TSVIIR00101,계좌응답정보(특이위탁자 계좌정보),DATA,6,종목코드,ISSUE_CODE,String,12,,"""특이 위탁자 계좌 기본정보 요청(1차)""의 종목코드(암호화된 문자)와 동일해야 함",
시장감시,TSVIIR00101,TSVIIR00101,계좌응답정보(특이위탁자 계좌정보),DATA,7,회원번호,MEMBER_NUMBER,String,5,,,
시장감시,TSVIIR00101,TSVIIR00101,계좌응답정보(특이위탁자 계좌정보),DATA,8,지점번호,BRANCH_NUMBER,String,5,,,
시장감시,TSVIIR00101,TSVIIR00101,계좌응답정보(특이위탁자 계좌정보),DATA,9,계좌번호,ACCOUNT_NUMBER,String,12,,투자자대표계좌번호가 있는 경우 /  :투자자대표계좌의 하위계좌의 계좌번호,
시장감시,TSVIIR00101,TSVIIR00101,계좌응답정보(특이위탁자 계좌정보),DATA,10,주민등록번호,RESIDENT_ / REGISTRATION_ / NUMBER,String,20,,"하이픈빼고 왼쪽부터 채움(예:1234567890123), / 법인은 법인등록번호,  / 외국인은 외국인투자등록번호",
시장감시,TSVIIR00101,TSVIIR00101,계좌응답정보(특이위탁자 계좌정보),DATA,11,계좌명,ACCOUNT_NAME,String,80,,,
시장감시,TSVIIR00101,TSVIIR00101,계좌응답정보(특이위탁자 계좌정보),DATA,12,자택우편번호,HOME_ZIP CODE,String,6,,(150-010 => 예:150010),
시장감시,TSVIIR00101,TSVIIR00101,계좌응답정보(특이위탁자 계좌정보),DATA,13,자택주소,HOME_ADDRESS,String,200,,상세주소,
시장감시,TSVIIR00101,TSVIIR00101,계좌응답정보(특이위탁자 계좌정보),DATA,14,자택전화번호,HOME_TELEPHONE  / NUMBER_NUMBER,String,20,,예:02-3774-9000,
시장감시,TSVIIR00101,TSVIIR00101,계좌응답정보(특이위탁자 계좌정보),DATA,15,직장우편번호,COMPANY_ZIP CODE,String,6,,(150-010 => 예:150010),
시장감시,TSVIIR00101,TSVIIR00101,계좌응답정보(특이위탁자 계좌정보),DATA,16,직장주소,COMPANY_ADDRESS,String,200,,상세주소,
시장감시,TSVIIR00101,TSVIIR00101,계좌응답정보(특이위탁자 계좌정보),DATA,17,직장전화번호,COMPANY_ / TELEPHONE  / NUMBER_NUMBER,String,20,,예:02-3774-9000,
시장감시,TSVIIR00101,TSVIIR00101,계좌응답정보(특이위탁자 계좌정보),DATA,18,휴대폰번호,CELLULAR PHONE_ / NUMBER,String,20,,예:017-3435-2263,
시장감시,TSVIIR00101,TSVIIR00101,계좌응답정보(특이위탁자 계좌정보),DATA,19,직장명,COMPANY_NAME,String,80,,예:한국증권선물거래소,
시장감시,TSVIIR00101,TSVIIR00101,계좌응답정보(특이위탁자 계좌정보),DATA,20,이메일,EMAIL,String,100,,예:winner@hanmir.com,
시장감시,TSVIIR00101,TSVIIR00101,계좌응답정보(특이위탁자 계좌정보),DATA,21,계좌개설일자,ACCOUNT_ / OPENING_DATE,String,8,,예:YYYYMMDD,
시장감시,TSVIIR00101,TSVIIR00101,계좌응답정보(특이위탁자 계좌정보),DATA,22,신용현금구분코드,CREDIT_CASH_ / TYPE_CODE,String,1,,"0:현금계좌, 1:신용계좌",
시장감시,TSVIIR00101,TSVIIR00101,계좌응답정보(특이위탁자 계좌정보),DATA,23,근로자증권저축여부,EMPLOYEE_ / SECURITIES_ / SAVING_ / YES OR NO,String,1,,"Y:근로자증권저축(일반증권저축계좌도 포함), N:그외계좌",
시장감시,TSVIIR00101,TSVIIR00101,계좌응답정보(특이위탁자 계좌정보),DATA,24,투자자대표계좌번호,INVESTOR  / REPRESENTATIVE_ / ACCOUNT_NUMBER,String,12,,,
시장감시,TSVIIR00201,TSVIIR00201,세부심리자료응답 계좌기본정보,DATA,1,메세지일련번호,MESSAGE_ / SEQUENCE NUMBER,Long,11,,메세지일련번호,
시장감시,TSVIIR00201,TSVIIR00201,세부심리자료응답 계좌기본정보,DATA,2,트랜잭션코드,TRANSACTION_ / CODE,String,11,,TSVIIR00201,
시장감시,TSVIIR00201,TSVIIR00201,세부심리자료응답 계좌기본정보,DATA,3,전송일자,TRANSMIT_DATE,String,8,,YYYYMMDD / 데이터 생성일자,
시장감시,TSVIIR00201,TSVIIR00201,세부심리자료응답 계좌기본정보,DATA,4,시장ID,MARKET_ / IDENTIFICATION,String,3,,"STK : 유가증권, KSQ : 코스닥, KNX : 코넥스",
시장감시,TSVIIR00201,TSVIIR00201,세부심리자료응답 계좌기본정보,DATA,5,2차자료요청일자,SECOND_DATA_ / REQUEST_DATE,String,8,,거래소의 요청일자(YYYYMMDD),
시장감시,TSVIIR00201,TSVIIR00201,세부심리자료응답 계좌기본정보,DATA,6,기준일자,BASE_DATE,String,8,,자료제출일자(YYYYMMDD),
시장감시,TSVIIR00201,TSVIIR00201,세부심리자료응답 계좌기본정보,DATA,7,회원번호,MEMBER_NUMBER,String,5,,,
시장감시,TSVIIR00201,TSVIIR00201,세부심리자료응답 계좌기본정보,DATA,8,지점번호,BRANCH_NUMBER,String,5,,,
시장감시,TSVIIR00201,TSVIIR00201,세부심리자료응답 계좌기본정보,DATA,9,계좌번호,ACCOUNT_NUMBER,String,12,,투자자대표계좌번호가 없는 경우 /  :매매시간중 거래소로 호가제출시 입력되는 계좌번호 / -투자자대표계좌번호가 있는 경우 /  :투자자대표계좌의 하위계좌의 계좌번호,
시장감시,TSVIIR00201,TSVIIR00201,세부심리자료응답 계좌기본정보,DATA,10,계좌명,ACCOUNT_NAME,String,80,,띄어쓰기 없이 작성,
시장감시,TSVIIR00201,TSVIIR00201,세부심리자료응답 계좌기본정보,DATA,11,주민등록번호,RESIDENT_ / REGISTRATION_ / NUMBER,String,20,,법인은 사업자등록번호(10자리) ‘-’ 없이 작성,
시장감시,TSVIIR00201,TSVIIR00201,세부심리자료응답 계좌기본정보,DATA,12,투자자구분코드,INVESTOR_ / TYPE_CODE,String,4,,"1000 금융투자회사 / 2000 보험회사 / 3000 자산운용회사 및 투자회사 / 3100 사모펀드 / 4000 은행 (자산운용회사의 신탁재산은 자산운용회사로 분류) / 5000 기타금융 / 6000 연금, 기금 및 공제회 / 7000 국가, 지자체 국제기구 및 공익기관 / 7100 기타법인 / 8000 개인 /  / * 7100 : 기존 7000번 분류를 세분화하여 추가확정  / * 파생 : 3100 사용불가 /   --> 기타 투자자분류코드(예 : 3000, 7100 등)에 맞게 입력함 / * 정정, 취소호가는 SPACE로 입",
시장감시,TSVIIR00201,TSVIIR00201,세부심리자료응답 계좌기본정보,DATA,13,외국인투자자구분코드,FOREIGN  / INVESTOR_ / TYPE_CODE,String,2,,"1) 현물 / 00 외국인아님 / (10 외국인(거주)) /   11 식별번호 있는 외국인 (거주) /   12 식별번호 없는 외국인 (거주) / (20 외국인(비거주)) /   21 식별번호 있는 외국인 (비거주) /   22 식별번호 없는 외국인 (비거주) /  / 2) 파생상품 / 00 외국인아님 / 10 외국인(거주) / 20 외국인(비거주) /  / * 정정, 취소호가는 SPACE로 입력 / * 정정의 경우 원호가의 정보와 동일한 것으로 인정함",
시장감시,TSVIIR00201,TSVIIR00201,세부심리자료응답 계좌기본정보,DATA,14,외국인고유번호,FOREIGNER_ / UNIQUE_NUMBER,String,20,,금융감독원의 외국인 투자자 부여번호,
시장감시,TSVIIR00201,TSVIIR00201,세부심리자료응답 계좌기본정보,DATA,15,외국인투자구분코드,FOREIGNER_ / INVESTMENT_ / TYPE_CODE,String,1,,"0: 해당사항없음, 1 : 주식, 2 : 채권, 3 : CD",
시장감시,TSVIIR00201,TSVIIR00201,세부심리자료응답 계좌기본정보,DATA,16,계좌관리자번호,ACCOUNT_ / MANAGER_NUMBER,String,10,,증권회사에서 관리하는 계좌관리자의 고유번호(없는 경우 수탁책임자 사번),
시장감시,TSVIIR00201,TSVIIR00201,세부심리자료응답 계좌기본정보,DATA,17,계좌개설일자,ACCOUNT_ / OPENING_DATE,String,8,,YYYYMMDD,
시장감시,TSVIIR00201,TSVIIR00201,세부심리자료응답 계좌기본정보,DATA,18,계좌상태코드,ACCOUNT_ / STATUS_CODE,String,1,,"0 : 정상, 1 : 폐쇄",
시장감시,TSVIIR00201,TSVIIR00201,세부심리자료응답 계좌기본정보,DATA,19,폐쇄일자,CLOSING_DATE,String,8,,YYYYMMDD,
시장감시,TSVIIR00201,TSVIIR00201,세부심리자료응답 계좌기본정보,DATA,20,폐쇄부활일자,CLOSING_ / REVIVAL_DATE,String,8,,YYYYMMDD,
시장감시,TSVIIR00201,TSVIIR00201,세부심리자료응답 계좌기본정보,DATA,21,최종거래일자,LAST TRADING_ / DATE,String,8,,YYYYMMDD,
시장감시,TSVIIR00201,TSVIIR00201,세부심리자료응답 계좌기본정보,DATA,22,거래과세구분코드,TRADING_TAX_ / TYPE_CODE,String,1,,"0 : 과세, 1 : 비과세",
시장감시,TSVIIR00201,TSVIIR00201,세부심리자료응답 계좌기본정보,DATA,23,배당과세구분코드,DIVIDEND_TAX_ / TYPE_CODE,String,1,,"0 : 과세, 1 : 비과세",
시장감시,TSVIIR00201,TSVIIR00201,세부심리자료응답 계좌기본정보,DATA,24,출금출고정지구분코드,WITHDRAWAL & / DELIVERY OF  / GOODS FROM  / A WAREHOUSE_ / STOP_TYPE_CODE,String,1,,"0 : 정상, 1 : 사고",
시장감시,TSVIIR00201,TSVIIR00201,세부심리자료응답 계좌기본정보,DATA,25,실명확인여부,REAL_NAME_ / CONFIRMATION_ / YES OR NO,String,1,,"0 : 실명확인, 1 : 비실명",
시장감시,TSVIIR00201,TSVIIR00201,세부심리자료응답 계좌기본정보,DATA,26,실명확인일자,REAL_NAME_ / CONFIRMATION_ / DATE,String,8,,YYYYMMDD,
시장감시,TSVIIR00201,TSVIIR00201,세부심리자료응답 계좌기본정보,DATA,27,총예수금부호,TOTAL_ / DEPOSIT_SIGN,String,1,,"양수(+), 음수(-)",
시장감시,TSVIIR00201,TSVIIR00201,세부심리자료응답 계좌기본정보,DATA,28,총예수금,TOTAL_DEPOSIT,Float,22,,,
시장감시,TSVIIR00201,TSVIIR00201,세부심리자료응답 계좌기본정보,DATA,29,신용계좌구분코드,CREDIT_ACCOUNT_ / TYPE_CODE,String,1,,"0 : 보통계좌, 1 : 신용계좌, 9 : 기타",
시장감시,TSVIIR00201,TSVIIR00201,세부심리자료응답 계좌기본정보,DATA,30,신용개설일자,CREDIT_ / OPENING_DATE,String,8,,신용계좌 개설일자(YYYYMMDD),
시장감시,TSVIIR00201,TSVIIR00201,세부심리자료응답 계좌기본정보,DATA,31,신용해지일자,CREDIT_ / TERMINATION_DATE,String,8,,YYYYMMDD,
시장감시,TSVIIR00201,TSVIIR00201,세부심리자료응답 계좌기본정보,DATA,32,선물연계계좌번호,FUTURES_LINK_ / ACCOUNT_NUMBER,String,12,,,
시장감시,TSVIIR00201,TSVIIR00201,세부심리자료응답 계좌기본정보,DATA,33,증거금징수여부,MARGIN_ / COLLECTION  / (LEVY)_YES OR NO,String,1,,"0 : 징수, 1 : 미징수",
시장감시,TSVIIR00201,TSVIIR00201,세부심리자료응답 계좌기본정보,DATA,34,카드발급구분코드,CARD_ISSUE_ / TYPE_CODE,String,1,,"0 : 미발급, 1 : 발급",
시장감시,TSVIIR00201,TSVIIR00201,세부심리자료응답 계좌기본정보,DATA,35,카드발급횟수,CARD_ISSUE_COUNT,Long,16,,,
시장감시,TSVIIR00201,TSVIIR00201,세부심리자료응답 계좌기본정보,DATA,36,은행명,BANK_NAME,String,80,,2개 이상인 경우 대표은행 1개만 명시 +12,
시장감시,TSVIIR00201,TSVIIR00201,세부심리자료응답 계좌기본정보,DATA,37,은행계좌번호,BANK_ACCOUNT_ / NUMBER,String,20,,대표계좌(연계입출금계좌 또는 실질적인 입출금이 발생하는 계좌) 1개만 명시 / 길이변경 16 -> 20,
시장감시,TSVIIR00201,TSVIIR00201,세부심리자료응답 계좌기본정보,DATA,38,수관일자,TAKE CONTROL_ / DATE,String,8,,YYYYMMDD,
시장감시,TSVIIR00201,TSVIIR00201,세부심리자료응답 계좌기본정보,DATA,39,수관계좌번호,TAKE CONTROL_ / ACCOUNT_NUMBER,String,12,,관리점만 변경되는 경우 변경 후 계좌정보,
시장감시,TSVIIR00201,TSVIIR00201,세부심리자료응답 계좌기본정보,DATA,40,수관지점명,TAKE CONTROL_ / BRANCH_NAME,String,80,,관리점만 변경되는 경우 변경 후 관리점정보,
시장감시,TSVIIR00201,TSVIIR00201,세부심리자료응답 계좌기본정보,DATA,41,이관일자,TRANSFER OF  / CONTROL_DATE,String,8,,YYYYMMDD,
시장감시,TSVIIR00201,TSVIIR00201,세부심리자료응답 계좌기본정보,DATA,42,이관계좌번호,TRANSFER OF / CONTROL_ / ACCOUNT_NUMBER,String,12,,관리점만 변경되는 경우 변경 전 계좌정보,
시장감시,TSVIIR00201,TSVIIR00201,세부심리자료응답 계좌기본정보,DATA,43,이관지점명,TRANSFER OF / CONTROL_ / BRANCH_NAME,String,80,,관리점만 변경되는 경우 변경 전 관리점정보,
시장감시,TSVIIR00201,TSVIIR00201,세부심리자료응답 계좌기본정보,DATA,44,직장명,COMPANY_NAME,String,80,,,
시장감시,TSVIIR00201,TSVIIR00201,세부심리자료응답 계좌기본정보,DATA,45,자택전화번호,HOME_TELEPHONE / NUMBER_NUMBER,String,20,,‘-’ 없이 작성,
시장감시,TSVIIR00201,TSVIIR00201,세부심리자료응답 계좌기본정보,DATA,46,휴대폰번호,CELLULAR PHONE_ / NUMBER,String,20,,‘-’ 없이 작성,
시장감시,TSVIIR00201,TSVIIR00201,세부심리자료응답 계좌기본정보,DATA,47,직장전화번호,COMPANY_ / TELEPHONE  / NUMBER_NUMBER,String,20,,‘-’ 없이 작성,
시장감시,TSVIIR00201,TSVIIR00201,세부심리자료응답 계좌기본정보,DATA,48,자택우편번호,HOME_ZIP CODE,String,6,,‘-’ 없이 작성,
시장감시,TSVIIR00201,TSVIIR00201,세부심리자료응답 계좌기본정보,DATA,49,자택주소,HOME_ADDRESS,String,200,,,
시장감시,TSVIIR00201,TSVIIR00201,세부심리자료응답 계좌기본정보,DATA,50,원장통보지구분코드,BOOK_NOTICE  / LOCATION_ / TYPE_CODE,String,1,,"0:자택, 1:직장, 2:불원, 3:기타",
시장감시,TSVIIR00201,TSVIIR00201,세부심리자료응답 계좌기본정보,DATA,51,잔고통보지구분코드,BALANCE_NOTICE / LOCATION_TYPE_ / CODE,String,1,,"0:자택, 1:직장, 2:불원, 3:기타",
시장감시,TSVIIR00201,TSVIIR00201,세부심리자료응답 계좌기본정보,DATA,52,내외국인구분코드,DOMESTIC AND / FOREIGN  / NATIONAL_TYPE_ / CODE,String,1,,"0:내국인, 1: 외국인, 2:내국인대우외국인",
시장감시,TSVIIR00201,TSVIIR00201,세부심리자료응답 계좌기본정보,DATA,53,여권번호,PASSPORT_NUMBER,String,13,,,
시장감시,TSVIIR00201,TSVIIR00201,세부심리자료응답 계좌기본정보,DATA,54,미상환금액,NOT REDEEMED_ / AMOUNT,Float,22,,,
시장감시,TSVIIR00201,TSVIIR00201,세부심리자료응답 계좌기본정보,DATA,55,신용이자미납금액,CREDIT_INTEREST_ / UNPAYMENT_ / AMOUNT,Float,22,,,
시장감시,TSVIIR00201,TSVIIR00201,세부심리자료응답 계좌기본정보,DATA,56,미상환융자금액,NOT REDEEMED_ / LOAN_AMOUNT,Float,22,,,
시장감시,TSVIIR00201,TSVIIR00201,세부심리자료응답 계좌기본정보,DATA,57,기타대여금액,MISCELLANEOUS_ / LOAN_AMOUNT,Float,22,,,
시장감시,TSVIIR00201,TSVIIR00201,세부심리자료응답 계좌기본정보,DATA,58,기타수표금액,MISCELLANEOUS_ / CHECK_AMOUNT,Float,22,,,
시장감시,TSVIIR00201,TSVIIR00201,세부심리자료응답 계좌기본정보,DATA,59,신용거래설정보증금,MARGIN  / TRANSACTION_ / ESTABLISHMENT_ / REQUIREMENT / AMOUNT,Float,22,,,
시장감시,TSVIIR00201,TSVIIR00201,세부심리자료응답 계좌기본정보,DATA,60,대용금합계금액,SUBSTITUTE_ / AMOUNT_  / AGGREGATION_ / AMOUNT,Float,22,,,
시장감시,TSVIIR00201,TSVIIR00201,세부심리자료응답 계좌기본정보,DATA,61,반송횟수,RETURN_COUNT,Long,16,,모든 경우 합산한 횟수,
시장감시,TSVIIR00201,TSVIIR00201,세부심리자료응답 계좌기본정보,DATA,62,투자자대표계좌번호,INVESTOR  / REPRESENTATIVE_ / ACCOUNT_NUMBER,String,12,,,
시장감시,TSVIIR00201,TSVIIR00201,세부심리자료응답 계좌기본정보,DATA,63,실제계좌번호,REAL_ACCOUNT_ / NUMBER,String,12,,고객이 실제 사용하는 계좌번호,
시장감시,TSVIIR00201,TSVIIR00201,세부심리자료응답 계좌기본정보,DATA,64,이메일,EMAIL,String,80,,,
시장감시,TSVIIR00201,TSVIIR00201,세부심리자료응답 계좌기본정보,DATA,65,가상계좌은행명,ASUMDTEC_ / ACCOUNT_BANK_ / NAME,String,20,,,
시장감시,TSVIIR00201,TSVIIR00201,세부심리자료응답 계좌기본정보,DATA,66,가상계좌번호,ASUMDTEC_ / ACCOUNT_ / NUMBER,String,20,,,
시장감시,TSVIIR00201,TSVIIR00201,세부심리자료응답 계좌기본정보,DATA,67,직장주소,COMPANY_ / ADDRESS,String,100,,,
시장감시,TSVIIR00202,TSVIIR00202,유가증권 잔고내역,DATA,1,메세지일련번호,MESSAGE_ / SEQUENCE NUMBER,Long,11,,메세지일련번호,
시장감시,TSVIIR00202,TSVIIR00202,유가증권 잔고내역,DATA,2,트랜잭션코드,TRANSACTION_ / CODE,String,11,,TSVIIR00202,
시장감시,TSVIIR00202,TSVIIR00202,유가증권 잔고내역,DATA,3,전송일자,TRANSMIT_DATE,String,8,,YYYYMMDD / 데이터 생성일자,
시장감시,TSVIIR00202,TSVIIR00202,유가증권 잔고내역,DATA,4,시장ID,MARKET_ / IDENTIFICATION,String,3,,"STK : 유가증권, KSQ : 코스닥, KNX : 코넥스",
시장감시,TSVIIR00202,TSVIIR00202,유가증권 잔고내역,DATA,5,2차자료요청일자,SECOND_DATA_ / REQUEST_DATE,String,8,,거래소의 요청일자(YYYYMMDD),
시장감시,TSVIIR00202,TSVIIR00202,유가증권 잔고내역,DATA,6,기준일자,BASE_DATE,String,8,,요청기간에 속한 월별 말일,
시장감시,TSVIIR00202,TSVIIR00202,유가증권 잔고내역,DATA,7,회원번호,MEMBER_NUMBER,String,5,,,
시장감시,TSVIIR00202,TSVIIR00202,유가증권 잔고내역,DATA,8,지점번호,BRANCH_NUMBER,String,5,,,
시장감시,TSVIIR00202,TSVIIR00202,유가증권 잔고내역,DATA,9,계좌번호,ACCOUNT_NUMBER,String,12,,투자자대표계좌번호가 없는 경우 /  :매매시간중 거래소로 호가제출시 입력되는 계좌번호 / -투자자대표계좌번호가 있는 경우 /  :투자자대표계좌의 하위계좌의 계좌번호,
시장감시,TSVIIR00202,TSVIIR00202,유가증권 잔고내역,DATA,10,종목코드,ISSUE_CODE,String,12,,현물/파생/채권/REPO 통합상품의 종목 코드(ISIN종목코드),
시장감시,TSVIIR00202,TSVIIR00202,유가증권 잔고내역,DATA,11,종목명,ISSUE_NAME,String,80,,한글(단축) 종목명,
시장감시,TSVIIR00202,TSVIIR00202,유가증권 잔고내역,DATA,12,미수구분코드,RECEIVABLE_TYPE_ / CODE,String,1,,"0:정상, 1:미수",
시장감시,TSVIIR00202,TSVIIR00202,유가증권 잔고내역,DATA,13,현물수량,SPOT_QUANTITY,Long,15,,선물 담보수량 존재시 해당 수량 포함수량 /  길이변경 12 -> 15,
시장감시,TSVIIR00202,TSVIIR00202,유가증권 잔고내역,DATA,14,선물수량,FUTURES_QUANTITY,Long,15,,"선물연계계좌의 경우 담보수량 의미 /  (매도,매수 구분없이 미결제총수량) /  길이변경 12 -> 15",
시장감시,TSVIIR00202,TSVIIR00202,유가증권 잔고내역,DATA,15,투자자대표계좌번호,INVESTOR  / REPRESENTATIVE_ / ACCOUNT_NUMBER,String,12,,,
시장감시,TSVIIR00203,TSVIIR00203,신용거래 잔고내역,DATA,1,메세지일련번호,MESSAGE_ / SEQUENCE NUMBER,Long,11,,메세지일련번호,
시장감시,TSVIIR00203,TSVIIR00203,신용거래 잔고내역,DATA,2,트랜잭션코드,TRANSACTION_ / CODE,String,11,,TSVIIR00203,
시장감시,TSVIIR00203,TSVIIR00203,신용거래 잔고내역,DATA,3,전송일자,TRANSMIT_DATE,String,8,,YYYYMMDD / 데이터 생성일자,
시장감시,TSVIIR00203,TSVIIR00203,신용거래 잔고내역,DATA,4,시장ID,MARKET_ / IDENTIFICATION,String,3,,"STK : 유가증권, KSQ : 코스닥, KNX : 코넥스",
시장감시,TSVIIR00203,TSVIIR00203,신용거래 잔고내역,DATA,5,2차자료요청일자,SECOND_DATA_ / REQUEST_DATE,String,8,,거래소의 요청일자(YYYYMMDD),
시장감시,TSVIIR00203,TSVIIR00203,신용거래 잔고내역,DATA,6,기준일자,BASE_DATE,String,8,,요청기간에 속한 월별 말일(YYYYMMDD),
시장감시,TSVIIR00203,TSVIIR00203,신용거래 잔고내역,DATA,7,회원번호,MEMBER_NUMBER,String,5,,,
시장감시,TSVIIR00203,TSVIIR00203,신용거래 잔고내역,DATA,8,지점번호,BRANCH_NUMBER,String,5,,,
시장감시,TSVIIR00203,TSVIIR00203,신용거래 잔고내역,DATA,9,계좌번호,ACCOUNT_NUMBER,String,12,,투자자대표계좌번호가 없는 경우 /  :매매시간중 거래소로 호가제출시 입력되는 계좌번호 / -투자자대표계좌번호가 있는 경우 /  :투자자대표계좌의 하위계좌의 계좌번호,
시장감시,TSVIIR00203,TSVIIR00203,신용거래 잔고내역,DATA,10,대출일자,LOAN_DATE,String,8,,YYYYMMDD,
시장감시,TSVIIR00203,TSVIIR00203,신용거래 잔고내역,DATA,11,만기일자,EXPIRATION_DATE,String,8,,YYYYMMDD,
시장감시,TSVIIR00203,TSVIIR00203,신용거래 잔고내역,DATA,12,심리정보신용구분코드,INVESTIGATION_ / INFORMATION_ / CREDIT_TYPE_ / CODE,String,1,,1:유통융자 / 3:자기융자 / 4:매입자금 / 5:유통대주 / 6:예탁담보 / 7:자기대주 / 9:기타,
시장감시,TSVIIR00203,TSVIIR00203,신용거래 잔고내역,DATA,13,거래종목코드,TRADING_ISSUE_ / CODE,String,12,,표준코드,
시장감시,TSVIIR00203,TSVIIR00203,신용거래 잔고내역,DATA,14,종목명,ISSUE_NAME,String,80,,한글(단축) 종목명,
시장감시,TSVIIR00203,TSVIIR00203,신용거래 잔고내역,DATA,15,대출단가,LOAN_UNITPRC,Long,18,,길이변경 13 -> 18,
시장감시,TSVIIR00203,TSVIIR00203,신용거래 잔고내역,DATA,16,신용수량,CREDIT_QUANTITY,Long,15,,길이변경 12 -> 15,
시장감시,TSVIIR00203,TSVIIR00203,신용거래 잔고내역,DATA,17,신용금액,CREDIT_AMOUNT,Float,22,,,
시장감시,TSVIIR00203,TSVIIR00203,신용거래 잔고내역,DATA,18,신용거래상환수량,TRANSACTION_ / REDEMPTION_ / QUANTITY,Long,15,,길이변경 10 -> 15,
시장감시,TSVIIR00203,TSVIIR00203,신용거래 잔고내역,DATA,19,신용거래상환금액,MARGIN TRANSACTION_ / REDEMPTION_ / AMOUNT,Float,22,,,
시장감시,TSVIIR00203,TSVIIR00203,신용거래 잔고내역,DATA,20,투자자대표계좌번호,INVESTOR / REPRESENTATIVE_ / ACCOUNT_NUMBER,String,12,,,
시장감시,TSVIIR00204,TSVIIR00204,고객계좌부,DATA,1,메세지일련번호,MESSAGE_ / SEQUENCE NUMBER,Long,11,,메세지일련번호,
시장감시,TSVIIR00204,TSVIIR00204,고객계좌부,DATA,2,트랜잭션코드,TRANSACTION_ / CODE,String,11,,TSVIIR00204,
시장감시,TSVIIR00204,TSVIIR00204,고객계좌부,DATA,3,전송일자,TRANSMIT_DATE,String,8,,YYYYMMDD / 데이터 생성일자,
시장감시,TSVIIR00204,TSVIIR00204,고객계좌부,DATA,4,시장ID,MARKET_ / IDENTIFICATION,String,3,,"STK : 유가증권, KSQ : 코스닥, KNX : 코넥스",
시장감시,TSVIIR00204,TSVIIR00204,고객계좌부,DATA,5,2차자료요청일자,SECOND_DATA_ / REQUEST_DATE,String,8,,거래소의 요청일자(YYYYMMDD),
시장감시,TSVIIR00204,TSVIIR00204,고객계좌부,DATA,6,회원번호,MEMBER_NUMBER,String,5,,,
시장감시,TSVIIR00204,TSVIIR00204,고객계좌부,DATA,7,지점번호,BRANCH_NUMBER,String,5,,,
시장감시,TSVIIR00204,TSVIIR00204,고객계좌부,DATA,8,계좌번호,ACCOUNT_NUMBER,String,12,,투자자대표계좌번호가 없는 경우 /  :매매시간중 거래소로 호가제출시 입력되는 계좌번호 / -투자자대표계좌번호가 있는 경우 /  :투자자대표계좌의 하위계좌의 계좌번호,
시장감시,TSVIIR00204,TSVIIR00204,고객계좌부,DATA,9,거래일자,TRADING_DATE,String,8,,"거래발생일, 매매인 경우 결제일(YYYYMMDD)",
시장감시,TSVIIR00204,TSVIIR00204,고객계좌부,DATA,10,거래번호,TRANSACTION_ / NUMBER,Long,9,,,
시장감시,TSVIIR00204,TSVIIR00204,고객계좌부,DATA,11,고객계좌거래구분코드,CUSTOMER_ / ACCOUNT_ / TRADING_TYPE_ / CODE,String,1,,0:보통 1:신용 2:저축 3:상품,
시장감시,TSVIIR00204,TSVIIR00204,고객계좌부,DATA,12,원장거래구분코드,BOOK_TRADING_ / TYPE_CODE,String,5,,원장거래구분 코드참조,
시장감시,TSVIIR00204,TSVIIR00204,고객계좌부,DATA,13,계좌명,ACCOUNT_NAME,String,80,,띄어쓰기 없이 작성,
시장감시,TSVIIR00204,TSVIIR00204,고객계좌부,DATA,14,주민등록번호,RESIDENT_ / REGISTRATION_ / NUMBER,String,20,,법인은 사업자등록번호 /  외국인은 외국인 투자등록번호 /  ‘-’ 없이 작성,
시장감시,TSVIIR00204,TSVIIR00204,고객계좌부,DATA,15,거래종목코드,TRADING_ / ISSUE_CODE,String,12,,표준코드,
시장감시,TSVIIR00204,TSVIIR00204,고객계좌부,DATA,16,거래종목명,TRADING_ / ISSUE_NAME,String,80,,한글(단축) 종목명,
시장감시,TSVIIR00204,TSVIIR00204,고객계좌부,DATA,17,체결수량,TRADING VOLUMN,Long,15,,,변경
시장감시,TSVIIR00204,TSVIIR00204,고객계좌부,DATA,18,거래단가,TRADING_UNIT PRICE,Long,18,,"단위 : 원 /  * 매매시 매매가격, 출납시 출납가격 /  길이변경 13 -> 18",
시장감시,TSVIIR00204,TSVIIR00204,고객계좌부,DATA,19,거래대금,TRADING VALUE,Float,22,,단위 : 원 /  * 총거래금액,
시장감시,TSVIIR00204,TSVIIR00204,고객계좌부,DATA,20,수수료,FEE,Float,22,,,
시장감시,TSVIIR00204,TSVIIR00204,고객계좌부,DATA,21,농특세,SPECIAL TAX FOR / RURAL  / DEVELOPMENT,Float,22,,,
시장감시,TSVIIR00204,TSVIIR00204,고객계좌부,DATA,22,예수금전일잔액부호,DEPOSIT_ / PREVIOUS DAY_ / BALANCE_SIGN,String,1,,"양수(+), 음수(-)",
시장감시,TSVIIR00204,TSVIIR00204,고객계좌부,DATA,23,예수금전일잔액,DEPOSIT_ / PREVIOUS DAY_ / BALANCE,Float,22,,"잔액(단위:원), 해당거래전의 잔고",
시장감시,TSVIIR00204,TSVIIR00204,고객계좌부,DATA,24,예수금금일잔액부호,DEPOSIT_TODAY_ / BALANCE_SIGN,String,1,,"양수(+), 음수(-)",
시장감시,TSVIIR00204,TSVIIR00204,고객계좌부,DATA,25,예수금금일잔액,DEPOSIT_TODAY_ / BALANCE,Float,22,,,
시장감시,TSVIIR00204,TSVIIR00204,고객계좌부,DATA,26,유가증권전일잔량부호,SECURITIES_ / PREVIOUS DAY_ / REMAINING  / QUANTITY_SIGN,String,1,,"양수(+), 음수(-)",
시장감시,TSVIIR00204,TSVIIR00204,고객계좌부,DATA,27,유가증권전일잔량,SECURITIES_ / PREVIOUS DAY_ / REMAINING  / QUANTITY,Long,18,,길이변경 12 -> 18,
시장감시,TSVIIR00204,TSVIIR00204,고객계좌부,DATA,28,유가증권금일잔량부호,SECURITIES_ / TODAY_ / REMAINING  / QUANTITY_SIGN,String,1,,"양수(+), 음수(-)",
시장감시,TSVIIR00204,TSVIIR00204,고객계좌부,DATA,29,유가증권금일잔량,SECURITIES_ / TODAY_ / REMAINING  / QUANTITY,Long,18,,길이변경 12 -> 18,
시장감시,TSVIIR00204,TSVIIR00204,고객계좌부,DATA,30,거래세,TRANSACTION TAX,Float,22,,,
시장감시,TSVIIR00204,TSVIIR00204,고객계좌부,DATA,31,신용이자및대주이용료,CREDIT_INTEREST & / SHORTSELLING  / SECURITIES_ / UTILIZATION FEE,Float,22,,,
시장감시,TSVIIR00204,TSVIIR00204,고객계좌부,DATA,32,신용상환차금부호,CREDIT_ / REDEMPTION_ / PAYOFF_SIGN,String,1,,"양수(+), 음수(-)",
시장감시,TSVIIR00204,TSVIIR00204,고객계좌부,DATA,33,신용상환차금,CREDIT_ / REDEMPTION_ / PAYOFF,Float,22,,1. 상환금액 - 융자금액 / 2. (상환단가*상환수량*신용율)-융자금액,
시장감시,TSVIIR00204,TSVIIR00204,고객계좌부,DATA,34,신용금액,CREDIT_AMOUNT,Float,22,,신규 : 융자금 또는 대주금 /  상환 : 상환금 /  신용이자징수 및 대주이용료지급 : 기준이 되는 신용원금,
시장감시,TSVIIR00204,TSVIIR00204,고객계좌부,DATA,35,정상취소구분코드,NORMAL_ / CANCELLATION_ / TYPE_CODE,String,1,,"0 : 정상, 1 : 취소",
시장감시,TSVIIR00204,TSVIIR00204,고객계좌부,DATA,36,소득세,INCOME TAX,Float,22,,,
시장감시,TSVIIR00204,TSVIIR00204,고객계좌부,DATA,37,주민세,INHABITANT TAX,Float,22,,,
시장감시,TSVIIR00204,TSVIIR00204,고객계좌부,DATA,38,배당단주매각금액,DIVIDEND_ODD LOT_ / SALES_AMOUNT,Float,22,,,
시장감시,TSVIIR00204,TSVIIR00204,고객계좌부,DATA,39,신용거래구분코드,MARGIN  / TRANSACTION_ / TYPE_CODE,String,2,,01:유통융자매수 / 03:자기융자매수 / 05:유통대주매도 / 07:자기대주매도 / 11:유통융자매도상환 / 12:유통융자현금상환 / 13:취소(유통융자현금상환) / 33:자기융자매도상환 / 34:자기융자현금상환 / 35:취소(자기융자현금상환) / 55:유통대주매수상환 / 56:유통대주현물상환 / 57:취소(유통대주현물상환) / 77:자기대주매수상환 / 78:자기대주현물상환 / 79:취소(자기대주현물상환) / 99:기타,
시장감시,TSVIIR00204,TSVIIR00204,고객계좌부,DATA,40,현금미수금발생금액,CASH_RECEIVABLE / AMOUNT_ / OCCURRENCE_ / AMOUNT,Float,22,,,
시장감시,TSVIIR00204,TSVIIR00204,고객계좌부,DATA,41,미수금전일잔액,RECEIVABLE  / AMOUNT_ / PREVIOUS DAY_ / BALANCE,Float,22,,,
시장감시,TSVIIR00204,TSVIIR00204,고객계좌부,DATA,42,미수금금일잔액,RECEIVABLE  / AMOUNT_TODAY_ / BALANCE,Float,22,,,
시장감시,TSVIIR00204,TSVIIR00204,고객계좌부,DATA,43,유가증권미수발생수량,SECURITIES_ / RECEIVABLE_ / OCCURRENCE_ / QUANTITY,Long,15,,길이변경 12 -> 15,
시장감시,TSVIIR00204,TSVIIR00204,고객계좌부,DATA,44,미수변제구분코드,RECEIVABLE_ / REPAYMENT_TYPE_ / CODE,String,1,,0 : 변제없음 1 : 변제,
시장감시,TSVIIR00204,TSVIIR00204,고객계좌부,DATA,45,처리지점명,PROCESS_BRANCH_ / NAME,String,80,,,
시장감시,TSVIIR00204,TSVIIR00204,고객계좌부,DATA,46,신용대출일자,CREDIT_LOAN_DATE,String,8,,YYYYMMDD,
시장감시,TSVIIR00204,TSVIIR00204,고객계좌부,DATA,47,기타수표입금액,MISCELLANEOUS_ / CHECK_DEPOSIT_ / VALUE,Float,22,,,
시장감시,TSVIIR00204,TSVIIR00204,고객계좌부,DATA,48,정산금액,SETTLEMENT_ / AMOUNT,Float,22,,"입금 : 수수료, 세금 제외 금액 /  출금 : 수수료, 세금 포함 금액",
시장감시,TSVIIR00204,TSVIIR00204,고객계좌부,DATA,49,대체상대은행계좌번호,,String,16,,,
시장감시,TSVIIR00204,TSVIIR00204,고객계좌부,DATA,50,유가증권미수변제수량,SECURITIES_ / RECEIVABLE_ / REPAYMENT_ / QUANTITY,Long,15,,길이변경 12 -> 15,
시장감시,TSVIIR00204,TSVIIR00204,고객계좌부,DATA,51,현금미수변제금,CASH_ / RECEIVABLE_ / TENDER,Float,22,,,
시장감시,TSVIIR00204,TSVIIR00204,고객계좌부,DATA,52,현금미수연체료,CASH_ / RECEIVABLE_ / OVERDUE PENALTY,Float,22,,,
시장감시,TSVIIR00204,TSVIIR00204,고객계좌부,DATA,53,신용이자미납변제금,CREDIT_INTEREST_ / UNPAYMENT_ / TENDER,Float,22,,,
시장감시,TSVIIR00204,TSVIIR00204,고객계좌부,DATA,54,신용이자미납연체료,CREDIT_INTEREST_ / UNPAYMENT_ / OVERDUE PENALTY,Float,22,,,
시장감시,TSVIIR00204,TSVIIR00204,고객계좌부,DATA,55,기타대여금변제금,MISCELLANEOUS_ / LOAN MONEY_ / TENDER,Float,22,,,
시장감시,TSVIIR00204,TSVIIR00204,고객계좌부,DATA,56,기타대여금연체료,MISCELLANEOUS_ / LOAN MONEY_ / OVERDUE PENALTY,Float,22,,,
시장감시,TSVIIR00204,TSVIIR00204,고객계좌부,DATA,57,수표금액,CHECK_AMOUNT,Float,22,,,
시장감시,TSVIIR00204,TSVIIR00204,고객계좌부,DATA,58,투자자대표계좌번호,INVESTOR  / REPRESENTATIVE_ / ACCOUNT_NUMBER,String,12,,,
시장감시,TSVIIR00204,TSVIIR00204,고객계좌부,DATA,59,거래시각,TRADING_TIME,String,6,,"입출금/입출고 거래시각, 시분초(HH24MISS)",
시장감시,TSVIIR00204,TSVIIR00204,고객계좌부,DATA,60,매매체결일,ORDER_DATE,String,8,,매매인 경우 체결일(주문일),
시장감시,TSVIIR00204,TSVIIR00204,고객계좌부,DATA,61,거래구분상세내용,TRANSACTION_ / TYPE_DETAIL_ / CONTENTS,String,100,,거래내용에 대한 상세설명,
시장감시,TSVIIR00204,TSVIIR00204,고객계좌부,DATA,62,거래구분상세코드,TRANSACTION_ / TYPE_DETAIL / DETAIL_CODE,String,10,,증권사별 자체 적요 관련 코드조합,
시장감시,TSVIIR00205,TSVIIR00205,수표입출금내역,DATA,1,메세지일련번호,MESSAGE_ / SEQUENCE NUMBER,Long,11,,메세지일련번호,
시장감시,TSVIIR00205,TSVIIR00205,수표입출금내역,DATA,2,트랜잭션코드,TRANSACTION_ / CODE,String,11,,TSVIIR00205,
시장감시,TSVIIR00205,TSVIIR00205,수표입출금내역,DATA,3,전송일자,TRANSMIT_DATE,String,8,,YYYYMMDD / 데이터 생성일자,
시장감시,TSVIIR00205,TSVIIR00205,수표입출금내역,DATA,4,시장ID,MARKET_ / IDENTIFICATION,String,3,,"STK : 유가증권, KSQ : 코스닥, KNX : 코넥스",
시장감시,TSVIIR00205,TSVIIR00205,수표입출금내역,DATA,5,2차자료요청일자,SECOND_DATA_ / REQUEST_DATE,String,8,,거래소의 요청일자(YYYYMMDD),
시장감시,TSVIIR00205,TSVIIR00205,수표입출금내역,DATA,6,회원번호,MEMBER_NUMBER,String,5,,,
시장감시,TSVIIR00205,TSVIIR00205,수표입출금내역,DATA,7,지점번호,BRANCH_NUMBER,String,5,,,
시장감시,TSVIIR00205,TSVIIR00205,수표입출금내역,DATA,8,계좌번호,ACCOUNT_NUMBER,String,12,,투자자대표계좌번호가 없는 경우 /  :매매시간중 거래소로 호가제출시 입력되는  /   계좌번호 / -투자자대표계좌번호가 있는 경우 /  :투자자대표계좌의 하위계좌의 계좌번호,
시장감시,TSVIIR00205,TSVIIR00205,수표입출금내역,DATA,9,거래일자,TRADING_DATE,String,8,,입출금 발생일 (YYYYMMDD),
시장감시,TSVIIR00205,TSVIIR00205,수표입출금내역,DATA,10,거래번호,TRANSACTION_ / NUMBER,Long,9,,,
시장감시,TSVIIR00205,TSVIIR00205,수표입출금내역,DATA,11,일련번호,SEQUENCE NUMBER,Long,11,,동일 거래번호 내에 권면금액. 발행매수 /  등이 다른 여러 record 존재시 이용,
시장감시,TSVIIR00205,TSVIIR00205,수표입출금내역,DATA,12,계좌명,ACCOUNT_NAME,String,80,,띄어쓰기 없이 작성,
시장감시,TSVIIR00205,TSVIIR00205,수표입출금내역,DATA,13,입출금구분코드,MONEY IN-OUT_ / TYPE_CODE,String,1,,"0:입금, 1:출금",변경
시장감시,TSVIIR00205,TSVIIR00205,수표입출금내역,DATA,14,수표입출금액,CHECK_IN-OUT_ / AMOUNT,Float,22,,,
시장감시,TSVIIR00205,TSVIIR00205,수표입출금내역,DATA,15,발행일자,ISSUE_DATE,String,8,,YYYYMMDD,
시장감시,TSVIIR00205,TSVIIR00205,수표입출금내역,DATA,16,발행은행명,ISSUE_BANK_NAME,String,80,,‘**은행’ 형식으로 작성,
시장감시,TSVIIR00205,TSVIIR00205,수표입출금내역,DATA,17,발행점포명,ISSUE_STORE_NAME,String,80,,‘지점’은 생략,
시장감시,TSVIIR00205,TSVIIR00205,수표입출금내역,DATA,18,권면금액,FACE VALUE_ / AMOUNT,Float,22,,,
시장감시,TSVIIR00205,TSVIIR00205,수표입출금내역,DATA,19,발행매수,ISSUE COUNT,Long,16,,,
시장감시,TSVIIR00205,TSVIIR00205,수표입출금내역,DATA,20,수표번호,CHECK_NUMBER,String,200,,"번호가 순차적인 경우 ‘시작번호-끝번호‘  /  기재, 번호가 비순차적인 경우 ‘,’로 구분하여 /  건별 수표번호 기재 /  *고유번호앞의 권종표시(예, 바가123456)까지 표시",
시장감시,TSVIIR00205,TSVIIR00205,수표입출금내역,DATA,21,투자자대표계좌번호,INVESTOR  / REPRESENTATIVE_ / ACCOUNT_ / NUMBER,String,12,,,
시장감시,TSVIIR00205,TSVIIR00205,수표입출금내역,DATA,22,심리정보기타내용,INVESTIGATION_ / INFORMATION_ / MISCELLANEOUS_ / CONTENTS,String,200,,,
시장감시,TSVIIR00206,TSVIIR00206,이체입출금내역,DATA,1,메세지일련번호,MESSAGE_ / SEQUENCE NUMBER,Long,11,,메세지일련번호,
시장감시,TSVIIR00206,TSVIIR00206,이체입출금내역,DATA,2,트랜잭션코드,TRANSACTION_ / CODE,String,11,,TSVIIR00206,
시장감시,TSVIIR00206,TSVIIR00206,이체입출금내역,DATA,3,전송일자,TRANSMIT_DATE,String,8,,YYYYMMDD / 데이터 생성일자,
시장감시,TSVIIR00206,TSVIIR00206,이체입출금내역,DATA,4,시장ID,MARKET_ / IDENTIFICATION,String,3,,"STK : 유가증권, KSQ : 코스닥, KNX : 코넥스",
시장감시,TSVIIR00206,TSVIIR00206,이체입출금내역,DATA,5,2차자료요청일자,SECOND_DATA_ / REQUEST_DATE,String,8,,거래소의 요청일자(YYYYMMDD),
시장감시,TSVIIR00206,TSVIIR00206,이체입출금내역,DATA,6,회원번호,MEMBER_NUMBER,String,5,,,
시장감시,TSVIIR00206,TSVIIR00206,이체입출금내역,DATA,7,지점번호,BRANCH_NUMBER,String,5,,,
시장감시,TSVIIR00206,TSVIIR00206,이체입출금내역,DATA,8,계좌번호,ACCOUNT_NUMBER,String,12,,투자자대표계좌번호가 없는 경우  :매매시간중 거래소로 호가제출시 입력되는 계좌번호 / -투자자대표계좌번호가 있는 경우 /  :투자자대표계좌의 하위계좌의 계좌번호,
시장감시,TSVIIR00206,TSVIIR00206,이체입출금내역,DATA,9,거래일자,TRADING_DATE,String,8,,입출금 발생일 (YYYYMMDD),
시장감시,TSVIIR00206,TSVIIR00206,이체입출금내역,DATA,10,거래번호,TRANSACTION_ / NUMBER,Long,9,,,
시장감시,TSVIIR00206,TSVIIR00206,이체입출금내역,DATA,11,계좌명,ACCOUNT_NAME,String,80,,띄어쓰기 없이 작성,
시장감시,TSVIIR00206,TSVIIR00206,이체입출금내역,DATA,12,입출금구분코드,MONEY IN-OUT_ / TYPE_CODE,String,1,,"0:입금, 1:출금",변경
시장감시,TSVIIR00206,TSVIIR00206,이체입출금내역,DATA,13,상대은행명,COUNTERPART_ / BANK_NAME,String,80,,연계계좌로의 무통장입금시 송금은행명,
시장감시,TSVIIR00206,TSVIIR00206,이체입출금내역,DATA,14,상대은행점포명,COUNTERPART_ / BANK_STORE_NAME,String,80,,연계계좌로의 무통장입금시 송금은행점포명,
시장감시,TSVIIR00206,TSVIIR00206,이체입출금내역,DATA,15,상대은행계좌번호,COUNTERPART_ / BANK_ACCOUNT_ / NUMBER,String,20,,입금시 가상계좌(또는 사이버계좌)인 경우 / 모계좌로 입금한 상대방계좌 실제계좌 기재 / 연계계좌로의 무통장입금시에는 송금자의 / 주민번호,
시장감시,TSVIIR00206,TSVIIR00206,이체입출금내역,DATA,16,상대계좌명,COUNTERPART_ / ACCOUNT_NAME,String,80,,연계계좌로의 무통장입금시에는 송금자명,
시장감시,TSVIIR00206,TSVIIR00206,이체입출금내역,DATA,17,이체입출금액,TRANSFER_IN-OUT_ / AMOUNT,Float,22,,,
시장감시,TSVIIR00206,TSVIIR00206,이체입출금내역,DATA,18,투자자대표계좌번호,INVESTOR  / REPRESENTATIVE_ / ACCOUNT_NUMBER,String,12,,,
시장감시,TSVIIR00206,TSVIIR00206,이체입출금내역,DATA,19,심리정보기타내용,INVESTIGATION_ / INFORMATION_ / MISCELLANEOUS_ / CONTENTS,String,200,,,
시장감시,TSVIIR00207,TSVIIR00207,대체입출금내역,DATA,1,메세지일련번호,MESSAGE_ / SEQUENCE NUMBER,Long,11,,메세지일련번호,
시장감시,TSVIIR00207,TSVIIR00207,대체입출금내역,DATA,2,트랜잭션코드,TRANSACTION_ / CODE,String,11,,TSVIIR00207,
시장감시,TSVIIR00207,TSVIIR00207,대체입출금내역,DATA,3,전송일자,TRANSMIT_DATE,String,8,,YYYYMMDD / 데이터 생성일자,
시장감시,TSVIIR00207,TSVIIR00207,대체입출금내역,DATA,4,시장ID,MARKET_ / IDENTIFICATION,String,3,,"STK : 유가증권, KSQ : 코스닥, KNX : 코넥스",
시장감시,TSVIIR00207,TSVIIR00207,대체입출금내역,DATA,5,2차자료요청일자,SECOND_DATA_ / REQUEST_DATE,String,8,,거래소의 요청일자(YYYYMMDD),
시장감시,TSVIIR00207,TSVIIR00207,대체입출금내역,DATA,6,회원번호,MEMBER_NUMBER,String,5,,,
시장감시,TSVIIR00207,TSVIIR00207,대체입출금내역,DATA,7,지점번호,BRANCH_NUMBER,String,5,,,
시장감시,TSVIIR00207,TSVIIR00207,대체입출금내역,DATA,8,계좌번호,ACCOUNT_NUMBER,String,12,,투자자대표계좌번호가 없는 경우 :매매시간중 거래소로 호가제출시 입력되는 계좌번호 / -투자자대표계좌번호가 있는 경우 /  :투자자대표계좌의 하위계좌의 계좌번호,
시장감시,TSVIIR00207,TSVIIR00207,대체입출금내역,DATA,9,거래일자,TRADING_DATE,String,8,,입출금 발생일 (YYYYMMDD),
시장감시,TSVIIR00207,TSVIIR00207,대체입출금내역,DATA,10,거래번호,TRANSACTION_ / NUMBER,Long,9,,,
시장감시,TSVIIR00207,TSVIIR00207,대체입출금내역,DATA,11,계좌명,ACCOUNT_NAME,String,80,,띄어쓰기 없이 작성,
시장감시,TSVIIR00207,TSVIIR00207,대체입출금내역,DATA,12,입출금구분코드,MONEY IN-OUT_ / TYPE_CODE,String,1,,"0:입금, 1:출금",변경
시장감시,TSVIIR00207,TSVIIR00207,대체입출금내역,DATA,13,출처구분코드,SOURCE_TYPE_CODE,String,1,,"0:당사, 1:타사",
시장감시,TSVIIR00207,TSVIIR00207,대체입출금내역,DATA,14,상대회원번호,COUNTERPART_ / MEMBER_NUMBER,String,5,,,
시장감시,TSVIIR00207,TSVIIR00207,대체입출금내역,DATA,15,상대지점번호,COUNTERPART_ / BRANCH_NUMBER,String,5,,,
시장감시,TSVIIR00207,TSVIIR00207,대체입출금내역,DATA,16,상대계좌번호,COUNTERPART_ / ACCOUNT_NUMBER,String,12,,거래소나 협회(11자리)에서 사용하는 계좌 번호 사용,
시장감시,TSVIIR00207,TSVIIR00207,대체입출금내역,DATA,17,상대계좌명,COUNTERPART_ / ACCOUNT_NAME,String,80,,띄어쓰기 없이 작성,
시장감시,TSVIIR00207,TSVIIR00207,대체입출금내역,DATA,18,대체입출금액,ALTERNATION  / TRANSFER_IN-OUT_ / AMOUNT,Float,22,,,
시장감시,TSVIIR00207,TSVIIR00207,대체입출금내역,DATA,19,투자자대표계좌번호,INVESTOR / REPRESENTATIVE_ / ACCOUNT_NUMBER,String,12,,,
시장감시,TSVIIR00207,TSVIIR00207,대체입출금내역,DATA,20,심리정보기타내용,INVESTIGATION_ / INFORMATION_ / MISCELLANEOUS_ / CONTENTS,String,200,,,
시장감시,TSVIIR00208,TSVIIR00208,현금입출금내역,DATA,1,메세지일련번호,MESSAGE_ / SEQUENCE NUMBER,Long,11,,메세지일련번호,
시장감시,TSVIIR00208,TSVIIR00208,현금입출금내역,DATA,2,트랜잭션코드,TRANSACTION_ / CODE,String,11,,TSVIIR00208,
시장감시,TSVIIR00208,TSVIIR00208,현금입출금내역,DATA,3,전송일자,TRANSMIT_DATE,String,8,,YYYYMMDD / 데이터 생성일자,
시장감시,TSVIIR00208,TSVIIR00208,현금입출금내역,DATA,4,시장ID,MARKET_ / IDENTIFICATION,String,3,,"STK : 유가증권, KSQ : 코스닥, KNX : 코넥스",
시장감시,TSVIIR00208,TSVIIR00208,현금입출금내역,DATA,5,2차자료요청일자,SECOND_DATA_ / REQUEST_DATE,String,8,,거래소의 요청일자(YYYYMMDD),
시장감시,TSVIIR00208,TSVIIR00208,현금입출금내역,DATA,6,회원번호,MEMBER_NUMBER,String,5,,,
시장감시,TSVIIR00208,TSVIIR00208,현금입출금내역,DATA,7,지점번호,BRANCH_NUMBER,String,5,,,
시장감시,TSVIIR00208,TSVIIR00208,현금입출금내역,DATA,8,계좌번호,ACCOUNT_NUMBER,String,12,,투자자대표계좌번호가 없는 경우 /  :매매시간중 거래소로 호가제출시 입력되는  /   계좌번호 / -투자자대표계좌번호가 있는 경우 /  :투자자대표계좌의 하위계좌의 계좌번호,
시장감시,TSVIIR00208,TSVIIR00208,현금입출금내역,DATA,9,거래일자,TRADING_DATE,String,8,,입출금 발생일 (YYYYMMDD),
시장감시,TSVIIR00208,TSVIIR00208,현금입출금내역,DATA,10,거래번호,TRANSACTION_ / NUMBER,Long,9,,,
시장감시,TSVIIR00208,TSVIIR00208,현금입출금내역,DATA,11,계좌명,ACCOUNT_NAME,String,80,,띄어쓰기 없이 작성,
시장감시,TSVIIR00208,TSVIIR00208,현금입출금내역,DATA,12,입출금구분코드,MONEY IN-OUT_ / TYPE_CODE,String,1,,"0:입금, 1:출금",변경
시장감시,TSVIIR00208,TSVIIR00208,현금입출금내역,DATA,13,현금입출금액,CASH_IN-OUT_ / AMOUNT,Float,22,,,
시장감시,TSVIIR00208,TSVIIR00208,현금입출금내역,DATA,14,처리자번호,TRANSACTOR_ / NUMBER,String,10,,처리자의 사원번호 또는 관리번호,
시장감시,TSVIIR00208,TSVIIR00208,현금입출금내역,DATA,15,처리자명,TRANSACTOR_NAME,String,80,,띄어쓰기 없이 작성,
시장감시,TSVIIR00208,TSVIIR00208,현금입출금내역,DATA,16,투자자대표계좌번호,INVESTOR  / REPRESENTATIVE_ / ACCOUNT_NUMBER,String,12,,,
시장감시,TSVIIR00208,TSVIIR00208,현금입출금내역,DATA,17,심리정보기타내용,INVESTIGATION_ / INFORMATION_ / MISCELLANEOUS_ / CONTENTS,String,200,,,
시장감시,TSVIIR00209,TSVIIR00209,유가증권입출고내역(대체),DATA,1,메세지일련번호,MESSAGE_ / SEQUENCE NUMBER,Long,11,,메세지일련번호,
시장감시,TSVIIR00209,TSVIIR00209,유가증권입출고내역(대체),DATA,2,트랜잭션코드,TRANSACTION_ / CODE,String,11,,TSVIIR00209,
시장감시,TSVIIR00209,TSVIIR00209,유가증권입출고내역(대체),DATA,3,전송일자,TRANSMIT_DATE,String,8,,YYYYMMDD / 데이터 생성일자,
시장감시,TSVIIR00209,TSVIIR00209,유가증권입출고내역(대체),DATA,4,시장ID,MARKET_ / IDENTIFICATION,String,3,,"STK : 유가증권, KSQ : 코스닥, KNX : 코넥스",
시장감시,TSVIIR00209,TSVIIR00209,유가증권입출고내역(대체),DATA,5,2차자료요청일자,SECOND_DATA_ / REQUEST_DATE,String,8,,거래소의 요청일자(YYYYMMDD),
시장감시,TSVIIR00209,TSVIIR00209,유가증권입출고내역(대체),DATA,6,회원번호,MEMBER_NUMBER,String,5,,,
시장감시,TSVIIR00209,TSVIIR00209,유가증권입출고내역(대체),DATA,7,지점번호,BRANCH_NUMBER,String,5,,,
시장감시,TSVIIR00209,TSVIIR00209,유가증권입출고내역(대체),DATA,8,계좌번호,ACCOUNT_NUMBER,String,12,,투자자대표계좌번호가 없는 경우 /  :매매시간중 거래소로 호가제출시 입력되는 계좌번호 / -투자자대표계좌번호가 있는 경우 /  :투자자대표계좌의 하위계좌의 계좌번호,
시장감시,TSVIIR00209,TSVIIR00209,유가증권입출고내역(대체),DATA,9,거래일자,TRADING_DATE,String,8,,입출금 발생일 (YYYYMMDD),
시장감시,TSVIIR00209,TSVIIR00209,유가증권입출고내역(대체),DATA,10,거래번호,TRANSACTION / NUMBER,Long,9,,,
시장감시,TSVIIR00209,TSVIIR00209,유가증권입출고내역(대체),DATA,11,계좌명,ACCOUNT_NAME,String,80,,띄어쓰기 없이 작성,
시장감시,TSVIIR00209,TSVIIR00209,유가증권입출고내역(대체),DATA,12,입출고구분코드,SECURITIES IN-OUT_ / TYPE_CODE,String,1,,"0:입고, 1:출고",
시장감시,TSVIIR00209,TSVIIR00209,유가증권입출고내역(대체),DATA,13,출처구분코드,SOURCE_TYPE_CODE,String,1,,"0:당사, 1:타사",
시장감시,TSVIIR00209,TSVIIR00209,유가증권입출고내역(대체),DATA,14,상대회원번호,COUNTERPART_ / MEMBER_NUMBER,String,5,,,
시장감시,TSVIIR00209,TSVIIR00209,유가증권입출고내역(대체),DATA,15,상대지점번호,COUNTERPART_ / BRANCH_NUMBER,String,5,,,
시장감시,TSVIIR00209,TSVIIR00209,유가증권입출고내역(대체),DATA,16,상대계좌번호,COUNTERPART_ / ACCOUNT_NUMBER,String,12,,거래소나 협회(11자리)에서 사용하는 계좌 번호 사용,
시장감시,TSVIIR00209,TSVIIR00209,유가증권입출고내역(대체),DATA,17,상대계좌명,COUNTERPART_ / ACCOUNT_NAME,String,80,,,
시장감시,TSVIIR00209,TSVIIR00209,유가증권입출고내역(대체),DATA,18,거래종목코드,TRADING_ISSUE_CODE,String,12,,표준코드,
시장감시,TSVIIR00209,TSVIIR00209,유가증권입출고내역(대체),DATA,19,거래종목명,TRADING_ISSUE_NAME,String,80,,한글(단축) 종목명,
시장감시,TSVIIR00209,TSVIIR00209,유가증권입출고내역(대체),DATA,20,유가증권입출고수량,SECURITIES_ / SECURITIES  / IN-OUT_ / QUANTITY,Long,15,,길이변경 : 12  -> 15,
시장감시,TSVIIR00209,TSVIIR00209,유가증권입출고내역(대체),DATA,21,투자자대표계좌번호,INVESTOR  / REPRESENTATIVE_ / ACCOUNT_NUMBER,String,12,,,
시장감시,TSVIIR00209,TSVIIR00209,유가증권입출고내역(대체),DATA,22,심리정보기타내용,INVESTIGATION_ / INFORMATION_ / MISCELLANEOUS_ / CONTENTS,String,200,,,
시장감시,TSVIIR00210,TSVIIR00210,유가증권입출고내역(실물),DATA,1,메세지일련번호,MESSAGE_ / SEQUENCE NUMBER,Long,11,,메세지일련번호,
시장감시,TSVIIR00210,TSVIIR00210,유가증권입출고내역(실물),DATA,2,트랜잭션코드,TRANSACTION_ / CODE,String,11,,TSVIIR00210,
시장감시,TSVIIR00210,TSVIIR00210,유가증권입출고내역(실물),DATA,3,전송일자,TRANSMIT_DATE,String,8,,YYYYMMDD / 데이터 생성일자,
시장감시,TSVIIR00210,TSVIIR00210,유가증권입출고내역(실물),DATA,4,시장ID,MARKET_ / IDENTIFICATION,String,3,,"STK : 유가증권, KSQ : 코스닥, KNX : 코넥스",
시장감시,TSVIIR00210,TSVIIR00210,유가증권입출고내역(실물),DATA,5,2차자료요청일자,SECOND_DATA / _REQUEST_DATE,String,8,,거래소의 요청일자(YYYYMMDD),
시장감시,TSVIIR00210,TSVIIR00210,유가증권입출고내역(실물),DATA,6,회원번호,MEMBER_NUMBER,String,5,,,
시장감시,TSVIIR00210,TSVIIR00210,유가증권입출고내역(실물),DATA,7,지점번호,BRANCH_NUMBER,String,5,,,
시장감시,TSVIIR00210,TSVIIR00210,유가증권입출고내역(실물),DATA,8,계좌번호,ACCOUNT_NUMBER,String,12,,투자자대표계좌번호가 없는 경우 /  :매매시간중 거래소로 호가제출시 입력되는  /   계좌번호 / -투자자대표계좌번호가 있는 경우 /  :투자자대표계좌의 하위계좌의 계좌번호,
시장감시,TSVIIR00210,TSVIIR00210,유가증권입출고내역(실물),DATA,9,거래일자,TRADING_DATE,String,8,,입출고 발생일 (YYYYMMDD),
시장감시,TSVIIR00210,TSVIIR00210,유가증권입출고내역(실물),DATA,10,거래번호,TRANSACTION / NUMBER,String,9,,,
시장감시,TSVIIR00210,TSVIIR00210,유가증권입출고내역(실물),DATA,11,일련번호,SEQUENCE NUMBER,Long,11,,동일 거래번호 내에 권면금액. 발행매수 /  등이 다른 여러 record 존재시 이용,
시장감시,TSVIIR00210,TSVIIR00210,유가증권입출고내역(실물),DATA,12,계좌명,ACCOUNT_NAME,String,80,,띄어쓰기 없이 작성,
시장감시,TSVIIR00210,TSVIIR00210,유가증권입출고내역(실물),DATA,13,입출고구분코드,SECURITIES  / IN-OUT_TYPE_CODE,String,1,,"0:입고, 1:출고",
시장감시,TSVIIR00210,TSVIIR00210,유가증권입출고내역(실물),DATA,14,거래종목코드,TRADING_ISSUE_ / CODE,String,12,,표준코드,
시장감시,TSVIIR00210,TSVIIR00210,유가증권입출고내역(실물),DATA,15,거래종목명,TRADING_ISSUE_ / NAME,String,80,,한글(단축) 종목명,
시장감시,TSVIIR00210,TSVIIR00210,유가증권입출고내역(실물),DATA,16,유가증권입출고수량,SECURITIES_ / SECURITIES  / IN-OUT_QUANTITY,Long,15,,길이변경 12 -> 15,
시장감시,TSVIIR00210,TSVIIR00210,유가증권입출고내역(실물),DATA,17,유가증권입출고회차,SECURITIES_ / SECURITIES  / IN-OUT_ROUND,Long,6,,주식발행 회차,
시장감시,TSVIIR00210,TSVIIR00210,유가증권입출고내역(실물),DATA,18,권종구분코드,UNIT OF BOND_ / TYPE_CODE,String,1,,"코드 참조(채권도 포함) /  1:1주,   2:5주,   3:10주,  4:50주,   5:100주,    /  6:500주, 7:1000주, 8:10000주, 9:기타",
시장감시,TSVIIR00210,TSVIIR00210,유가증권입출고내역(실물),DATA,19,주권번호,STOCK  / CERTIFICATE_ / NUMBER,String,200,,"번호가 순차적인 경우 ‘시작번호-끝번호‘  /  기재, 번호가 비순차적인 경우 ‘,’로 구분하여 /  건별 수표번호 기재",
시장감시,TSVIIR00210,TSVIIR00210,유가증권입출고내역(실물),DATA,20,투자자대표계좌번호,INVESTOR  / REPRESENTATIVE_ / ACCOUNT_NUMBER,String,12,,,
시장감시,TSVIIR00210,TSVIIR00210,유가증권입출고내역(실물),DATA,21,심리정보기타내용,INVESTIGATION_ / INFORMATION_ / MISCELLANEOUS_ / CONTENTS,String,200,,,
시장감시,TSVIIR00211,TSVIIR00211,계좌관리자기본정보,DATA,1,메세지일련번호,MESSAGE_ / SEQUENCE NUMBER,Long,11,,메세지일련번호,
시장감시,TSVIIR00211,TSVIIR00211,계좌관리자기본정보,DATA,2,트랜잭션코드,TRANSACTION_ / CODE,String,11,,TSVIIR00211,
시장감시,TSVIIR00211,TSVIIR00211,계좌관리자기본정보,DATA,3,전송일자,TRANSMIT_DATE,String,8,,YYYYMMDD / 데이터 생성일자,
시장감시,TSVIIR00211,TSVIIR00211,계좌관리자기본정보,DATA,4,시장ID,MARKET_ / IDENTIFICATION,String,3,,"STK : 유가증권, KSQ : 코스닥, KNX : 코넥스",
시장감시,TSVIIR00211,TSVIIR00211,계좌관리자기본정보,DATA,5,요청일자,REQUEST_DATE,String,8,,거래소의 요청일자(YYYYMMDD),
시장감시,TSVIIR00211,TSVIIR00211,계좌관리자기본정보,DATA,6,회원번호,MEMBER_NUMBER,String,5,,,
시장감시,TSVIIR00211,TSVIIR00211,계좌관리자기본정보,DATA,7,지점번호,BRANCH_NUMBER,String,5,,,
시장감시,TSVIIR00211,TSVIIR00211,계좌관리자기본정보,DATA,8,계좌번호,ACCOUNT_NUMBER,String,12,,투자자대표계좌번호가 없는 경우 /  :매매시간중 거래소로 호가제출시 입력되는 계좌번호 / -투자자대표계좌번호가 있는 경우 /  :투자자대표계좌의 하위계좌의 계좌번호,
시장감시,TSVIIR00211,TSVIIR00211,계좌관리자기본정보,DATA,9,계좌관리자번호,ACCOUNT_ / MANAGER_NUMBER,String,10,,,
시장감시,TSVIIR00211,TSVIIR00211,계좌관리자기본정보,DATA,10,관리기간시작일자,ADMINISTRATIVE_ / PERIOD_START_ / DATE,String,8,,YYYYMMDD,
시장감시,TSVIIR00211,TSVIIR00211,계좌관리자기본정보,DATA,11,관리기간종료일자,ADMINISTRATIVE_ / PERIOD_END_DATE,String,8,,YYYYMMDD,
시장감시,TSVIIR00211,TSVIIR00211,계좌관리자기본정보,DATA,12,계좌관리자구분코드,ACCOUNT_ / MANAGER_TYPE_ / CODE,String,1,,"1:직원  2:투자상담사, 3:기타",변경
시장감시,TSVIIR00211,TSVIIR00211,계좌관리자기본정보,DATA,13,성명,NAME,String,80,,띄어쓰기 없이 작성,
시장감시,TSVIIR00211,TSVIIR00211,계좌관리자기본정보,DATA,14,주민등록번호,RESIDENT_ / REGISTRATION_ / NUMBER,String,20,,‘-’ 없이 작성,
시장감시,TSVIIR00211,TSVIIR00211,계좌관리자기본정보,DATA,15,주소,ADDRESS,String,200,,,
시장감시,TSVIIR00211,TSVIIR00211,계좌관리자기본정보,DATA,16,투자자대표계좌번호,INVESTOR  / REPRESENTATIVE_ / ACCOUNT_NUMBER,String,12,,,
시장감시,TSVIIR00212,TSVIIR00212,거래시각별 매매내역,DATA,1,메세지일련번호,MESSAGE_ / SEQUENCE NUMBER,Long,11,,메세지일련번호,
시장감시,TSVIIR00212,TSVIIR00212,거래시각별 매매내역,DATA,2,트랜잭션코드,TRANSACTION_ / CODE,String,11,,TSVIIR00212,
시장감시,TSVIIR00212,TSVIIR00212,거래시각별 매매내역,DATA,3,전송일자,TRANSMIT_DATE,String,8,,YYYYMMDD / 데이터 생성일자,
시장감시,TSVIIR00212,TSVIIR00212,거래시각별 매매내역,DATA,4,시장ID,MARKET_ / IDENTIFICATION,String,3,,"STK : 유가증권, KSQ : 코스닥, KNX : 코넥스",
시장감시,TSVIIR00212,TSVIIR00212,거래시각별 매매내역,DATA,5,2차자료요청일자,SECOND_DATA_ / REQUEST_DATE,String,8,,거래소의 요청일자(YYYYMMDD),
시장감시,TSVIIR00212,TSVIIR00212,거래시각별 매매내역,DATA,6,회원번호,MEMBER_NUMBER,String,5,,,
시장감시,TSVIIR00212,TSVIIR00212,거래시각별 매매내역,DATA,7,지점번호,BRANCH_NUMBER,String,5,,,
시장감시,TSVIIR00212,TSVIIR00212,거래시각별 매매내역,DATA,8,계좌번호,ACCOUNT_NUMBER,String,12,,투자자대표계좌번호가 없는 경우 /  :매매시간중 거래소로 호가제출시 입력되는 계좌번호 / -투자자대표계좌번호가 있는 경우 /  :투자자대표계좌의 하위계좌의 계좌번호,
시장감시,TSVIIR00212,TSVIIR00212,거래시각별 매매내역,DATA,9,거래일자,TRADING_DATE,String,8,,"거래발생일, 매매인 경우 결제일(YYYYMMDD)",
시장감시,TSVIIR00212,TSVIIR00212,거래시각별 매매내역,DATA,10,거래번호,TRANSACTION_ / NUMBER,Long,9,,,
시장감시,TSVIIR00212,TSVIIR00212,거래시각별 매매내역,DATA,11,거래시각,TRANSACTION_ / TIME,String,9,,매매일 거래시간,
시장감시,TSVIIR00212,TSVIIR00212,거래시각별 매매내역,DATA,12,고객계좌거래구분코드,CUSTOMER_ / ACCOUNT_ / TRADING_TYPE_ / CODE,String,1,,0:보통 1:신용 2:저축 3:상품,
시장감시,TSVIIR00212,TSVIIR00212,거래시각별 매매내역,DATA,13,원장거래구분코드,BOOK_TRADING_ / TYPE_CODE,String,5,,"원장거래구분 코드참조(11110,11120,11210,11220에 해당하는 사항만 전송)",
시장감시,TSVIIR00212,TSVIIR00212,거래시각별 매매내역,DATA,14,계좌명,ACCOUNT_NAME,String,80,,띄어쓰기 없이 작성,
시장감시,TSVIIR00212,TSVIIR00212,거래시각별 매매내역,DATA,15,주민등록번호,RESIDENT_ / REGISTRATION_ / NUMBER,String,20,,법인은 사업자등록번호 /  외국인은 외국인 투자등록번호 /  ‘-’ 없이 작성,
시장감시,TSVIIR00212,TSVIIR00212,거래시각별 매매내역,DATA,16,거래종목코드,TRADING_ / ISSUE_CODE,String,12,,표준코드,
시장감시,TSVIIR00212,TSVIIR00212,거래시각별 매매내역,DATA,17,거래종목명,TRADING_ / ISSUE_NAME,String,80,,한글(단축) 종목명,
시장감시,TSVIIR00212,TSVIIR00212,거래시각별 매매내역,DATA,18,체결수량,TRADING VOLUMN,Long,10,,"단위: 1원(주식), 1포인트(선물,옵션) /  * 매매시 매매가격, 출납시 출납가격",
시장감시,TSVIIR00212,TSVIIR00212,거래시각별 매매내역,DATA,19,거래단가,TRADING_UNIT PRICE,Long,13,,"단위 : 원 /  * 매매시 매매가격, 출납시 출납가격",
시장감시,TSVIIR00212,TSVIIR00212,거래시각별 매매내역,DATA,20,거래대금,TRADING VALUE,Float,22,,단위 : 원 /  * 총거래금액,
시장감시,TSVIIR00212,TSVIIR00212,거래시각별 매매내역,DATA,21,수수료,FEE,Float,22,,,
시장감시,TSVIIR00212,TSVIIR00212,거래시각별 매매내역,DATA,22,농특세,SPECIAL TAX FOR / RURAL  / DEVELOPMENT,Float,22,,,
시장감시,TSVIIR00212,TSVIIR00212,거래시각별 매매내역,DATA,23,거래세,TRANSACTION TAX,Float,22,,,
시장감시,TSVIIR00212,TSVIIR00212,거래시각별 매매내역,DATA,24,소득세,INCOME TAX,Float,22,,,
시장감시,TSVIIR00212,TSVIIR00212,거래시각별 매매내역,DATA,25,주민세,INHABITANT TAX,Float,22,,,
시장감시,TSVIIR00213,TSVIIR00213,주문매체정보,DATA,1,메세지일련번호,MESSAGE_ / SEQUENCE NUMBER,Long,11,,메세지일련번호,
시장감시,TSVIIR00213,TSVIIR00213,주문매체정보,DATA,2,트랜잭션코드,TRANSACTION_ / CODE,String,11,,TSVIIR00213,
시장감시,TSVIIR00213,TSVIIR00213,주문매체정보,DATA,3,전송일자,TRANSMIT_DATE,String,8,,YYYYMMDD / 데이터 생성일자,
시장감시,TSVIIR00213,TSVIIR00213,주문매체정보,DATA,4,시장ID,MARKET_ / IDENTIFICATION,String,3,,"STK : 유가증권, KSQ : 코스닥, KNX : 코넥스",
시장감시,TSVIIR00213,TSVIIR00213,주문매체정보,DATA,5,2차자료요청일자,SECOND_DATA / _REQUEST_DATE,String,8,,거래소의 요청일자(YYYYMMDD),
시장감시,TSVIIR00213,TSVIIR00213,주문매체정보,DATA,6,회원번호,MEMBER_NUMBER,String,5,,,
시장감시,TSVIIR00213,TSVIIR00213,주문매체정보,DATA,7,지점번호,BRANCH_NUMBER,String,5,,,
시장감시,TSVIIR00213,TSVIIR00213,주문매체정보,DATA,8,계좌번호,ACCOUNT_NUMBER,String,12,,투자자대표계좌번호가 없는 경우 /  :매매시간중 거래소로 호가제출시 입력되는  /   계좌번호 / -투자자대표계좌번호가 있는 경우 /  :투자자대표계좌의 하위계좌의 계좌번호,
시장감시,TSVIIR00213,TSVIIR00213,주문매체정보,DATA,9,주문일자,ORDER_DATE,String,8,,,
시장감시,TSVIIR00213,TSVIIR00213,주문매체정보,DATA,10,주문번호,ORDER_NUMBER,Long,10,,주문시스템에서 부여한 주문번호,
시장감시,TSVIIR00213,TSVIIR00213,주문매체정보,DATA,11,종목코드,ISSUE_CODE,String,12,,현물/파생/채권/REPO 통합상품의 종목 코드(ISIN종목코드),
시장감시,TSVIIR00213,TSVIIR00213,주문매체정보,DATA,12,종목명,ISSUE_NAME,String,40,,,
시장감시,TSVIIR00213,TSVIIR00213,주문매체정보,DATA,13,매도수구분,ASKBID_TYPE,String,1,,"1:매도, 2:매수",
시장감시,TSVIIR00213,TSVIIR00213,주문매체정보,DATA,14,정정/취소 구분,MODIFY OR CALCEL TYPE,String,1,,"0:정상, 1:정정, 2:취소",
시장감시,TSVIIR00213,TSVIIR00213,주문매체정보,DATA,15,원주문번호,ORIGINAL_ORDER_NUMBER,Long,10,,"정정/취소대상 주문번호, 정상인 경우 0 으로 입력",
시장감시,TSVIIR00213,TSVIIR00213,주문매체정보,DATA,16,호가수량,ORDER_QUANTITY,Long,10,,,
시장감시,TSVIIR00213,TSVIIR00213,주문매체정보,DATA,17,호가가격,ORDER_PRICE,Long,18,,,
시장감시,TSVIIR00213,TSVIIR00213,주문매체정보,DATA,18,주문시각,ORDER_TIME,String,6,,,
시장감시,TSVIIR00213,TSVIIR00213,주문매체정보,DATA,19,주문매체구분코드,ORD_MEDIA_TP_CD,String,1,,"1 영업점단말 : 주문용단말, 비상주문단말, LP주문 / 2 유선단말 : 음성전화 / 3 무선단말 : 휴대폰, 스마트폰, PDA 등 / 4 HTS : 고객PC, 객장/사이버룸 단말 등 / 8 채권딜러서버 / 9 기타 : 특정위탁자전용주문(통칭 DMA), 반대매매, 선물옵션 주문, K-BLOX 등",
시장감시,TSVIIR00213,TSVIIR00213,주문매체정보,DATA,20,IP주소,IP_ADDRESS,String,12,,,
시장감시,TSVIIR00213,TSVIIR00213,주문매체정보,DATA,21,예약주문접수일자,RESERV_ORD_ACPT_TDD,String,8,,,
시장감시,TSVIIR00311,TSVIIR00311,파생심리 계좌기본정보,DATA,1,메세지일련번호,MESSAGE_ / SEQUENCE NUMBER,Long,11,,메세지일련번호,
시장감시,TSVIIR00311,TSVIIR00311,파생심리 계좌기본정보,DATA,2,트랜잭션코드,TRANSACTION_ / CODE,String,11,,TSVIIR00311,
시장감시,TSVIIR00311,TSVIIR00311,파생심리 계좌기본정보,DATA,3,전송일자,TRANSMIT_DATE,String,8,,YYYYMMDD / 데이터 생성일자,
시장감시,TSVIIR00311,TSVIIR00311,파생심리 계좌기본정보,DATA,4,시장ID,MARKET_ / IDENTIFICATION,String,3,,별첨-KRX 차세대 상품 ID체계 참고,
시장감시,TSVIIR00311,TSVIIR00311,파생심리 계좌기본정보,DATA,5,회원번호,MEMBER_NUMBER,String,5,,,
시장감시,TSVIIR00311,TSVIIR00311,파생심리 계좌기본정보,DATA,6,시각,TIME,String,8,,예) 12000000(12시 정각),
시장감시,TSVIIR00311,TSVIIR00311,파생심리 계좌기본정보,DATA,7,요청일자,REQUEST_DATE,String,8,,"YYYYMMDD /  (요청시의 ""거래소->회원사"" 요청일자)",
시장감시,TSVIIR00311,TSVIIR00311,파생심리 계좌기본정보,DATA,8,제출일자,SUBMIT_DATE,String,8,,YYYYMMDD,
시장감시,TSVIIR00311,TSVIIR00311,파생심리 계좌기본정보,DATA,9,심리대상개시일자,INVESTIGATION_ / OBJECT_START_ / DATE,String,8,,YYYYMMDD,
시장감시,TSVIIR00311,TSVIIR00311,파생심리 계좌기본정보,DATA,10,심리대상종료일자,INVESTIGATION_ / OBJECT_END_ / DATE,String,8,,YYYYMMDD,
시장감시,TSVIIR00311,TSVIIR00311,파생심리 계좌기본정보,DATA,11,지점번호,BRANCH_NUMBER,String,5,,,
시장감시,TSVIIR00311,TSVIIR00311,파생심리 계좌기본정보,DATA,12,계좌번호,ACCOUNT_NUMBER,String,12,,매매시간중 회원사가 거래소로 호가제출시 입력되는 계좌번호,
시장감시,TSVIIR00311,TSVIIR00311,파생심리 계좌기본정보,DATA,13,계좌명,ACCOUNT_NAME,String,80,,"개인:실명, 법인:법인명 (띄어쓰기 없이 작성)",
시장감시,TSVIIR00311,TSVIIR00311,파생심리 계좌기본정보,DATA,14,주식연계계좌번호,STOCK_LINK_ / ACCOUNT_NUMBER,String,12,,대용증권으로 현물을 사용하는 경우 등  / 주식연계계좌번호,
시장감시,TSVIIR00311,TSVIIR00311,파생심리 계좌기본정보,DATA,15,주민등록번호,RESIDENT_ / REGISTRATION_ / NUMBER,String,20,,"하이픈 빼고 왼쪽부터 채움 (예:1234567890123) / 개인: 주민등록번호, 법인: 사업자등록번호,  / 외국인: 외국인투자등록번호",
시장감시,TSVIIR00311,TSVIIR00311,파생심리 계좌기본정보,DATA,16,국가코드,COUNTRY_CODE,String,3,,"* 국가코드표 참조 ISO3166-1적용 (Number-3) 없으면 거부 /   - ISO에 없는 코드 추가 : 997, 998, 999 (대한민국국민인해외영주권자, 국제기구, 기타) /   - 기존코드에는 분류되어 있으나 ISO에는 구분없는 코드 신규 생성 : 991, 992 (말레이지아 라부안, 채널아일랜드) /  / * 정정, 취소호가는 SPACE로 입력",
시장감시,TSVIIR00311,TSVIIR00311,파생심리 계좌기본정보,DATA,17,투자자구분코드,INVESTOR_ / TYPE_CODE,String,4,,"1000 금융투자회사 / 2000 보험회사 / 3000 자산운용회사 및 투자회사 / 3100 사모펀드 / 4000 은행 (자산운용회사의 신탁재산은 자산운용회사로 분류) / 5000 기타금융 / 6000 연금, 기금 및 공제회 / 7000 국가, 지자체 국제기구 및 공익기관 / 7100 기타법인 / 8000 개인 /  / * 7100 : 기존 7000번 분류를 세분화하여 추가확정  / * 파생 : 3100 사용불가 /   --> 기타 투자자분류코드(예 : 3000, 7100 등)에 맞게 입력함 / * 정정, 취소호가는 SPACE로 입",
시장감시,TSVIIR00311,TSVIIR00311,파생심리 계좌기본정보,DATA,18,외국인투자자구분코드,FOREIGN  / INVESTOR_ / TYPE_CODE,String,2,,"1) 현물 / 00 외국인아님 / (10 외국인(거주)) /   11 식별번호 있는 외국인 (거주) /   12 식별번호 없는 외국인 (거주) / (20 외국인(비거주)) /   21 식별번호 있는 외국인 (비거주) /   22 식별번호 없는 외국인 (비거주) /  / 2) 파생상품 / 00 외국인아님 / 10 외국인(거주) / 20 외국인(비거주) /  / * 정정, 취소호가는 SPACE로 입력 / * 정정의 경우 원호가의 정보와 동일한 것으로 인정함",
시장감시,TSVIIR00311,TSVIIR00311,파생심리 계좌기본정보,DATA,19,외국인고유번호,FOREIGN  / UNIQUE_NUMBER,String,20,,감독원에서 외국인 투자자에게 부여한 번호,
시장감시,TSVIIR00311,TSVIIR00311,파생심리 계좌기본정보,DATA,20,외국인투자구분,FOREIGN  / INVESTOR_TYPE,String,1,,"0:해당사항없음, 1:주식, 2:채권, 3:CD",
시장감시,TSVIIR00311,TSVIIR00311,파생심리 계좌기본정보,DATA,21,위탁자기구분코드,TRUST_PRINCIPAL_ / TYPE_CODE,String,2,,1)현물 / 10 위탁매매 / 30 자기매매 /  / 2)파생상품 /   11 위탁거래 /   12 위탁주선거래 /   13 회원의 위탁거래  /   31 호가입력회원의 자기거래 /  / 3)채권 / 10 위탁매매 / 30 자기매매 / 33 매도대행사 반대매도 /  / * 현물 /  - 자기매매 : 증권업자가 자기계정으로 매매하는 경우 /  - 위탁매매 : 자기매매가 아닌 경우 / * 파생 /   - 신탁업 및 집합투자업을 겸영하는 투자매매업자의 신탁거래 및 집합투자거래는 위탁거래로 입력함 / * 취소호가는 SPACE로 입력 / *,
시장감시,TSVIIR00311,TSVIIR00311,파생심리 계좌기본정보,DATA,22,계좌관리자번호,ACCOUNT_ / MANAGER_NUMBER,String,10,,,
시장감시,TSVIIR00311,TSVIIR00311,파생심리 계좌기본정보,DATA,23,계좌개설일자,ACCOUNT_ / OPENING_DATE,String,8,,YYYYMMDD,
시장감시,TSVIIR00311,TSVIIR00311,파생심리 계좌기본정보,DATA,24,계좌상태코드,ACCOUNT_STATUS_ / CODE,String,1,,"0:정상, 1:폐쇄",
시장감시,TSVIIR00311,TSVIIR00311,파생심리 계좌기본정보,DATA,25,계좌폐쇄일자,ACCOUNT_ / CLOSING_DATE,String,8,,YYYYMMDD,
시장감시,TSVIIR00311,TSVIIR00311,파생심리 계좌기본정보,DATA,26,폐쇄부활일자,CLOSING_ / REVIVAL_DATE,String,8,,YYYYMMDD,
시장감시,TSVIIR00311,TSVIIR00311,파생심리 계좌기본정보,DATA,27,최종거래일자,LAST TRADING_ / DATE,String,8,,YYYYMMDD,
시장감시,TSVIIR00311,TSVIIR00311,파생심리 계좌기본정보,DATA,28,거래과세구분코드,TRADING_TAX_ / TYPE_CODE,String,1,,"0:과세, 1:비과세",
시장감시,TSVIIR00311,TSVIIR00311,파생심리 계좌기본정보,DATA,29,배당과세구분코드,DIVIDEND_TAX_ / TYPE_CODE,String,1,,"0:과세, 1:비과세",
시장감시,TSVIIR00311,TSVIIR00311,파생심리 계좌기본정보,DATA,30,출금출고정지구분코드,WITHDRAWAL_ / DELIVERY_STOP_ / TYPE_CODE,String,1,,"0:정상, 1:사고",
시장감시,TSVIIR00311,TSVIIR00311,파생심리 계좌기본정보,DATA,31,실명확인여부,REAL_NAME_ / CONFIRMATION_YN,String,1,,"0:실명확인, 1:비실명",
시장감시,TSVIIR00311,TSVIIR00311,파생심리 계좌기본정보,DATA,32,실명확인일자,REAL_NAME_ / CONFIRMATION_DATE,String,8,,,
시장감시,TSVIIR00311,TSVIIR00311,파생심리 계좌기본정보,DATA,33,총예수금,TOTAL_DEPOSIT,Float,22,,,
시장감시,TSVIIR00311,TSVIIR00311,파생심리 계좌기본정보,DATA,34,신용계좌구분코드,CREDIT_ACCOUNT_ / TYPE_CODE,String,1,,"0:보통계좌, 1:신용계좌, 9기타",
시장감시,TSVIIR00311,TSVIIR00311,파생심리 계좌기본정보,DATA,35,신용개설일자,CREDIT_OPENING_ / DATE,String,8,,신용계좌 개설일자(YYYYMMDD),
시장감시,TSVIIR00311,TSVIIR00311,파생심리 계좌기본정보,DATA,36,신용해지일자,CREDIT_CLOSING_ / DATE,String,8,,,
시장감시,TSVIIR00311,TSVIIR00311,파생심리 계좌기본정보,DATA,37,증거금징수여부,MARGIN_ / COLLECTION_YN,String,1,,"0:징수, 1:미징수",
시장감시,TSVIIR00311,TSVIIR00311,파생심리 계좌기본정보,DATA,38,카드발급구분,CARD_ISSUE_ / TYPE_CODE,String,1,,"0:미발급, 1:발급",
시장감시,TSVIIR00311,TSVIIR00311,파생심리 계좌기본정보,DATA,39,카드발급횟수,CARD_ISSUE_ / COUNT,String,6,,,
시장감시,TSVIIR00311,TSVIIR00311,파생심리 계좌기본정보,DATA,40,은행명,BANK_NAME,String,80,,2개 이상인 경우 대표은행 1개만 명시,
시장감시,TSVIIR00311,TSVIIR00311,파생심리 계좌기본정보,DATA,41,은행계좌번호,BANK_ACCOUNT_ / NUMBER,String,20,,대표계좌(연계입출금계좌 또는 실질적인 입출금이 발생하는 계좌) 1개만 명시,
시장감시,TSVIIR00311,TSVIIR00311,파생심리 계좌기본정보,DATA,42,수관일자,TAKE_CONTROL_ / DATE,String,8,,YYYYMMDD,
시장감시,TSVIIR00311,TSVIIR00311,파생심리 계좌기본정보,DATA,43,수관계좌번호,TAKE_CONTROL_ / ACCOUNT_NUMBER,String,12,,,
시장감시,TSVIIR00311,TSVIIR00311,파생심리 계좌기본정보,DATA,44,수관지점명,TAKE_CONTROL_ / BRANCH_NAME,String,80,,,
시장감시,TSVIIR00311,TSVIIR00311,파생심리 계좌기본정보,DATA,45,이관일자,TRANSFER_DATE,String,8,,YYYYMMDD,
시장감시,TSVIIR00311,TSVIIR00311,파생심리 계좌기본정보,DATA,46,이관계좌번호,TRANSFER OF / CONTROL_DATE,String,12,,,
시장감시,TSVIIR00311,TSVIIR00311,파생심리 계좌기본정보,DATA,47,이관지점명,TRANSFER OF / CONTROL_ / ACCOUNT_NUMBER,String,80,,,
시장감시,TSVIIR00311,TSVIIR00311,파생심리 계좌기본정보,DATA,48,직장명,TRANSFER OF / CONTROL_ / BRANCH_NAME,String,80,,,
시장감시,TSVIIR00311,TSVIIR00311,파생심리 계좌기본정보,DATA,49,자택전화번호,HOME_ / TELEPHONE  / NUMBER_NUMBER,String,20,,"지역번호, 국번호 명기(왼쪽부터 채움)",
시장감시,TSVIIR00311,TSVIIR00311,파생심리 계좌기본정보,DATA,50,휴대폰번호,CELLULAR  / PHONE_NUMBER,String,20,,(왼쪽부터 채움),
시장감시,TSVIIR00311,TSVIIR00311,파생심리 계좌기본정보,DATA,51,직장전화번호,COMPANY_ / TELEPHONE  / NUMBER_NUMBER,String,20,,"지역번호, 국번호 명기(왼쪽부터 채움)",
시장감시,TSVIIR00311,TSVIIR00311,파생심리 계좌기본정보,DATA,52,자택우편번호,HOME_ZIP_CODE,String,6,,-' 없이 작성,
시장감시,TSVIIR00311,TSVIIR00311,파생심리 계좌기본정보,DATA,53,자택주소,HOME_ADDRESS,String,200,,,
시장감시,TSVIIR00311,TSVIIR00311,파생심리 계좌기본정보,DATA,54,원장통보지구분코드,BOOK_NOTICE / LOCATION_TYPE_ / CODE,String,1,,"0:자택, 1:직장, 2:불원, 3:기타",
시장감시,TSVIIR00311,TSVIIR00311,파생심리 계좌기본정보,DATA,55,잔고통보지구분코드,BALANCE_ / NOTICE  / LOCATION_ / TYPE_CODE,String,1,,"0:자택, 1:직장, 2:불원, 3:기타",
시장감시,TSVIIR00311,TSVIIR00311,파생심리 계좌기본정보,DATA,56,내외국인구분코드,DOMESTIC AND  / FOREIGN  / NATIONAL_ / TYPE_CODE,String,1,,"0:내국인, 1:외국인, 2:내국인대우회국인",
시장감시,TSVIIR00311,TSVIIR00311,파생심리 계좌기본정보,DATA,57,여권번호,PASSPORT_NUMBER,String,13,,,
시장감시,TSVIIR00311,TSVIIR00311,파생심리 계좌기본정보,DATA,58,미상환금액,NOT_REDEEMED_ / AMOUNT,Float,22,,,
시장감시,TSVIIR00311,TSVIIR00311,파생심리 계좌기본정보,DATA,59,신용이자미납금액,CREDIT_INTEREST_ / UNPAYMENT_ / AMOUNT,Float,22,,,
시장감시,TSVIIR00311,TSVIIR00311,파생심리 계좌기본정보,DATA,60,미상환융자금액,NOT REDEEMED_ / LOAN_AMOUNT,Float,22,,,
시장감시,TSVIIR00311,TSVIIR00311,파생심리 계좌기본정보,DATA,61,기타대여금액,MISCELLANEOUS_ / LOAN_AMOUNT,Float,22,,,
시장감시,TSVIIR00311,TSVIIR00311,파생심리 계좌기본정보,DATA,62,기타수표금액,MISCELLANEOUS_ / CHECK_AMOUNT,Float,22,,,
시장감시,TSVIIR00311,TSVIIR00311,파생심리 계좌기본정보,DATA,63,신용거래설정보증금,MARGIN  / TRANSACTION_ / ESTABLISHMENT_ / REQUIREMENT / AMOUNT,Float,22,,,
시장감시,TSVIIR00311,TSVIIR00311,파생심리 계좌기본정보,DATA,64,대용금합계금액,SUBSTITUTE_ / AMOUNT_  / AGGREGATION_ / AMOUNT,Float,22,,,
시장감시,TSVIIR00311,TSVIIR00311,파생심리 계좌기본정보,DATA,65,반송회수,RETURN_COUNT,Long,16,,모든 경우 합산한 횟수,
시장감시,TSVIIR00311,TSVIIR00311,파생심리 계좌기본정보,DATA,66,실제계좌번호,ORIGINAL_ / ACCOUNT_NUMBER,String,12,,고객이 실제 사용하는 계좌번호,
시장감시,TSVIIR00311,TSVIIR00311,파생심리 계좌기본정보,DATA,67,이메일,EMAIL,String,100,,,
시장감시,TSVIIR00311,TSVIIR00311,파생심리 계좌기본정보,DATA,68,가상계좌은행명,ASSUMPTION_ / ACCOUNT_BANK_ / NAME,String,20,,,
시장감시,TSVIIR00311,TSVIIR00311,파생심리 계좌기본정보,DATA,69,가상계좌번호,ASSUMPTION_ / ACCOUNT_NUMBER,String,20,,,
시장감시,TSVIIR00311,TSVIIR00311,파생심리 계좌기본정보,DATA,70,직장주소,COMPANY_ / ADDRESS,String,200,,,
시장감시,TSVIIR00311,TSVIIR00311,파생심리 계좌기본정보,DATA,71,무선단말개설일자,WIRELESS_TERMINAL_OPENING_DATE,String,8,,입력매체 3(무선단말기)에 해당하는 경우(YYYYMMDD),
시장감시,TSVIIR00311,TSVIIR00311,파생심리 계좌기본정보,DATA,72,HTS개설일자,HOME_TRADING_SYSTEM_OPENING_DATE,String,8,,입력매체 4(HTS)에 해당하는 경우(YYYYMMDD),
시장감시,TSVIIR00312,TSVIIR00312,파생심리 고객계좌부,DATA,1,메세지일련번호,MESSAGE_ / SEQUENCE NUMBER,Long,11,,메세지일련번호,
시장감시,TSVIIR00312,TSVIIR00312,파생심리 고객계좌부,DATA,2,트랜잭션코드,TRANSACTION_ / CODE,String,11,,TSVIIR00312,
시장감시,TSVIIR00312,TSVIIR00312,파생심리 고객계좌부,DATA,3,전송일자,TRANSMIT_DATE,String,8,,YYYYMMDD / 데이터 생성일자,
시장감시,TSVIIR00312,TSVIIR00312,파생심리 고객계좌부,DATA,4,시장ID,MARKET_ / IDENTIFICATION,String,3,,별첨-KRX 차세대 상품 ID체계 참고,
시장감시,TSVIIR00312,TSVIIR00312,파생심리 고객계좌부,DATA,5,회원번호,MEMBER_NUMBER,String,5,,,
시장감시,TSVIIR00312,TSVIIR00312,파생심리 고객계좌부,DATA,6,시각,TIME,String,8,,예) 12000000(12시 정각),
시장감시,TSVIIR00312,TSVIIR00312,파생심리 고객계좌부,DATA,7,요청일자,REQUEST_DATE,String,8,,"YYYYMMDD /  (요청시의 ""거래소->회원사"" 요청일자)",
시장감시,TSVIIR00312,TSVIIR00312,파생심리 고객계좌부,DATA,8,제출일자,SUBMIT_DATE,String,8,,YYYYMMDD,
시장감시,TSVIIR00312,TSVIIR00312,파생심리 고객계좌부,DATA,9,심리대상개시일자,INVESTIGATION_ / OBJECT_START_ / DATE,String,8,,YYYYMMDD,
시장감시,TSVIIR00312,TSVIIR00312,파생심리 고객계좌부,DATA,10,심리대상종료일자,INVESTIGATION_ / OBJECT_END_ / DATE,String,8,,YYYYMMDD,
시장감시,TSVIIR00312,TSVIIR00312,파생심리 고객계좌부,DATA,11,지점번호,BRANCH_NUMBER,String,5,,,
시장감시,TSVIIR00312,TSVIIR00312,파생심리 고객계좌부,DATA,12,계좌번호,ACCOUNT_NUMBER,String,12,,매매시간중 회원사가 거래소로 호가제출시 입력되는 계좌번호,
시장감시,TSVIIR00312,TSVIIR00312,파생심리 고객계좌부,DATA,13,계좌명,ACCOUNT_NAME,String,80,,"개인:실명, 법인:법인명 (띄어쓰기 없이 작성)",
시장감시,TSVIIR00312,TSVIIR00312,파생심리 고객계좌부,DATA,14,주식연계계좌번호,STOCK_LINK_ / ACCOUNT_NUMBER,String,12,,대용증권으로 현물을 사용하는 경우 등  / 주식연계계좌번호,
시장감시,TSVIIR00312,TSVIIR00312,파생심리 고객계좌부,DATA,15,주민등록번호,RESIDENT_ / REGISTRATION_ / NUMBER,String,20,,"하이픈 빼고 왼쪽부터 채움 (예:1234567890123) / 개인: 주민등록번호, 법인: 사업자등록번호,  / 외국인: 외국인투자등록번호",
시장감시,TSVIIR00312,TSVIIR00312,파생심리 고객계좌부,DATA,16,거래일자,TRADING_DATE,String,8,,매매일기준(YYYYMMDD)) or 입출금 발생일(YYYYMMDD)기준임<매매내역은 결제일기준아님>,
시장감시,TSVIIR00312,TSVIIR00312,파생심리 고객계좌부,DATA,17,원장거래구분코드,BOOK_ / TRADING_ / TYPE_CODE,String,5,,별첨-원장거래구분 참고,
시장감시,TSVIIR00312,TSVIIR00312,파생심리 고객계좌부,DATA,18,거래번호,TRANSACTION_ / NUMBER,Long,9,,,
시장감시,TSVIIR00312,TSVIIR00312,파생심리 고객계좌부,DATA,19,고객계좌거래구분코드,CUSTOMER_ / ACCOUNT_ / TRADING_TYPE_ / CODE,String,1,,0:보통 1:신용 2:저축 3:상품,
시장감시,TSVIIR00312,TSVIIR00312,파생심리 고객계좌부,DATA,20,거래종목코드,TRADING_ / ISSUE_CODE,String,12,,"왼쪽부터 채움 (미결제, 매매부분 기입시 사용)",
시장감시,TSVIIR00312,TSVIIR00312,파생심리 고객계좌부,DATA,21,거래종목명,TRADING_ / ISSUE_NAME,String,80,,"(미결제, 매매부분 기입시 사용)",
시장감시,TSVIIR00312,TSVIIR00312,파생심리 고객계좌부,DATA,22,체결수량,TRADING VOLUMN,Long,15,,"단위:1주(주식),1계약(선물,옵션) / * 매매시 매매수량, 출납시 출납수량",
시장감시,TSVIIR00312,TSVIIR00312,파생심리 고객계좌부,DATA,23,거래단가,TRADING_UNIT PRICE,Float,18,,"단위:1원(주식) (매매시 매매가격, 출납시 출납가격), 1포인트(선물) / 작성방법 : 정수부 15자리 + 소수점 1자리              + 소수부 2자리 = 18자리",
시장감시,TSVIIR00312,TSVIIR00312,파생심리 고객계좌부,DATA,24,거래대금,TRADING VALUE,Float,18,,단위 : 원 * 총거래금액,
시장감시,TSVIIR00312,TSVIIR00312,파생심리 고객계좌부,DATA,25,수수료,FEE,Float,22,,매매수수료,
시장감시,TSVIIR00312,TSVIIR00312,파생심리 고객계좌부,DATA,26,제세금,TAX,Float,22,,"거래세, 농특세, 소득세, 주민세 등의 합계액",
시장감시,TSVIIR00312,TSVIIR00312,파생심리 고객계좌부,DATA,27,예수금거래잔액,DEPOSIT_ / PREVIOUS DAY_ / BALANCE,String,22,,,
시장감시,TSVIIR00312,TSVIIR00312,파생심리 고객계좌부,DATA,28,예수금거래후잔액,DEPOSIT_TODAY_ / BALANCE,String,22,,,
시장감시,TSVIIR00312,TSVIIR00312,파생심리 고객계좌부,DATA,29,신용이자및대주이용료,CREDIT_INTEREST & / SHORTSELLING  / SECURITIES_ / UTILIZATION FEE,Float,22,,,
시장감시,TSVIIR00312,TSVIIR00312,파생심리 고객계좌부,DATA,30,신용상환차금,CREDIT_ / REDEMPTION_ / PAYOFF,Float,22,,1. 상환금액 – 융자금액 / 2. (상환단가*상환수량*신용율) - 융자금액,
시장감시,TSVIIR00312,TSVIIR00312,파생심리 고객계좌부,DATA,31,신용금액,CREDIT_AMOUNT,Float,22,,"신규 : 융자금 또는 대주금, / 상환 : 상환금, 신용이자징수및대주이용료 : 지급 기준이 되는 신용원금",
시장감시,TSVIIR00312,TSVIIR00312,파생심리 고객계좌부,DATA,32,정상취소구분코드,NORMAL_ / CANCELLATION_ / TYPE_CODE,String,1,,0: 정상  1: 취소,
시장감시,TSVIIR00312,TSVIIR00312,파생심리 고객계좌부,DATA,33,신용거래구분코드,MARGIN  / TRANSACTION_ / TYPE_CODE,String,2,,01:유통융자매수 / 03:자기융자매수 / 05:유통대주매도 / 07:자기대주매도 / 11:유통융자매도상환 / 12:유통융자현금상환 / 13:유통융자현금상환 취소 / 33:자기융자매도상환 / 34:자기융자현금상환 / 35:자기융자현금상환 취소 / 55:유통대주매수상환 / 56:유통대주현물상환 / 57:유통대주현물상환 취소 / 77:자기대주매수상환 / 78:자기대주현물상환 / 79:자기대주현물상환 취소 / 99:기타,
시장감시,TSVIIR00312,TSVIIR00312,파생심리 고객계좌부,DATA,34,현금미수금발생금액,CASH_RECEIVABLE / AMOUNT_ / OCCURRENCE_ / AMOUNT,Float,22,,,
시장감시,TSVIIR00312,TSVIIR00312,파생심리 고객계좌부,DATA,35,미수금거래전잔액,RECEIVABLE  / AMOUNT_ / PREVIOUS DAY_ / BALANCE,Float,22,,,
시장감시,TSVIIR00312,TSVIIR00312,파생심리 고객계좌부,DATA,36,미수금거래후잔액,RECEIVABLE  / AMOUNT_TODAY_ / BALANCE,Float,22,,,
시장감시,TSVIIR00312,TSVIIR00312,파생심리 고객계좌부,DATA,37,미수변제구분코드,RECEIVABLE_ / REPAYMENT_TYPE_ / CODE,String,1,,"0:변제없음, 1:변제",
시장감시,TSVIIR00312,TSVIIR00312,파생심리 고객계좌부,DATA,38,처리지점명,PROCESS_BRANCH_ / NAME,String,80,,,
시장감시,TSVIIR00312,TSVIIR00312,파생심리 고객계좌부,DATA,39,신용대출일자,CREDIT_LOAN_DATE,String,8,,,
시장감시,TSVIIR00312,TSVIIR00312,파생심리 고객계좌부,DATA,40,기타수표입금액,MISCELLANEOUS_ / CHECK_DEPOSIT_ / VALUE,Float,22,,,
시장감시,TSVIIR00312,TSVIIR00312,파생심리 고객계좌부,DATA,41,정산금액,SETTLEMENT_ / AMOUNT,Float,22,,"입금:수수료,세금제외 , 출금:수수료,세금제외",
시장감시,TSVIIR00312,TSVIIR00312,파생심리 고객계좌부,DATA,42,대체상대계좌번호,ALTERNATIVE_COUNTERPART_ACCOUNT_NUMBER,String,16,,,
시장감시,TSVIIR00312,TSVIIR00312,파생심리 고객계좌부,DATA,43,현금미수변제금,CASH_ / RECEIVABLE_ / TENDER,Float,22,,,
시장감시,TSVIIR00312,TSVIIR00312,파생심리 고객계좌부,DATA,44,현금미수연체료,CASH_ / RECEIVABLE_ / OVERDUE PENALTY,Float,22,,,
시장감시,TSVIIR00312,TSVIIR00312,파생심리 고객계좌부,DATA,45,신용이자미납변제금,CREDIT_INTEREST_ / UNPAYMENT_ / TENDER,Float,22,,,
시장감시,TSVIIR00312,TSVIIR00312,파생심리 고객계좌부,DATA,46,신용이자미납연체료,CREDIT_INTEREST_ / UNPAYMENT_ / OVERDUE PENALTY,Float,22,,,
시장감시,TSVIIR00312,TSVIIR00312,파생심리 고객계좌부,DATA,47,기타대여금변제금,MISCELLANEOUS_ / LOAN MONEY_ / TENDER,Float,22,,,
시장감시,TSVIIR00312,TSVIIR00312,파생심리 고객계좌부,DATA,48,기타대여금연체료,MISCELLANEOUS_ / LOAN MONEY_ / OVERDUE PENALTY,Float,22,,,
시장감시,TSVIIR00312,TSVIIR00312,파생심리 고객계좌부,DATA,49,수표금액,CHECK_AMOUNT,Float,22,,,
시장감시,TSVIIR00312,TSVIIR00312,파생심리 고객계좌부,DATA,50,거래시각,TRADING_TIME,String,6,,"입출금/입출고 거래시각, 시분초(HH24MISS)",
시장감시,TSVIIR00312,TSVIIR00312,파생심리 고객계좌부,DATA,51,매매체결일,TRADING_DATE,String,8,,매매인 경우 체결일(주문일),
시장감시,TSVIIR00312,TSVIIR00312,파생심리 고객계좌부,DATA,52,거래구분상세내용,TRADING_TYPE_ / DETAIL,String,100,,거래내용에 대한 상세 설명,
시장감시,TSVIIR00312,TSVIIR00312,파생심리 고객계좌부,DATA,53,거래구분상세코드,TRADING_TYPE_ / DETAIL_CODE,String,10,,증권사별 자체 적요 관련 코드조합,
시장감시,TSVIIR00313,TSVIIR00313,파생심리 수표입출금내역,DATA,1,메세지일련번호,MESSAGE_ / SEQUENCE NUMBER,Long,11,,메세지일련번호,
시장감시,TSVIIR00313,TSVIIR00313,파생심리 수표입출금내역,DATA,2,트랜잭션코드,TRANSACTION_ / CODE,String,11,,TSVIIR00313,
시장감시,TSVIIR00313,TSVIIR00313,파생심리 수표입출금내역,DATA,3,전송일자,TRANSMIT_DATE,String,8,,YYYYMMDD / 데이터 생성일자,
시장감시,TSVIIR00313,TSVIIR00313,파생심리 수표입출금내역,DATA,4,시장ID,MARKET_ / IDENTIFICATION,String,3,,별첨-KRX 차세대 상품 ID체계 참고,
시장감시,TSVIIR00313,TSVIIR00313,파생심리 수표입출금내역,DATA,5,회원번호,MEMBER_NUMBER,String,5,,,
시장감시,TSVIIR00313,TSVIIR00313,파생심리 수표입출금내역,DATA,6,시각,TIME,String,8,,예) 12000000(12시 정각),
시장감시,TSVIIR00313,TSVIIR00313,파생심리 수표입출금내역,DATA,7,요청일자,REQUEST_DATE,String,8,,"YYYYMMDD /  (요청시의 ""거래소->회원사"" 요청일자)",
시장감시,TSVIIR00313,TSVIIR00313,파생심리 수표입출금내역,DATA,8,제출일자,SUBMIT_DATE,String,8,,YYYYMMDD,
시장감시,TSVIIR00313,TSVIIR00313,파생심리 수표입출금내역,DATA,9,심리대상개시일자,INVESTIGATION_ / OBJECT_START_ / DATE,String,8,,YYYYMMDD,
시장감시,TSVIIR00313,TSVIIR00313,파생심리 수표입출금내역,DATA,10,심리대상종료일자,INVESTIGATION_ / OBJECT_END_ / DATE,String,8,,YYYYMMDD,
시장감시,TSVIIR00313,TSVIIR00313,파생심리 수표입출금내역,DATA,11,지점번호,BRANCH_NUMBER,String,5,,,
시장감시,TSVIIR00313,TSVIIR00313,파생심리 수표입출금내역,DATA,12,계좌번호,ACCOUNT_NUMBER,String,12,,매매시간중 회원사가 거래소로 호가제출시 입력되는 계좌번호,
시장감시,TSVIIR00313,TSVIIR00313,파생심리 수표입출금내역,DATA,13,계좌명,ACCOUNT_NAME,String,80,,"개인:실명, 법인:법인명 (띄어쓰기 없이 작성)",
시장감시,TSVIIR00313,TSVIIR00313,파생심리 수표입출금내역,DATA,14,주식연계계좌번호,STOCK_LINK_ / ACCOUNT_NUMBER,String,12,,대용증권으로 현물을 사용하는 경우 등  / 주식연계계좌번호,
시장감시,TSVIIR00313,TSVIIR00313,파생심리 수표입출금내역,DATA,15,주민등록번호,RESIDENT_ / REGISTRATION_ / NUMBER,String,20,,"하이픈 빼고 왼쪽부터 채움 (예:1234567890123) / 개인: 주민등록번호, 법인: 사업자등록번호,  / 외국인: 외국인투자등록번호",
시장감시,TSVIIR00313,TSVIIR00313,파생심리 수표입출금내역,DATA,16,거래일자,TRADING_DATE,String,8,,매매일기준(YYYYMMDD)) or 입출금 발생일(YYYYMMDD)기준임<매매내역은 결제일기준아님>,
시장감시,TSVIIR00313,TSVIIR00313,파생심리 수표입출금내역,DATA,17,원장거래구분코드,BOOK_ / TRADING_ / TYPE_CODE,String,5,,별첨-원장거래구분 참고,
시장감시,TSVIIR00313,TSVIIR00313,파생심리 수표입출금내역,DATA,18,거래번호,TRANSACTION_ / NUMBER,Long,9,,,
시장감시,TSVIIR00313,TSVIIR00313,파생심리 수표입출금내역,DATA,19,일련번호,SEQUENCE NUMBER,Long,3,,"동일 거래번호 내에 권면금액, 발행매수등이 다른 여러 record 존재 시 사용",
시장감시,TSVIIR00313,TSVIIR00313,파생심리 수표입출금내역,DATA,20,입출금구분코드,MONEY IN-OUT_ / TYPE_CODE,String,1,,"0:입금, 1:출금",
시장감시,TSVIIR00313,TSVIIR00313,파생심리 수표입출금내역,DATA,21,수표금액,CHECK_AMOUNT,Float,22,,,
시장감시,TSVIIR00313,TSVIIR00313,파생심리 수표입출금내역,DATA,22,발행일자,ISSUE_DATE,String,8,,,
시장감시,TSVIIR00313,TSVIIR00313,파생심리 수표입출금내역,DATA,23,발행은행명,ISSUE_BANK_NAME,String,80,,,
시장감시,TSVIIR00313,TSVIIR00313,파생심리 수표입출금내역,DATA,24,발행점포명,ISSUE_STORE_NAME,String,80,,,
시장감시,TSVIIR00313,TSVIIR00313,파생심리 수표입출금내역,DATA,25,권면금액,FACE VALUE_ / AMOUNT,Float,22,,,
시장감시,TSVIIR00313,TSVIIR00313,파생심리 수표입출금내역,DATA,26,발행매수,ISSUE COUNT,Long,16,,,
시장감시,TSVIIR00313,TSVIIR00313,파생심리 수표입출금내역,DATA,27,수표번호,CHECK_NUMBER,String,200,,"번호가 순차적인 경우 ‘시작번호-끝번호’ 기재,  / 번호가 비순차적인 경우 ‘,’로 구분하여 건별 수표번호 기재 / * 고유번호앞의 권종표시(예, 바가123456)까지 표시",
시장감시,TSVIIR00313,TSVIIR00313,파생심리 수표입출금내역,DATA,28,비고,,String,100,,,
시장감시,TSVIIR00314,TSVIIR00314,파생심리 이체입출금내역,DATA,1,메세지일련번호,MESSAGE_ / SEQUENCE NUMBER,Long,11,,메세지일련번호,
시장감시,TSVIIR00314,TSVIIR00314,파생심리 이체입출금내역,DATA,2,트랜잭션코드,TRANSACTION_ / CODE,String,11,,TSVIIR00314,
시장감시,TSVIIR00314,TSVIIR00314,파생심리 이체입출금내역,DATA,3,전송일자,TRANSMIT_DATE,String,8,,YYYYMMDD / 데이터 생성일자,
시장감시,TSVIIR00314,TSVIIR00314,파생심리 이체입출금내역,DATA,4,시장ID,MARKET_ / IDENTIFICATION,String,3,,별첨-KRX 차세대 상품 ID체계 참고,
시장감시,TSVIIR00314,TSVIIR00314,파생심리 이체입출금내역,DATA,5,회원번호,MEMBER_NUMBER,String,5,,,
시장감시,TSVIIR00314,TSVIIR00314,파생심리 이체입출금내역,DATA,6,시각,TIME,String,8,,예) 12000000(12시 정각),
시장감시,TSVIIR00314,TSVIIR00314,파생심리 이체입출금내역,DATA,7,요청일자,REQUEST_DATE,String,8,,"YYYYMMDD /  (요청시의 ""거래소->회원사"" 요청일자)",
시장감시,TSVIIR00314,TSVIIR00314,파생심리 이체입출금내역,DATA,8,제출일자,SUBMIT_DATE,String,8,,YYYYMMDD,
시장감시,TSVIIR00314,TSVIIR00314,파생심리 이체입출금내역,DATA,9,심리대상개시일자,INVESTIGATION_ / OBJECT_START_ / DATE,String,8,,YYYYMMDD,
시장감시,TSVIIR00314,TSVIIR00314,파생심리 이체입출금내역,DATA,10,심리대상종료일자,INVESTIGATION_ / OBJECT_END_ / DATE,String,8,,YYYYMMDD,
시장감시,TSVIIR00314,TSVIIR00314,파생심리 이체입출금내역,DATA,11,지점번호,BRANCH_NUMBER,String,5,,,
시장감시,TSVIIR00314,TSVIIR00314,파생심리 이체입출금내역,DATA,12,계좌번호,ACCOUNT_NUMBER,String,12,,매매시간중 회원사가 거래소로 호가제출시 입력되는 계좌번호,
시장감시,TSVIIR00314,TSVIIR00314,파생심리 이체입출금내역,DATA,13,계좌명,ACCOUNT_NAME,String,80,,"개인:실명, 법인:법인명 (띄어쓰기 없이 작성)",
시장감시,TSVIIR00314,TSVIIR00314,파생심리 이체입출금내역,DATA,14,주식연계계좌번호,STOCK_LINK_ / ACCOUNT_NUMBER,String,12,,대용증권으로 현물을 사용하는 경우 등  / 주식연계계좌번호,
시장감시,TSVIIR00314,TSVIIR00314,파생심리 이체입출금내역,DATA,15,주민등록번호,RESIDENT_ / REGISTRATION_ / NUMBER,String,20,,"하이픈 빼고 왼쪽부터 채움 (예:1234567890123) / 개인: 주민등록번호, 법인: 사업자등록번호,  / 외국인: 외국인투자등록번호",
시장감시,TSVIIR00314,TSVIIR00314,파생심리 이체입출금내역,DATA,16,거래일자,TRADING_DATE,String,8,,매매일기준(YYYYMMDD)) or 입출금 발생일(YYYYMMDD)기준임<매매내역은 결제일기준아님>,
시장감시,TSVIIR00314,TSVIIR00314,파생심리 이체입출금내역,DATA,17,원장거래구분코드,BOOK_ / TRADING_ / TYPE_CODE,String,5,,별첨-원장거래구분 참고,
시장감시,TSVIIR00314,TSVIIR00314,파생심리 이체입출금내역,DATA,18,거래번호,TRANSACTION_ / NUMBER,Long,9,,,
시장감시,TSVIIR00314,TSVIIR00314,파생심리 이체입출금내역,DATA,19,입출금구분코드,MONEY IN-OUT_ / TYPE_CODE,String,1,,"0 : 입금, 1 : 출금",
시장감시,TSVIIR00314,TSVIIR00314,파생심리 이체입출금내역,DATA,20,상대은행명,COUNTERPART_ / BANK_NAME,String,80,,연계계좌로의 무통장입금시 송금은행명,
시장감시,TSVIIR00314,TSVIIR00314,파생심리 이체입출금내역,DATA,21,상대은행점포명,COUNTERPART_ / BANK_STORE_NAME,String,80,,연계계좌로의 무통장입금시 송금은행점포,
시장감시,TSVIIR00314,TSVIIR00314,파생심리 이체입출금내역,DATA,22,상대계좌번호,COUNTERPART_ / ACCOUNT_ / NUMBER,String,20,,입금시 가상계좌(또는 사이버계좌)인 경우 모계좌로 입금한 상대방계좌 실제계좌 기재 연계계좌로의 무통장입금시에는 송금자의 주민번호,
시장감시,TSVIIR00314,TSVIIR00314,파생심리 이체입출금내역,DATA,23,상대계좌명,COUNTERPART_ / ACCOUNT_NAME,String,80,,"띄어쓰기 없음, / 연계계좌로의 무통장입금시에는 송금자명",
시장감시,TSVIIR00314,TSVIIR00314,파생심리 이체입출금내역,DATA,24,입출금금액,TRANSFER_IN-OUT_ / AMOUNT,Float,22,,수표금액포함,
시장감시,TSVIIR00314,TSVIIR00314,파생심리 이체입출금내역,DATA,25,비고,,String,100,,,
시장감시,TSVIIR00315,TSVIIR00315,파생심리 대체입출금내역,DATA,1,메세지일련번호,MESSAGE_ / SEQUENCE NUMBER,Long,11,,메세지일련번호,
시장감시,TSVIIR00315,TSVIIR00315,파생심리 대체입출금내역,DATA,2,트랜잭션코드,TRANSACTION_ / CODE,String,11,,TSVIIR00315,
시장감시,TSVIIR00315,TSVIIR00315,파생심리 대체입출금내역,DATA,3,전송일자,TRANSMIT_DATE,String,8,,YYYYMMDD / 데이터 생성일자,
시장감시,TSVIIR00315,TSVIIR00315,파생심리 대체입출금내역,DATA,4,시장ID,MARKET_ / IDENTIFICATION,String,3,,별첨-KRX 차세대 상품 ID체계 참고,
시장감시,TSVIIR00315,TSVIIR00315,파생심리 대체입출금내역,DATA,5,회원번호,MEMBER_NUMBER,String,5,,,
시장감시,TSVIIR00315,TSVIIR00315,파생심리 대체입출금내역,DATA,6,시각,TIME,String,8,,예) 12000000(12시 정각),
시장감시,TSVIIR00315,TSVIIR00315,파생심리 대체입출금내역,DATA,7,요청일자,REQUEST_DATE,String,8,,"YYYYMMDD /  (요청시의 ""거래소->회원사"" 요청일자)",
시장감시,TSVIIR00315,TSVIIR00315,파생심리 대체입출금내역,DATA,8,제출일자,SUBMIT_DATE,String,8,,YYYYMMDD,
시장감시,TSVIIR00315,TSVIIR00315,파생심리 대체입출금내역,DATA,9,심리대상개시일자,INVESTIGATION_ / OBJECT_START_ / DATE,String,8,,YYYYMMDD,
시장감시,TSVIIR00315,TSVIIR00315,파생심리 대체입출금내역,DATA,10,심리대상종료일자,INVESTIGATION_ / OBJECT_END_ / DATE,String,8,,YYYYMMDD,
시장감시,TSVIIR00315,TSVIIR00315,파생심리 대체입출금내역,DATA,11,지점번호,BRANCH_NUMBER,String,5,,,
시장감시,TSVIIR00315,TSVIIR00315,파생심리 대체입출금내역,DATA,12,계좌번호,ACCOUNT_NUMBER,String,12,,매매시간중 회원사가 거래소로 호가제출시 입력되는 계좌번호,
시장감시,TSVIIR00315,TSVIIR00315,파생심리 대체입출금내역,DATA,13,계좌명,ACCOUNT_NAME,String,80,,"개인:실명, 법인:법인명 (띄어쓰기 없이 작성)",
시장감시,TSVIIR00315,TSVIIR00315,파생심리 대체입출금내역,DATA,14,주식연계계좌번호,STOCK_LINK_ / ACCOUNT_NUMBER,String,12,,대용증권으로 현물을 사용하는 경우 등  / 주식연계계좌번호,
시장감시,TSVIIR00315,TSVIIR00315,파생심리 대체입출금내역,DATA,15,주민등록번호,RESIDENT_ / REGISTRATION_ / NUMBER,String,20,,"하이픈 빼고 왼쪽부터 채움 (예:1234567890123) / 개인: 주민등록번호, 법인: 사업자등록번호,  / 외국인: 외국인투자등록번호",
시장감시,TSVIIR00315,TSVIIR00315,파생심리 대체입출금내역,DATA,16,거래일자,TRADING_DATE,String,8,,매매일기준(YYYYMMDD)) or 입출금 발생일(YYYYMMDD)기준임<매매내역은 결제일기준아님>,
시장감시,TSVIIR00315,TSVIIR00315,파생심리 대체입출금내역,DATA,17,원장거래구분코드,BOOK_ / TRADING_ / TYPE_CODE,String,5,,별첨-원장거래구분 참고,
시장감시,TSVIIR00315,TSVIIR00315,파생심리 대체입출금내역,DATA,18,거래번호,TRANSACTION_ / NUMBER,Long,9,,,
시장감시,TSVIIR00315,TSVIIR00315,파생심리 대체입출금내역,DATA,19,입출금구분코드,MONEY IN-OUT_ / TYPE_CODE,String,1,,"0 : 입금, 1 : 출금",
시장감시,TSVIIR00315,TSVIIR00315,파생심리 대체입출금내역,DATA,20,출처구분코드,SOURCE_TYPE_ / CODE,String,1,,"0: 당사, 1: 타사",
시장감시,TSVIIR00315,TSVIIR00315,파생심리 대체입출금내역,DATA,21,상대회원번호,COUNTERPART_ / MEMBER_NUMBER,String,5,,,
시장감시,TSVIIR00315,TSVIIR00315,파생심리 대체입출금내역,DATA,22,상대지점번호,COUNTERPART_ / BRANCH_NUMBER,String,5,,,
시장감시,TSVIIR00315,TSVIIR00315,파생심리 대체입출금내역,DATA,23,상대계좌번호,COUNTERPART_ / ACCOUNT_NUMBER,String,12,,입금시 가상계좌(또는 사이버계좌)인 경우 모계좌로 입금한 상대방계좌 실제계좌 기재 연계계좌로의 무통장입금시에는 송금자의 주민번호,
시장감시,TSVIIR00315,TSVIIR00315,파생심리 대체입출금내역,DATA,24,상대계좌명,COUNTERPART_ / ACCOUNT_NAME,String,80,,"띄어쓰기 없음, / 연계계좌로의 무통장입금시에는 송금자명",
시장감시,TSVIIR00315,TSVIIR00315,파생심리 대체입출금내역,DATA,25,입출금금액,TRANSFER_IN-OUT_ / AMOUNT,Float,22,,수표금액포함,
시장감시,TSVIIR00315,TSVIIR00315,파생심리 대체입출금내역,DATA,26,비고,REMARK,String,100,,,
시장감시,TSVIIR00316,TSVIIR00316,파생심리 현금입출금내역,DATA,1,메세지일련번호,MESSAGE_ / SEQUENCE NUMBER,Long,11,,메세지일련번호,
시장감시,TSVIIR00316,TSVIIR00316,파생심리 현금입출금내역,DATA,2,트랜잭션코드,TRANSACTION_ / CODE,String,11,,TSVIIR00316,
시장감시,TSVIIR00316,TSVIIR00316,파생심리 현금입출금내역,DATA,3,전송일자,TRANSMIT_DATE,String,8,,YYYYMMDD / 데이터 생성일자,
시장감시,TSVIIR00316,TSVIIR00316,파생심리 현금입출금내역,DATA,4,시장ID,MARKET_ / IDENTIFICATION,String,3,,별첨-KRX 차세대 상품 ID체계 참고,
시장감시,TSVIIR00316,TSVIIR00316,파생심리 현금입출금내역,DATA,5,회원번호,MEMBER_NUMBER,String,5,,,
시장감시,TSVIIR00316,TSVIIR00316,파생심리 현금입출금내역,DATA,6,시각,TIME,String,8,,예) 12000000(12시 정각),
시장감시,TSVIIR00316,TSVIIR00316,파생심리 현금입출금내역,DATA,7,요청일자,REQUEST_DATE,String,8,,"YYYYMMDD /  (요청시의 ""거래소->회원사"" 요청일자)",
시장감시,TSVIIR00316,TSVIIR00316,파생심리 현금입출금내역,DATA,8,제출일자,SUBMIT_DATE,String,8,,YYYYMMDD,
시장감시,TSVIIR00316,TSVIIR00316,파생심리 현금입출금내역,DATA,9,심리대상개시일자,INVESTIGATION_ / OBJECT_START_ / DATE,String,8,,YYYYMMDD,
시장감시,TSVIIR00316,TSVIIR00316,파생심리 현금입출금내역,DATA,10,심리대상종료일자,INVESTIGATION_ / OBJECT_END_ / DATE,String,8,,YYYYMMDD,
시장감시,TSVIIR00316,TSVIIR00316,파생심리 현금입출금내역,DATA,11,지점번호,BRANCH_NUMBER,String,5,,,
시장감시,TSVIIR00316,TSVIIR00316,파생심리 현금입출금내역,DATA,12,계좌번호,ACCOUNT_NUMBER,String,12,,매매시간중 회원사가 거래소로 호가제출시 입력되는 계좌번호,
시장감시,TSVIIR00316,TSVIIR00316,파생심리 현금입출금내역,DATA,13,계좌명,ACCOUNT_NAME,String,80,,"개인:실명, 법인:법인명 (띄어쓰기 없이 작성)",
시장감시,TSVIIR00316,TSVIIR00316,파생심리 현금입출금내역,DATA,14,주식연계계좌번호,STOCK_LINK_ / ACCOUNT_NUMBER,String,12,,대용증권으로 현물을 사용하는 경우 등  / 주식연계계좌번호,
시장감시,TSVIIR00316,TSVIIR00316,파생심리 현금입출금내역,DATA,15,주민등록번호,RESIDENT_ / REGISTRATION_ / NUMBER,String,20,,"하이픈 빼고 왼쪽부터 채움 (예:1234567890123) / 개인: 주민등록번호, 법인: 사업자등록번호,  / 외국인: 외국인투자등록번호",
시장감시,TSVIIR00316,TSVIIR00316,파생심리 현금입출금내역,DATA,16,거래일자,TRADING_DATE,String,8,,매매일기준(YYYYMMDD)) or 입출금 발생일(YYYYMMDD)기준임<매매내역은 결제일기준아님>,
시장감시,TSVIIR00316,TSVIIR00316,파생심리 현금입출금내역,DATA,17,원장거래구분코드,BOOK_ / TRADING_ / TYPE_CODE,String,5,,별첨-원장거래구분 참고,
시장감시,TSVIIR00316,TSVIIR00316,파생심리 현금입출금내역,DATA,18,거래번호,TRANSACTION_ / NUMBER,Long,9,,,
시장감시,TSVIIR00316,TSVIIR00316,파생심리 현금입출금내역,DATA,19,입출금구분코드,MONEY IN-OUT_ / TYPE_CODE,String,1,,0:입금 1:출금,
시장감시,TSVIIR00316,TSVIIR00316,파생심리 현금입출금내역,DATA,20,입출금금액,CASH_IN-OUT_ / AMOUNT,Float,22,,수표금액포함,
시장감시,TSVIIR00316,TSVIIR00316,파생심리 현금입출금내역,DATA,21,처리자번호,TRANSACTOR_ / NUMBER,String,10,,처리자의 사원번호 또는 관리번호,
시장감시,TSVIIR00316,TSVIIR00316,파생심리 현금입출금내역,DATA,22,처리자명,TRANSACTOR_NAME,String,20,,띄어쓰기 없이 작성,
시장감시,TSVIIR00316,TSVIIR00316,파생심리 현금입출금내역,DATA,23,비고,REMARK,String,100,,,
시장감시,TSVIIR00317,TSVIIR00317,파생심리 계좌관리자기본정보,DATA,1,메세지일련번호,MESSAGE_ / SEQUENCE NUMBER,Long,11,,메세지일련번호,
시장감시,TSVIIR00317,TSVIIR00317,파생심리 계좌관리자기본정보,DATA,2,트랜잭션코드,TRANSACTION_ / CODE,String,11,,TSVIIR00317,
시장감시,TSVIIR00317,TSVIIR00317,파생심리 계좌관리자기본정보,DATA,3,전송일자,TRANSMIT_DATE,String,8,,YYYYMMDD / 데이터 생성일자,
시장감시,TSVIIR00317,TSVIIR00317,파생심리 계좌관리자기본정보,DATA,4,시장ID,MARKET_ / IDENTIFICATION,String,3,,별첨-KRX 차세대 상품 ID체계 참고,
시장감시,TSVIIR00317,TSVIIR00317,파생심리 계좌관리자기본정보,DATA,5,회원번호,MEMBER_NUMBER,String,5,,,
시장감시,TSVIIR00317,TSVIIR00317,파생심리 계좌관리자기본정보,DATA,6,시각,TIME,String,8,,예) 12000000(12시 정각),
시장감시,TSVIIR00317,TSVIIR00317,파생심리 계좌관리자기본정보,DATA,7,요청일자,REQUEST_DATE,String,8,,"YYYYMMDD /  (요청시의 ""거래소->회원사"" 요청일자)",
시장감시,TSVIIR00317,TSVIIR00317,파생심리 계좌관리자기본정보,DATA,8,제출일자,SUBMIT_DATE,String,8,,YYYYMMDD,
시장감시,TSVIIR00317,TSVIIR00317,파생심리 계좌관리자기본정보,DATA,9,심리대상개시일자,INVESTIGATION_ / OBJECT_START_ / DATE,String,8,,YYYYMMDD,
시장감시,TSVIIR00317,TSVIIR00317,파생심리 계좌관리자기본정보,DATA,10,심리대상종료일자,INVESTIGATION_ / OBJECT_END_ / DATE,String,8,,YYYYMMDD,
시장감시,TSVIIR00317,TSVIIR00317,파생심리 계좌관리자기본정보,DATA,11,지점번호,BRANCH_NUMBER,String,5,,,
시장감시,TSVIIR00317,TSVIIR00317,파생심리 계좌관리자기본정보,DATA,12,계좌번호,ACCOUNT_NUMBER,String,12,,매매시간중 회원사가 거래소로 호가제출시 입력되는 계좌번호,
시장감시,TSVIIR00317,TSVIIR00317,파생심리 계좌관리자기본정보,DATA,13,계좌명,ACCOUNT_NAME,String,80,,"개인:실명, 법인:법인명 (띄어쓰기 없이 작성)",
시장감시,TSVIIR00317,TSVIIR00317,파생심리 계좌관리자기본정보,DATA,14,주식연계계좌번호,STOCK_LINK_ / ACCOUNT_NUMBER,String,12,,대용증권으로 현물을 사용하는 경우 등  / 주식연계계좌번호,
시장감시,TSVIIR00317,TSVIIR00317,파생심리 계좌관리자기본정보,DATA,15,주민등록번호,RESIDENT_ / REGISTRATION_ / NUMBER,String,20,,"하이픈 빼고 왼쪽부터 채움 (예:1234567890123) / 개인: 주민등록번호, 법인: 사업자등록번호,  / 외국인: 외국인투자등록번호",
시장감시,TSVIIR00317,TSVIIR00317,파생심리 계좌관리자기본정보,DATA,16,계좌관리자번호,ACCOUNT_ / MANAGER_NUMBER,String,10,,,
시장감시,TSVIIR00317,TSVIIR00317,파생심리 계좌관리자기본정보,DATA,17,관리기간시작일자,ADMINISTRATIVE_ / PERIOD_START_ / DATE,String,8,,,
시장감시,TSVIIR00317,TSVIIR00317,파생심리 계좌관리자기본정보,DATA,18,관리기간종료일자,ADMINISTRATIVE_ / PERIOD_END_DATE,String,8,,,
시장감시,TSVIIR00317,TSVIIR00317,파생심리 계좌관리자기본정보,DATA,19,계좌관리자구분코드,ACCOUNT_ / MANAGER_TYPE_ / CODE,String,1,,1:직원 2:투자상담사 3:기타,
시장감시,TSVIIR00317,TSVIIR00317,파생심리 계좌관리자기본정보,DATA,20,성명,NAME,String,20,,띄어쓰기 없이 작성(계좌관리자명),
시장감시,TSVIIR00317,TSVIIR00317,파생심리 계좌관리자기본정보,DATA,21,주민등록번호,RESIDENT_ / REGISTRATION_ / NUMBER,String,13,,‘-‘ 없이 작성(계좌관리자),
시장감시,TSVIIR00317,TSVIIR00317,파생심리 계좌관리자기본정보,DATA,22,주소,ADDRESS,String,100,,,
시장감시,TSVIIR00318,TSVIIR00318,파생심리 주문매체정보,DATA,1,메세지일련번호,MESSAGE_ / SEQUENCE NUMBER,Long,11,,메세지일련번호,
시장감시,TSVIIR00318,TSVIIR00318,파생심리 주문매체정보,DATA,2,트랜잭션코드,TRANSACTION_ / CODE,String,11,,TSVIIR00318,
시장감시,TSVIIR00318,TSVIIR00318,파생심리 주문매체정보,DATA,3,전송일자,TRANSMIT_DATE,String,8,,YYYYMMDD / 데이터 생성일자,
시장감시,TSVIIR00318,TSVIIR00318,파생심리 주문매체정보,DATA,4,시장ID,MARKET_ / IDENTIFICATION,String,3,,별첨-KRX 차세대 상품 ID체계 참고,
시장감시,TSVIIR00318,TSVIIR00318,파생심리 주문매체정보,DATA,5,회원번호,MEMBER_NUMBER,String,5,,,
시장감시,TSVIIR00318,TSVIIR00318,파생심리 주문매체정보,DATA,6,시각,TIME,String,8,,예) 12000000(12시 정각),
시장감시,TSVIIR00318,TSVIIR00318,파생심리 주문매체정보,DATA,7,요청일자,REQUEST_DATE,String,8,,"YYYYMMDD /  (요청시의 ""거래소->회원사"" 요청일자)",
시장감시,TSVIIR00318,TSVIIR00318,파생심리 주문매체정보,DATA,8,제출일자,SUBMIT_DATE,String,8,,YYYYMMDD,
시장감시,TSVIIR00318,TSVIIR00318,파생심리 주문매체정보,DATA,9,심리대상개시일자,INVESTIGATION_ / OBJECT_START_ / DATE,String,8,,YYYYMMDD,
시장감시,TSVIIR00318,TSVIIR00318,파생심리 주문매체정보,DATA,10,심리대상종료일자,INVESTIGATION_ / OBJECT_END_ / DATE,String,8,,YYYYMMDD,
시장감시,TSVIIR00318,TSVIIR00318,파생심리 주문매체정보,DATA,11,지점번호,BRANCH_NUMBER,String,5,,,
시장감시,TSVIIR00318,TSVIIR00318,파생심리 주문매체정보,DATA,12,계좌번호,ACCOUNT_NUMBER,String,12,,매매시간중 회원사가 거래소로 호가제출시 입력되는 계좌번호,
시장감시,TSVIIR00318,TSVIIR00318,파생심리 주문매체정보,DATA,13,계좌명,ACCOUNT_NAME,String,80,,"개인:실명, 법인:법인명 (띄어쓰기 없이 작성)",
시장감시,TSVIIR00318,TSVIIR00318,파생심리 주문매체정보,DATA,14,주식연계계좌번호,STOCK_LINK_ / ACCOUNT_NUMBER,String,12,,대용증권으로 현물을 사용하는 경우 등  / 주식연계계좌번호,
시장감시,TSVIIR00318,TSVIIR00318,파생심리 주문매체정보,DATA,15,주민등록번호,RESIDENT_ / REGISTRATION_ / NUMBER,String,20,,"하이픈 빼고 왼쪽부터 채움 (예:1234567890123) / 개인: 주민등록번호, 법인: 사업자등록번호,  / 외국인: 외국인투자등록번호",
시장감시,TSVIIR00318,TSVIIR00318,파생심리 주문매체정보,DATA,16,주문일자,ORDER_DATE,String,8,,,
시장감시,TSVIIR00318,TSVIIR00318,파생심리 주문매체정보,DATA,17,주문번호,ORDER_NUMBER,Long,10,,주문시스템에서 부여한 주문번호,
시장감시,TSVIIR00318,TSVIIR00318,파생심리 주문매체정보,DATA,18,종목코드,ISSUE_CODE,String,12,,현물/파생/채권/REPO 통합상품의 종목 코드(ISIN종목코드),
시장감시,TSVIIR00318,TSVIIR00318,파생심리 주문매체정보,DATA,19,종목명,ISSUE_NAME,String,40,,,
시장감시,TSVIIR00318,TSVIIR00318,파생심리 주문매체정보,DATA,20,매도수구분,ASK_BID_TYPE,String,1,,1:매도 2:매수,
시장감시,TSVIIR00318,TSVIIR00318,파생심리 주문매체정보,DATA,21,정정/취소구분,MODIFIED_CANCEL_TYPE,String,1,,0:정상 1:정정 2:취소,
시장감시,TSVIIR00318,TSVIIR00318,파생심리 주문매체정보,DATA,22,원주문번호,ORIGINAL_ORDER_NUMBER,Long,10,,"정정/취소대상 주문번호, 정상인 경우 0 으로 입력",
시장감시,TSVIIR00318,TSVIIR00318,파생심리 주문매체정보,DATA,23,수량,QUANTITY,Long,15,,,
시장감시,TSVIIR00318,TSVIIR00318,파생심리 주문매체정보,DATA,24,가격,PRICE,Float,18,,작성방법 :  / 정수부 15자리 + 소수점 1자리 + 소수부 2자리 /  = 18자리,
시장감시,TSVIIR00318,TSVIIR00318,파생심리 주문매체정보,DATA,25,주문시각,ORDER_TIME,String,6,,,
시장감시,TSVIIR00318,TSVIIR00318,파생심리 주문매체정보,DATA,26,주문매체,ORDER_MEDIA,String,1,,1:영업단말점 / 2:유선단말(ARS) / 3:무선단말(핸드폰) / 4:HTS / 9:기타,
시장감시,TSVIIR00318,TSVIIR00318,파생심리 주문매체정보,DATA,27,IP주소,IP_ADDRESS,String,12,,,
시장감시,TSVIIR00318,TSVIIR00318,파생심리 주문매체정보,DATA,28,예약주문접수일자,,String,8,,,
시장감시,TSVIIR00318,TSVIIR00318,파생심리 주문매체정보,DATA,29,주문유형,ORDER_TYPE,String,1,,"1:지정가, 2:시장가,  / 3:조건부지정가, 4:최유리지정가",
시장감시,TSVIIR00319,TSVIIR00319,파생심리 선물옵션 미결제약정현황(잔고내역),DATA,1,메세지일련번호,MESSAGE_ / SEQUENCE NUMBER,Long,11,,메세지일련번호,
시장감시,TSVIIR00319,TSVIIR00319,파생심리 선물옵션 미결제약정현황(잔고내역),DATA,2,트랜잭션코드,TRANSACTION_ / CODE,String,11,,TSVIIR00319,
시장감시,TSVIIR00319,TSVIIR00319,파생심리 선물옵션 미결제약정현황(잔고내역),DATA,3,전송일자,TRANSMIT_DATE,String,8,,YYYYMMDD / 데이터 생성일자,
시장감시,TSVIIR00319,TSVIIR00319,파생심리 선물옵션 미결제약정현황(잔고내역),DATA,4,시장ID,MARKET_ / IDENTIFICATION,String,3,,별첨-KRX 차세대 상품 ID체계 참고,
시장감시,TSVIIR00319,TSVIIR00319,파생심리 선물옵션 미결제약정현황(잔고내역),DATA,5,회원번호,MEMBER_NUMBER,String,5,,,
시장감시,TSVIIR00319,TSVIIR00319,파생심리 선물옵션 미결제약정현황(잔고내역),DATA,6,시각,TIME,String,8,,예) 12000000(12시 정각),
시장감시,TSVIIR00319,TSVIIR00319,파생심리 선물옵션 미결제약정현황(잔고내역),DATA,7,요청일자,REQUEST_DATE,String,8,,"YYYYMMDD /  (요청시의 ""거래소->회원사"" 요청일자)",
시장감시,TSVIIR00319,TSVIIR00319,파생심리 선물옵션 미결제약정현황(잔고내역),DATA,8,제출일자,SUBMIT_DATE,String,8,,YYYYMMDD,
시장감시,TSVIIR00319,TSVIIR00319,파생심리 선물옵션 미결제약정현황(잔고내역),DATA,9,심리대상개시일자,INVESTIGATION_ / OBJECT_START_ / DATE,String,8,,YYYYMMDD,
시장감시,TSVIIR00319,TSVIIR00319,파생심리 선물옵션 미결제약정현황(잔고내역),DATA,10,심리대상종료일자,INVESTIGATION_ / OBJECT_END_ / DATE,String,8,,YYYYMMDD,
시장감시,TSVIIR00319,TSVIIR00319,파생심리 선물옵션 미결제약정현황(잔고내역),DATA,11,지점번호,BRANCH_NUMBER,String,5,,,
시장감시,TSVIIR00319,TSVIIR00319,파생심리 선물옵션 미결제약정현황(잔고내역),DATA,12,계좌번호,ACCOUNT_NUMBER,String,12,,매매시간중 회원사가 거래소로 호가제출시 입력되는 계좌번호,
시장감시,TSVIIR00319,TSVIIR00319,파생심리 선물옵션 미결제약정현황(잔고내역),DATA,13,계좌명,ACCOUNT_NAME,String,80,,"개인:실명, 법인:법인명 (띄어쓰기 없이 작성)",
시장감시,TSVIIR00319,TSVIIR00319,파생심리 선물옵션 미결제약정현황(잔고내역),DATA,14,주식연계계좌번호,STOCK_LINK_ / ACCOUNT_NUMBER,String,12,,대용증권으로 현물을 사용하는 경우 등  / 주식연계계좌번호,
시장감시,TSVIIR00319,TSVIIR00319,파생심리 선물옵션 미결제약정현황(잔고내역),DATA,15,주민등록번호,RESIDENT_ / REGISTRATION_ / NUMBER,String,20,,"하이픈 빼고 왼쪽부터 채움 (예:1234567890123) / 개인: 주민등록번호, 법인: 사업자등록번호,  / 외국인: 외국인투자등록번호",
시장감시,TSVIIR00319,TSVIIR00319,파생심리 선물옵션 미결제약정현황(잔고내역),DATA,16,거래일자,TRADING_DATE,String,8,,매매일기준(YYYYMMDD)) or 입출금 발생일(YYYYMMDD)기준임<매매내역은 결제일기준아님>,
시장감시,TSVIIR00319,TSVIIR00319,파생심리 선물옵션 미결제약정현황(잔고내역),DATA,17,종목코드,,String,12,,"왼쪽부터 채움(미결제, 매매부분 기입시 사용)",
시장감시,TSVIIR00319,TSVIIR00319,파생심리 선물옵션 미결제약정현황(잔고내역),DATA,18,종목명,,String,80,,"(미결제, 매매부분 기입시 사용)",
시장감시,TSVIIR00319,TSVIIR00319,파생심리 선물옵션 미결제약정현황(잔고내역),DATA,19,미결제약정수량부호,,String,1,,"양수(+):매수, 음수(-):매도",
시장감시,TSVIIR00319,TSVIIR00319,파생심리 선물옵션 미결제약정현황(잔고내역),DATA,20,미결제약정수량,,Long,10,,장종료 시점 순미결제 수량임,
시장감시,TSVIIR00319,TSVIIR00319,파생심리 선물옵션 미결제약정현황(잔고내역),DATA,21,당일매수수량,,Long,15,,,
시장감시,TSVIIR00319,TSVIIR00319,파생심리 선물옵션 미결제약정현황(잔고내역),DATA,22,당일매도수량,,Long,15,,,
시장감시,TSVIIR00320,TSVIIR00320,파생심리 예탁금부문,DATA,1,메세지일련번호,MESSAGE_ / SEQUENCE NUMBER,Long,11,,메세지일련번호,
시장감시,TSVIIR00320,TSVIIR00320,파생심리 예탁금부문,DATA,2,트랜잭션코드,TRANSACTION_ / CODE,String,11,,TSVIIR00320,
시장감시,TSVIIR00320,TSVIIR00320,파생심리 예탁금부문,DATA,3,전송일자,TRANSMIT_DATE,String,8,,YYYYMMDD / 데이터 생성일자,
시장감시,TSVIIR00320,TSVIIR00320,파생심리 예탁금부문,DATA,4,시장ID,MARKET_ / IDENTIFICATION,String,3,,별첨-KRX 차세대 상품 ID체계 참고,
시장감시,TSVIIR00320,TSVIIR00320,파생심리 예탁금부문,DATA,5,회원번호,MEMBER_NUMBER,String,5,,,
시장감시,TSVIIR00320,TSVIIR00320,파생심리 예탁금부문,DATA,6,시각,TIME,String,8,,예) 12000000(12시 정각),
시장감시,TSVIIR00320,TSVIIR00320,파생심리 예탁금부문,DATA,7,요청일자,REQUEST_DATE,String,8,,"YYYYMMDD /  (요청시의 ""거래소->회원사"" 요청일자)",
시장감시,TSVIIR00320,TSVIIR00320,파생심리 예탁금부문,DATA,8,제출일자,SUBMIT_DATE,String,8,,YYYYMMDD,
시장감시,TSVIIR00320,TSVIIR00320,파생심리 예탁금부문,DATA,9,심리대상개시일자,INVESTIGATION_ / OBJECT_START_ / DATE,String,8,,YYYYMMDD,
시장감시,TSVIIR00320,TSVIIR00320,파생심리 예탁금부문,DATA,10,심리대상종료일자,INVESTIGATION_ / OBJECT_END_ / DATE,String,8,,YYYYMMDD,
시장감시,TSVIIR00320,TSVIIR00320,파생심리 예탁금부문,DATA,11,지점번호,BRANCH_NUMBER,String,5,,,
시장감시,TSVIIR00320,TSVIIR00320,파생심리 예탁금부문,DATA,12,계좌번호,ACCOUNT_NUMBER,String,12,,매매시간중 회원사가 거래소로 호가제출시 입력되는 계좌번호,
시장감시,TSVIIR00320,TSVIIR00320,파생심리 예탁금부문,DATA,13,계좌명,ACCOUNT_NAME,String,80,,"개인:실명, 법인:법인명 (띄어쓰기 없이 작성)",
시장감시,TSVIIR00320,TSVIIR00320,파생심리 예탁금부문,DATA,14,주식연계계좌번호,STOCK_LINK_ / ACCOUNT_NUMBER,String,12,,대용증권으로 현물을 사용하는 경우 등  / 주식연계계좌번호,
시장감시,TSVIIR00320,TSVIIR00320,파생심리 예탁금부문,DATA,15,주민등록번호,RESIDENT_ / REGISTRATION_ / NUMBER,String,20,,"하이픈 빼고 왼쪽부터 채움 (예:1234567890123) / 개인: 주민등록번호, 법인: 사업자등록번호,  / 외국인: 외국인투자등록번호",
시장감시,TSVIIR00320,TSVIIR00320,파생심리 예탁금부문,DATA,16,거래일자,TRADING_DATE,String,8,,매매일기준(YYYYMMDD)) or 입출금 발생일(YYYYMMDD)기준임<매매내역은 결제일기준아님>,
시장감시,TSVIIR00320,TSVIIR00320,파생심리 예탁금부문,DATA,17,원장거래구분코드,BOOK_ / TRADING_ / TYPE_CODE,String,5,,원장거래구분 코드참조,
시장감시,TSVIIR00320,TSVIIR00320,파생심리 예탁금부문,DATA,18,고객예탁현금부호,CUSTOMER_ / DEPOSIT_ / CASH_SIGN,String,1,,"양수(+), 음수(-)",
시장감시,TSVIIR00320,TSVIIR00320,파생심리 예탁금부문,DATA,19,고객예탁현금,CUSTOMER_ / DEPOSIT_CASH,Float,22,,"고객예탁금 중 현금부분으로, (-)잔액 포함  / [장종료 시점 일별잔액, 거래구분코드 23010 사용]",
시장감시,TSVIIR00320,TSVIIR00320,파생심리 예탁금부문,DATA,20,고객예탁대용금액,CUSTOMER_ / DEPOSIT_ / SUBSTITUTE_ / AMOUNT,Float,22,,"고객예탁금 중 대용총액부분 / [장종료 시점 일별잔액, 거래구분코드 23020 사용]",
시장감시,TSVIIR00320,TSVIIR00320,파생심리 예탁금부문,DATA,21,위탁증거금총액부호,TRUST MARGIN_ / TOTAL  / AMOUNT_SIGN,String,1,,추가증거금시 (-) 표시,
시장감시,TSVIIR00320,TSVIIR00320,파생심리 예탁금부문,DATA,22,위탁증거금총액,TRUST  / MARGIN_TOTAL / AMOUNT,Float,22,,장종료 시점 위탁증거금,
시장감시,TSVIIR00401,TSVIIR00401,실제투자자상세주문내역,DATA,1,메세지일련번호,MESSAGE_ / SEQUENCE NUMBER,Long,11,,메세지일련번호,
시장감시,TSVIIR00401,TSVIIR00401,실제투자자상세주문내역,DATA,2,트랜잭션코드,TRANSACTION_ / CODE,String,11,,TSVIIR00213,
시장감시,TSVIIR00401,TSVIIR00401,실제투자자상세주문내역,DATA,3,전송일자,TRANSMIT_DATE,String,8,,YYYYMMDD,
시장감시,TSVIIR00401,TSVIIR00401,실제투자자상세주문내역,DATA,4,시장ID,MARKET_ / IDENTIFICATION,String,3,,"STK : 유가증권, KSQ : 코스닥, KNX : 코넥스",
시장감시,TSVIIR00401,TSVIIR00401,실제투자자상세주문내역,DATA,5,요청일자,REQUEST_DATE,String,8,,거래소의 요청일자(YYYYMMDD),
시장감시,TSVIIR00401,TSVIIR00401,실제투자자상세주문내역,DATA,6,회원번호,MEMBER_NUMBER,String,5,,거래소의 요청회원번호,
시장감시,TSVIIR00401,TSVIIR00401,실제투자자상세주문내역,DATA,7,지점번호,BRANCH_NUMBER,String,5,,거래소의 요청지점번호,
시장감시,TSVIIR00401,TSVIIR00401,실제투자자상세주문내역,DATA,8,계좌번호,ACCOUNT_NUMBER,String,12,,거래소의 요청계좌번호,
시장감시,TSVIIR00401,TSVIIR00401,실제투자자상세주문내역,DATA,9,요청투자자구분코드,REQUEST_INVESTOR_TYPE_CODE,String,1,,거래소의 요청투자자구분코드 / 1:CFD계좌 -> 최종주문PB회원사의  CFD계좌 / 2.:하위계좌 -> 최종주문회원사 대표계좌의 하위계좌,
시장감시,TSVIIR00401,TSVIIR00401,실제투자자상세주문내역,DATA,10,거래소ID,EXCH_ID,String,2,,KR:KRX (거래소) / NX:NXT (넥스트레이드),
시장감시,TSVIIR00401,TSVIIR00401,실제투자자상세주문내역,DATA,11,거래종목코드,TRADING_ / ISSUE_CODE,String,12,,표준코드,
시장감시,TSVIIR00401,TSVIIR00401,실제투자자상세주문내역,DATA,12,거래종목명,TRADING_ / ISSUE_NAME,String,80,,한글(단축) 종목명,
시장감시,TSVIIR00401,TSVIIR00401,실제투자자상세주문내역,DATA,13,거래일자,TRADING_DATE,String,8,,거래발생일(YYYYMMDD),
시장감시,TSVIIR00401,TSVIIR00401,실제투자자상세주문내역,DATA,14,매도매수구분코드,ASK_BID_TYPE_CODE,String,1,,1:매도  2:매수,
시장감시,TSVIIR00401,TSVIIR00401,실제투자자상세주문내역,DATA,15,보드ID,BOARD_ID,String,2,,매매시간중 증권회사가 거래소로 호가제출시 입력된 보드ID / -최종주문(실제주문) 회원사 호가입력사항 / * 별첨_보드ID 매핑 참고 / * 회원사별 보드ID별로 주문ID를 생성하지 않는 경우 '00'으로 넣어도 무방함,
시장감시,TSVIIR00401,TSVIIR00401,실제투자자상세주문내역,DATA,16,주문ID,ORDER_IDENTIFICATION,String,10,,매매시간중 증권회사가 거래소로 호가제출시 입력된 주문ID / -최종주문(실제주문) 회원사 호가입력사항,
시장감시,TSVIIR00401,TSVIIR00401,실제투자자상세주문내역,DATA,17,호가수량,ORDER_QUANTITY,Long,10,,매매시간중 증권회사가 거래소로 호가제출시 입력된 주문수량 / -최종주문(실제주문) 회원사 호가입력사항,
시장감시,TSVIIR00401,TSVIIR00401,실제투자자상세주문내역,DATA,18,계산주체회사명,END_CLIENT_COM_NM,String,100,,계산주체투자자의 계좌개설 회사명 / 1:CFD계좌 -> CFD계좌의 회원사명 / 2.:하위계좌 -> 최종계산주체의 회원사명 (회원사 아닌 경우 회사명),
시장감시,TSVIIR00401,TSVIIR00401,실제투자자상세주문내역,DATA,19,계산주체회원번호,END_CLIENT_MEMBER_NUMBER,String,5,,거래소가 부여한 회원번호 / 1:CFD계좌 -> CFD계좌의 회원번호 / 2.:하위계좌 ->최종계산주체의 회원번호 / *해당이 없는 경우 스페이스,
시장감시,TSVIIR00401,TSVIIR00401,실제투자자상세주문내역,DATA,20,계산주체지점번호,END_CLIENT_BRANCH_NUMBER,String,5,,회원이 거래소에 신고한 지점번호  / 1:CFD계좌 -> CFD계좌 회원사의 지점번호 / 2.:하위계좌 -> 최종계산주체의 회원사 지점번호 / *해당이 없는 경우 스페이스,
시장감시,TSVIIR00401,TSVIIR00401,실제투자자상세주문내역,DATA,21,계산주체계좌번호,END_CLIENT_ACCOUNT_NUMBER,String,50,,매매시간중 증권회사가 거래소로 호가제출시 계좌번호(12자리) / 1:CFD계좌 -> CFD계좌 회원사의 계좌번호 / 2.:하위계좌 -> 최종계산주체의 회원사의 계좌번호(회원사 아닌 경우 최종계산주체를 구분하는 일련번호) / *SIZE만큼 스페이스 오른쪽에 추가,
시장감시,TSVIIR00401,TSVIIR00401,실제투자자상세주문내역,DATA,22,계산주체주문ID,END_CLIENT_ORDER_IDENTIFICATION,String,50,,,
시장감시,TSVIIR00401,TSVIIR00401,실제투자자상세주문내역,DATA,23,계산주체주문시간,END_CLIENT_ORDER_TIME,String,9,,(HHMMSSsss : 1/1000초까지 표시),
시장감시,TSVIIR00401,TSVIIR00401,실제투자자상세주문내역,DATA,24,계산주체주문수량,END_CLIENT_ORDER_QUANTITY,Long,10,,,
시장감시,TSVIIR00401,TSVIIR00401,실제투자자상세주문내역,DATA,25,계산주체주문가격,END_CLIENT_ORDER_PRICE,Float,11,,,
시장감시,TSVIIR00401,TSVIIR00401,실제투자자상세주문내역,DATA,26,계산주체투자자구분코드,END_CLIENT_INVESTOR_TYPE_CODE,String,4,,"매매시간중 증권회사가 거래소로 호가제출시 입력된 투자자구분코드 / -최종주문(실제주문) 회원사 호가입력사항  / 1000:금융투자 / 2000:보험 / 3000:투신 / 3100:사모 / 4000:은행 / 5000:기타금융 / 6000:연기금 / 7000:국가,지자체 / 7100:기타법인 / 8000:개인",
시장감시,TSVIIR00401,TSVIIR00401,실제투자자상세주문내역,DATA,27,계산주체외국인투자자구분코드,END_CLIENT_FOREIGN INVESTOR_TYPE_CODE,String,2,,매매시간중 증권회사가 거래소로 호가제출시 입력된 외국인투자자구분코드 / -최종주문(실제주문) 회원사 호가입력사항 / 00 외국인아님 / (10 외국인(거주)) /   11 식별번호 있는 외국인 (거주) /   12 식별번호 없는 외국인 (거주) / (20 외국인(비거주)) /   21 식별번호 있는 외국인 (비거주) /   22 식별번호 없는 외국인 (비거주),
시장감시,TSVIIR00401,TSVIIR00401,실제투자자상세주문내역,DATA,28,중개사1주문ID,BROKER_1_ORDER_IDENTIFICATION,String,50,,최종계산주체와 최종주문(실제주문) 사이의 주문내역 / -최종주문(실제주문) 바로 직전의 중개사 / (ex. A(최종계산주체) ->bb -> ccc -> DDDD(최종주문) / *해당사항이 없는 경우 스페이스,
시장감시,TSVIIR00401,TSVIIR00401,실제투자자상세주문내역,DATA,29,중개사2주문ID,BROKER_2_ORDER_IDENTIFICATION,String,50,,최종계산주체와 최종주문(실제주문) 사이의 주문내역(중개사가 1개 초과한 경우) / -최종주문(실제주문) 직전 중개사의 직전 / (ex. A(최종계산주체) ->bb -> ccc -> DDDD(최종주문) / *해당사항이 없는 경우 스페이스,
시장감시,TSVIIR00601,TSVIIR00601,투자자식별정보,DATA,1,메세지일련번호,MESSAGE_ / SEQUENCE NUMBER,Long,11,,메세지일련번호,
시장감시,TSVIIR00601,TSVIIR00601,투자자식별정보,DATA,2,트랜잭션코드,TRANSACTION_ / CODE,String,11,,TSVIIR00601,
시장감시,TSVIIR00601,TSVIIR00601,투자자식별정보,DATA,3,전송일자,TRANSMIT_DATE,String,8,,YYYYMMDD,
시장감시,TSVIIR00601,TSVIIR00601,투자자식별정보,DATA,4,회원번호,MEMBER_NUMBER,String,5,,거래소가 부여한 회원번호,
시장감시,TSVIIR00601,TSVIIR00601,투자자식별정보,DATA,5,계좌번호,ACCOUNT_NUMBER,String,12,,거래소로 주문낼때 12자리 계좌번호,
시장감시,TSVIIR00601,TSVIIR00601,투자자식별정보,DATA,6,투자자식별정보,CUSTOMER CRYPTO IDENTIFICATION INFORMATION,String,128,,"투자자의 개인식별번호(주민번호,사업자등록번호,여권번호 등)를 / SHR512 알고리즘으로 변환한 값",
시장감시,TSVIIR00601,TSVIIR00601,투자자식별정보,DATA,7,계좌개설일자,ACCOUNT_ / OPENING_DATE,String,8,,예:YYYYMMDD,
시장감시,TSVIIR00601,TSVIIR00601,투자자식별정보,DATA,8,신규정정구분코드,NEW OR MODIFY _TYPE / CODE,String,1,,1:신규 / 2:정정,
시장감시,TSVIIR00701,TSVIIR00701,회원사계좌번호내역,DATA,1,메세지일련번호,MESSAGE_ / SEQUENCE NUMBER,Long,11,,메세지일련번호,
시장감시,TSVIIR00701,TSVIIR00701,회원사계좌번호내역,DATA,2,트랜잭션코드,TRANSACTION_ / CODE,String,11,,TSVIIR00701,
시장감시,TSVIIR00701,TSVIIR00701,회원사계좌번호내역,DATA,3,전송일자,TRANSMIT_DATE,String,8,,YYYYMMDD,
시장감시,TSVIIR00701,TSVIIR00701,회원사계좌번호내역,DATA,4,요청일자,REQUEST_DATE,String,8,,"YYYYMMDD(실제 요청일자, 전송일자와 동일)",
시장감시,TSVIIR00701,TSVIIR00701,회원사계좌번호내역,DATA,5,회원번호,MEMBER_NUMBER,String,5,,거래소의 요청회원번호,
시장감시,TSVIIR00701,TSVIIR00701,회원사계좌번호내역,DATA,6,회원사계좌번호,MEMBER_ACCOUNT_NUMBER,String,20,,거래소가 요청한 회원사계좌번호,
시장감시,TSVIIR00701,TSVIIR00701,회원사계좌번호내역,DATA,7,계좌번호,ACCOUNT_NUMBER,String,12,,거래소로 주문낼때 12자리 계좌번호 (요청계좌번호가 오류인경우 스페이스 ),
시장감시,TSVIIR00701,TSVIIR00701,회원사계좌번호내역,DATA,8,회원사계좌번호상태구분코드,REQUEST_OFFICIAL_DOCUMENT_NUMBER,String,1,,1:정상 2:해당없음(요청계좌번호가 회원사의 고유계좌번호가 아닌경우),
시장감시,TSVACH00101,TSVACH00101,계좌번호변경 내역,DATA,1,메세지일련번호,MESSAGE_ / SEQUENCE NUMBER,Long,11,,,
시장감시,TSVACH00101,TSVACH00101,계좌번호변경 내역,DATA,2,트랜잭션코드,TRANSACTION_CODE,String,11,,TSVACH00101,
시장감시,TSVACH00101,TSVACH00101,계좌번호변경 내역,DATA,3,회원번호,MEMBER_NUMBER,String,5,,,
시장감시,TSVACH00101,TSVACH00101,계좌번호변경 내역,DATA,4,현물파생구분코드,SPOT_DERIVATION_ / TYPE_CODE,String,1,,"1:현물, 2:파생",
시장감시,TSVACH00101,TSVACH00101,계좌번호변경 내역,DATA,5,일련번호,SEQUENCE_NUMBER,Long,11,,현물/파생 구분코드별 일련번호,
시장감시,TSVACH00101,TSVACH00101,계좌번호변경 내역,DATA,6,변경전 회원번호,BEFORE_CHANGE_ / MEMBER_NUMBER,String,5,,Default : 3항목의 회원번호 / 합병시 : 합병전 회원번호,
시장감시,TSVACH00101,TSVACH00101,계좌번호변경 내역,DATA,7,변경전 지점번호,BEFORE_CHANGE_ / BRANCH_NUMBER,String,5,,,
시장감시,TSVACH00101,TSVACH00101,계좌번호변경 내역,DATA,8,변경전 계좌번호,BEFORE_CHANGE_ / ACCOUNT_NUMBER,String,12,,,
시장감시,TSVACH00101,TSVACH00101,계좌번호변경 내역,DATA,9,변경후 회원번호,AFTER_CHANGE_ / MEMBER_NUMBER,String,5,,Default : 3항목의 회원번호 / 합병시 : 합병후 회원번호,
시장감시,TSVACH00101,TSVACH00101,계좌번호변경 내역,DATA,10,변경후 지점번호,AFTER_CHANGE_ / BRANCH_NUMBER,String,5,,,
시장감시,TSVACH00101,TSVACH00101,계좌번호변경 내역,DATA,11,변경후 계좌번호,AFTER_CHANGE_ / ACCOUNT_NUMBER,String,12,,,
시장감시,TSVACH00101,TSVACH00101,계좌번호변경 내역,DATA,12,적용일자,APPLICATION_DATE,String,8,,변경된 계좌번호가 적용되는 일자,
시장감시,TSVACH00101,TSVACH00101,계좌번호변경 내역,DATA,13,입력일자,INPUT_DATE,String,8,,변경된 계좌번호를 전송하는 일자,
MMLP,TMLHQR00001,TMLHQR00001,ETN LP 정규시장 외 취득/처분 신고,DATA,1,메세지일련번호,MSG_SEQ,long,11,,메세지일련번호,신규
MMLP,TMLHQR00001,TMLHQR00001,ETN LP 정규시장 외 취득/처분 신고,DATA,2,트랜잭션코드,TR_CD,string,11,,TMLHQR00001,신규
MMLP,TMLHQR00001,TMLHQR00001,ETN LP 정규시장 외 취득/처분 신고,DATA,3,전송일자,TRNSM_DD,string,8,,YYYYMMDD / 데이터 생성일자,신규
MMLP,TMLHQR00001,TMLHQR00001,ETN LP 정규시장 외 취득/처분 신고,DATA,4,회원번호,MBR_NO,string,5,,회원의 번호. 시장참가자번호와 동일,신규
MMLP,TMLHQR00001,TMLHQR00001,ETN LP 정규시장 외 취득/처분 신고,DATA,5,시장ID,MKT_ID,string,3,,시장을 식별하기위한 ID,신규
MMLP,TMLHQR00001,TMLHQR00001,ETN LP 정규시장 외 취득/처분 신고,DATA,6,증권그룹ID,SECUGRP_ID,string,2,,"증권그룹ID(주식,투자회사,ETF,ELW,선물,옵션 등)",신규
MMLP,TMLHQR00001,TMLHQR00001,ETN LP 정규시장 외 취득/처분 신고,DATA,7,종목코드,ISU_CD,string,12,,현물/파생/채권/REPO 통합상품의 종목 코드(ISIN종목코드),신규
MMLP,TMLHQR00001,TMLHQR00001,ETN LP 정규시장 외 취득/처분 신고,DATA,8,상장주식수,LIST_SHRS,long,16,,신고 당일의 종목의 상장주식수,신규
MMLP,TMLHQR00001,TMLHQR00001,ETN LP 정규시장 외 취득/처분 신고,DATA,9,당일매수수량,TDD_BID_QTY,long,15,,신고 당일 발생한 정규시장 외(장개시전/장종료후) 매수분 합계수량,신규
MMLP,TMLHQR00001,TMLHQR00001,ETN LP 정규시장 외 취득/처분 신고,DATA,10,당일매도수량,TDD_ASK_QTY,long,15,,신고 당일 발생한 정규시장 외(장개시전/장종료후) 매도분 합계수량,신규
MMLP,TMLHQR00001,TMLHQR00001,ETN LP 정규시장 외 취득/처분 신고,DATA,11,당일증감수량,TDD_INCDEC_QTY,long,15,,유동성공급자의 정규시장 외 공시증감수량 / * 당일매수수량 - 당일매도수량,신규
MMLP,TMLHQR00002,TMLHQR00002,ETN LP 취득/처분수량 정정 신고,DATA,1,메세지일련번호,MSG_SEQ,long,11,,메세지일련번호,신규
MMLP,TMLHQR00002,TMLHQR00002,ETN LP 취득/처분수량 정정 신고,DATA,2,트랜잭션코드,TR_CD,string,11,,TMLHQR00002,신규
MMLP,TMLHQR00002,TMLHQR00002,ETN LP 취득/처분수량 정정 신고,DATA,3,전송일자,TRNSM_DD,string,8,,YYYYMMDD / 데이터 생성일자,신규
MMLP,TMLHQR00002,TMLHQR00002,ETN LP 취득/처분수량 정정 신고,DATA,4,회원번호,MBR_NO,string,5,,MM/LP 계약 회원사 번호. 시장참가자번호와 동일,신규
MMLP,TMLHQR00002,TMLHQR00002,ETN LP 취득/처분수량 정정 신고,DATA,5,시장ID,MKT_ID,string,3,,시장을 식별하기위한 ID,신규
MMLP,TMLHQR00002,TMLHQR00002,ETN LP 취득/처분수량 정정 신고,DATA,6,증권그룹ID,SECUGRP_ID,string,2,,"증권그룹ID(주식,투자회사,ETF,ELW,선물,옵션 등)",신규
MMLP,TMLHQR00002,TMLHQR00002,ETN LP 취득/처분수량 정정 신고,DATA,7,종목코드,ISU_CD,string,12,,현물/파생/채권/REPO 통합상품의 종목 코드(ISIN종목코드),신규
MMLP,TMLHQR00002,TMLHQR00002,ETN LP 취득/처분수량 정정 신고,DATA,8,정정전당일LP보유기준수량,BFMOD_TDD_LP_HD_BAS_QTY,long,15,,정정전당일LP보유기준수량 / * 정정전전일LP보유수량 + 정정전당일LP보유증가수량 + 정정전당일LP보유감소수량,신규
MMLP,TMLHQR00002,TMLHQR00002,ETN LP 취득/처분수량 정정 신고,DATA,9,정정전LP보유비율,BFMOD_LP_HD_RTO,float,7,,정정전LP보유비율 / * 보유 비율은 소수 셋째 자리에서 반올림하여 둘재자리까지 기재,신규
MMLP,TMLHQR00002,TMLHQR00002,ETN LP 취득/처분수량 정정 신고,DATA,10,정정전전일LP보유수량,BFMOD_PREVDD_LP_HD_QTY,long,15,,정정전전일LP보유수량 / * 신고일 기준 전영업일의 정정전 최종 LP보유수량,신규
MMLP,TMLHQR00002,TMLHQR00002,ETN LP 취득/처분수량 정정 신고,DATA,11,정정전당일LP보유증가수량,BFMOD_TDD_LP_HD_INC_QTY,long,15,,회원사는 '0'으로 거래소 전달 /  / 정정전당일LP보유증가수량(추가상장) / * 추가상장에 따른 변경상장일이 신고 당일인 수량을 기재,신규
MMLP,TMLHQR00002,TMLHQR00002,ETN LP 취득/처분수량 정정 신고,DATA,12,정정전당일LP보유감소수량,BFMOD_TDD_LP_HD_DEC_QTY,long,15,,회원사는 '0'으로 거래소 전달 /  / 정정전당일LP보유감소수량(중도상환) / * 중도상환에 따른 변경상장일이 신고 당일인 수량을 기재 / * 음수(-)값으로 기재,신규
MMLP,TMLHQR00002,TMLHQR00002,ETN LP 취득/처분수량 정정 신고,DATA,13,정정후당일LP보유기준수량,AFMOD_TDD_LP_HD_BAS_QTY,long,15,,정정후당일LP보유기준수량 / * 정정후전일LP보유수량 + 정정후당일LP보유증가수량 + 정정후당일LP보유감소수량,신규
MMLP,TMLHQR00002,TMLHQR00002,ETN LP 취득/처분수량 정정 신고,DATA,14,정정후LP보유비율,AFMOD_LP_HD_RTO,float,7,,정정후LP보유비율 / * 보유 비율은 소수 셋째 자리에서 반올림하여 둘재자리까지 기재,신규
MMLP,TMLHQR00002,TMLHQR00002,ETN LP 취득/처분수량 정정 신고,DATA,15,정정후전일LP보유수량,AFMOD_PREVDD_LP_HD_QTY,long,15,,정정후전일LP보유수량 / * 신고일 기준 전영업일의 정정후 최종 LP보유수량,신규
MMLP,TMLHQR00002,TMLHQR00002,ETN LP 취득/처분수량 정정 신고,DATA,16,정정후당일LP보유증가수량,AFMOD_TDD_LP_HD_INC_QTY,long,15,,회원사는 '0'으로 거래소 전달 /  / 정정후당일LP보유증가수량(추가상장) / * 추가상장에 따른 변경상장일이 신고 당일인 수량을 기재,신규
MMLP,TMLHQR00002,TMLHQR00002,ETN LP 취득/처분수량 정정 신고,DATA,17,정정후당일LP보유감소수량,AFMOD_TDD_LP_HD_DEC_QTY,long,15,,회원사는 '0'으로 거래소 전달 /  / 정정후당일LP보유감소수량(중도상환) / * 중도상환에 따른 변경상장일이 신고 당일인 수량을 기재 / * 음수(-)값으로 기재,신규
MMLP,TMLHQR00002,TMLHQR00002,ETN LP 취득/처분수량 정정 신고,DATA,18,정정사유,MOD_RSN,string,400,,정정사유,신규
MMLP,TMLHQR00003,TMLHQR00003,주식 시장조성 일별 보유량 신고,DATA,1,메세지일련번호,MSG_SEQ,long,11,,메세지일련번호,신규
MMLP,TMLHQR00003,TMLHQR00003,주식 시장조성 일별 보유량 신고,DATA,2,트랜잭션코드,TR_CD,string,11,,TMLHQR00003,신규
MMLP,TMLHQR00003,TMLHQR00003,주식 시장조성 일별 보유량 신고,DATA,3,전송일자,TRNSM_DD,string,8,,YYYYMMDD / 데이터 생성일자,신규
MMLP,TMLHQR00003,TMLHQR00003,주식 시장조성 일별 보유량 신고,DATA,4,회원번호,MBR_NO,string,5,,MM/LP 계약 회원사 번호. 시장참가자번호와 동일,신규
MMLP,TMLHQR00003,TMLHQR00003,주식 시장조성 일별 보유량 신고,DATA,5,시장ID,MKT_ID,string,3,,시장을 식별하기위한 ID,신규
MMLP,TMLHQR00003,TMLHQR00003,주식 시장조성 일별 보유량 신고,DATA,6,종목코드,ISU_CD,string,12,,현물/파생/채권/REPO 통합상품의 종목 코드(ISIN종목코드),신규
MMLP,TMLHQR00003,TMLHQR00003,주식 시장조성 일별 보유량 신고,DATA,7,장내변동수량,LGLMKT_CHG_QTY,long,15,,보유수량 변동분-장내:정규시간에 순매수 변동분 수량,신규
MMLP,TMLHQR00003,TMLHQR00003,주식 시장조성 일별 보유량 신고,DATA,8,장외차입변동수량,OTC_LOAN_CHG_QTY,long,15,,보유수량 변동분-장외(차입):대차거래를 통해 증가한 수량-상환으로 감소한 수량,신규
MMLP,TMLHQR00003,TMLHQR00003,주식 시장조성 일별 보유량 신고,DATA,9,장외차입제외변동수량,OTC_LOAN_EXCLD_CHG_QTY,long,15,,보유수량 변동분-장외(그외):차입변동수량 이외의 주식배당 등 기업이벤트로 인한 증감수량,신규
MMLP,TMLHQR00003,TMLHQR00003,주식 시장조성 일별 보유량 신고,DATA,10,일반잔고수량,BAS_GEN_BAL_QTY,long,15,,기준일(신고일 기준 전영업일) 일반 잔고 수량 / * 전일(신고일 기준 전전영업일) 일반잔고수량 + 장내변동수량 + 장외차입제외변동수량,신규
MMLP,TMLHQR00003,TMLHQR00003,주식 시장조성 일별 보유량 신고,DATA,11,차입잔고수량,BAS_LOAN_BAL_QTY,long,15,,기준일(신고일 기준 전영업일) 차입 잔고 수량 / * 전일(신고일 기준 전전영업일) 차입잔고수량 + 장외차입변동수량,신규
MMLP,TMLHQR00003,TMLHQR00003,주식 시장조성 일별 보유량 신고,DATA,12,잔고합계수량,BAS_BAL_AGG_QTY,long,15,,기준일(신고일 기준 전영업일) 잔고합계 수량 / * 일반잔고수량 + 차입잔고수량,신규
